% Organization: Ocean Networks Canada Society,,,,,,,,,,,,,,,,,,,,,,,,,,,,,,,,,,,,,,,,,,,,,,,,,,,,,,,,,,,,,,,,,,,
"% Dataset Name: Ten years (2006-2016) of oceanographic temperature, salinity, pressure, density and dissolved oxygen data from the Saanich Inlet cabled observatory",,,,,,,,,,,,,,,,,,,,,,,,,,,,,,,,,,,,,,,,,,,,,,,,,,,,,,,,,,,,,,,,,,,
% Location: Salish Sea > Saanich Inlet > Patricia Bay,,,,,,,,,,,,,,,,,,,,,,,,,,,,,,,,,,,,,,,,,,,,,,,,,,,,,,,,,,,,,,,,,,,
% Latitude (decimal degrees N): 48.6513,,,,,,,,,,,,,,,,,,,,,,,,,,,,,,,,,,,,,,,,,,,,,,,,,,,,,,,,,,,,,,,,,,,
% Longitude (decimal degrees W): 123.4863,,,,,,,,,,,,,,,,,,,,,,,,,,,,,,,,,,,,,,,,,,,,,,,,,,,,,,,,,,,,,,,,,,,
% Platform: VENUS Instrument Platform,,,,,,,,,,,,,,,,,,,,,,,,,,,,,,,,,,,,,,,,,,,,,,,,,,,,,,,,,,,,,,,,,,,
% Platform Depth: 96m,,,,,,,,,,,,,,,,,,,,,,,,,,,,,,,,,,,,,,,,,,,,,,,,,,,,,,,,,,,,,,,,,,,
% Description: Saanich Inlet Hourly Bin-averaged Data,,,,,,,,,,,,,,,,,,,,,,,,,,,,,,,,,,,,,,,,,,,,,,,,,,,,,,,,,,,,,,,,,,,
% Variables: Absolute Salinity (reference salinity = 0), Density, Oxygen in ml/l and umol/kg, Potential Temperature(relative to 0 decibar), Practical Salinity, Pressure, Pressure leveled using 96 decibar, Sigma-t, Sigma-theta relative to 0 decibars, Temperature,,,,,,,,,,,,,,,,,,,,,,,,,,,,,,,,,,,,,,,,,,,,,,,,,,,,,,,,,,
% Gaps: Data gaps are represented by NaN,,,,,,,,,,,,,,,,,,,,,,,,,,,,,,,,,,,,,,,,,,,,,,,,,,,,,,,,,,,,,,,,,,,
% QAQC: Averaged data and statistics use only clean data,,,,,,,,,,,,,,,,,,,,,,,,,,,,,,,,,,,,,,,,,,,,,,,,,,,,,,,,,,,,,,,,,,,
% TimeStamp_standard: ISO-8601 - yyyy-mm-yyTHH:MM:SS.FFFZ,,,,,,,,,,,,,,,,,,,,,,,,,,,,,,,,,,,,,,,,,,,,,,,,,,,,,,,,,,,,,,,,,,,
% Creation Date:2019-04-17T12:14:50,,,,,,,,,,,,,,,,,,,,,,,,,,,,,,,,,,,,,,,,,,,,,,,,,,,,,,,,,,,,,,,,,,,
% Date Format: yyyy-mm-ddTHH:MM:SS.FFF [UTC],,,,,,,,,,,,,,,,,,,,,,,,,,,,,,,,,,,,,,,,,,,,,,,,,,,,,,,,,,,,,,,,,,,
% Current File Start Date: 2016-01-01T00:30:00.000,,,,,,,,,,,,,,,,,,,,,,,,,,,,,,,,,,,,,,,,,,,,,,,,,,,,,,,,,,,,,,,,,,,
% Current File End Date: 2016-02-07T23:30:00.000,,,,,,,,,,,,,,,,,,,,,,,,,,,,,,,,,,,,,,,,,,,,,,,,,,,,,,,,,,,,,,,,,,,
% Time Stamp , Deloyment Number , Absolute Salinity Averaged Data , Absolute Salinity Minimum , Absolute Salinity Maximum , Absolute Salinity Standard Deviation , Absolute Salinity Number Data Averaged , Absolute Salinity Standard Error , Density Averaged Data , Density Minimum , Density Maximum , Density Standard Deviation , Density Number Data Averaged , Density Standard Error , Oxygen Concentration mll Averaged Data , Oxygen Concentration mll Minimum , Oxygen Concentration mll Maximum , Oxygen Concentration mll Standard Deviation , Oxygen Concentration mll Number Data Averaged , Oxygen Concentration mll Standard Error , Oxygen Concentration umolkg Averaged Data , Oxygen Concentration umolkg Minimum , Oxygen Concentration umolkg Maximum , Oxygen Concentration umolkg Standard Deviation , Oxygen Concentration umolkg Number Data Averaged , Oxygen Concentration umolkg Standard Error , Potential Temperature 0 db Averaged Data , Potential Temperature 0 db Minimum , Potential Temperature 0 db Maximum , Potential Temperature 0 db Standard Deviation , Potential Temperature 0 db Number Data Averaged , Potential Temperature 0 db Standard Error , Practical Salinity Averaged Data , Practical Salinity Minimum , Practical Salinity Maximum , Practical Salinity Standard Deviation , Practical Salinity Number Data Averaged , Practical Salinity Standard Error , Pressure Averaged Data , Pressure Minimum , Pressure Maximum , Pressure Standard Deviation , Pressure Number Data Averaged , Pressure Standard Error , Pressure leveled Averaged Data , Pressure leveled Minimum , Pressure leveled Maximum , Pressure leveled Standard Deviation , Pressure leveled Number Data Averaged , Pressure leveled Standard Error , Sigma t Averaged Data , Sigma t Minimum , Sigma t Maximum , Sigma t Standard Deviation , Sigma t Number Data Averaged , Sigma t Standard Error , Sigma theta 0 dbar Averaged Data , Sigma theta 0 dbar Minimum , Sigma theta 0 dbar Maximum , Sigma theta 0 dbar Standard Deviation , Sigma theta 0 dbar Number Data Averaged , Sigma theta 0 dbar Standard Error , Temperature Averaged Data , Temperature Minimum , Temperature Maximum , Temperature Standard Deviation , Temperature Number Data Averaged , Temperature Standard Error
%  , , g/kg , g/kg , g/kg , g/kg ,  , g/kg , kg/m^3 , kg/m^3 , kg/m^3 , kg/m^3 ,  , kg/m^3 , ml/l , ml/l , ml/l , ml/l ,  , ml/l , umol/kg , umol/kg , umol/kg , umol/kg ,  , umol/kg , degrees C , degrees C , degrees C , degrees C ,  , degrees C , psu , psu , psu , psu ,  , psu , decibar , decibar , decibar , decibar ,  , decibar , decibar , decibar , decibar , decibar ,  , decibar , kg/m^3 , kg/m^3 , kg/m^3 , kg/m^3 ,  , kg/m^3 , kg/m^3 , kg/m^3 , kg/m^3 , kg/m^3 ,  , kg/m^3 , degrees C , degrees C , degrees C , degrees C ,  , degrees C\n
% UTC , , TEOS-10 , TEOS-10 , TEOS-10 , TEOS-10 ,  , TEOS-10 , EOS-80 , EOS-80 , EOS-80 , EOS-80 ,  , EOS-80 ,  ,  ,  ,  ,  ,  ,  ,  ,  ,  ,  ,  , ITS-90 , ITS-90 , ITS-90 , ITS-90 ,  , ITS-90 , PSS-78 , PSS-78 , PSS-78 , PSS-78 ,  , PSS-78 , Sea-level , Sea-level , Sea-level , Sea-level ,  , Sea-level , Sea-level , Sea-level , Sea-level , Sea-level ,  , Sea-level , EOS-80 , EOS-80 , EOS-80 , EOS-80 ,  , EOS-80 , EOS-80 , EOS-80 , EOS-80 , EOS-80 ,  , EOS-80 , ITS-90 , ITS-90 , ITS-90 , ITS-90 ,  , ITS-90\n
% , , sea_water_absolute_salinity , sea_water_absolute_salinity , sea_water_absolute_salinity , sea_water_absolute_salinity ,  , sea_water_absolute_salinity , sea_water_density , sea_water_density , sea_water_density , sea_water_density ,  , sea_water_density ,  ,  ,  ,  ,  ,  ,  ,  ,  ,  ,  ,  , sea_water_potential_temperature , sea_water_potential_temperature , sea_water_potential_temperature , sea_water_potential_temperature ,  , sea_water_potential_temperature , sea_water_practical_salinity , sea_water_practical_salinity , sea_water_practical_salinity , sea_water_practical_salinity ,  , sea_water_practical_salinity , sea_water_pressure , sea_water_pressure , sea_water_pressure , sea_water_pressure ,  , sea_water_pressure ,  ,  ,  ,  ,  ,  , sea_water_sigma_t , sea_water_sigma_t , sea_water_sigma_t , sea_water_sigma_t ,  , sea_water_sigma_t , sea_water_sigma_theta , sea_water_sigma_theta , sea_water_sigma_theta , sea_water_sigma_theta ,  , sea_water_sigma_theta , sea_water_temperature , sea_water_temperature , sea_water_temperature , sea_water_temperature ,  , sea_water_temperature\n
2016-01-01T00:30:00.000 ,23,31.0352,31.0239,31.0467,0.005,60,0.0006,1024.2011,1024.1922,1024.2103,0.0039,60,0.0005,0.6112,0.5405,0.6685,0.0315,60,0.0041,26.6533,23.5683,29.1518,1.3723,60,0.1772,9.8284,9.8267,9.8304,0.0007,60,0.0001,30.8859,30.8747,30.8974,0.005,60,0.0006,95.2859,95.261,95.319,0.0163,60,0.0021,95.6505,95.6256,95.6836,0.0163,60,0.0021,23.7674,23.7586,23.7767,0.004,60,0.0005,23.7691,23.7602,23.7783,0.004,60,0.0005,9.8387,9.837,9.8407,0.0007,60,0.0001
2016-01-01T01:30:00.000 ,23,31.0452,31.0292,31.0622,0.0079,60,0.001,1024.209,1024.1966,1024.2227,0.0063,60,0.0008,0.5599,0.4539,0.6469,0.0471,60,0.0061,24.4143,19.794,28.21,2.0546,60,0.2652,9.8276,9.8246,9.8295,0.0012,60,0.0002,30.8959,30.88,30.9128,0.0079,60,0.001,95.2764,95.258,95.314,0.0173,60,0.0022,95.641,95.6226,95.6786,0.0173,60,0.0022,23.7754,23.7628,23.789,0.0063,60,0.0008,23.777,23.7644,23.7907,0.0063,60,0.0008,9.8379,9.8349,9.8398,0.0012,60,0.0002
2016-01-01T02:30:00.000 ,23,31.0345,31.0115,31.0586,0.0108,60,0.0014,1024.2011,1024.1834,1024.2202,0.0085,60,0.0011,0.6098,0.483,0.7161,0.057,60,0.0074,26.5927,21.063,31.2279,2.4865,60,0.321,9.8274,9.8246,9.8299,0.0011,60,0.0001,30.8852,30.8623,30.9092,0.0107,60,0.0014,95.3676,95.316,95.421,0.0308,60,0.004,95.7323,95.6806,95.7856,0.0308,60,0.004,23.7671,23.7491,23.7862,0.0085,60,0.0011,23.7687,23.7508,23.7879,0.0085,60,0.0011,9.8378,9.8349,9.8402,0.0011,60,0.0001
2016-01-01T03:30:00.000 ,23,30.9938,30.9391,31.0223,0.0248,60,0.0032,1024.1706,1024.1301,1024.1922,0.0184,60,0.0024,0.8246,0.6851,1.1197,0.1303,60,0.0168,35.9587,29.8734,48.8275,5.6829,60,0.7337,9.8238,9.8124,9.8293,0.0051,60,0.0007,30.8447,30.7903,30.8731,0.0247,60,0.0032,95.4635,95.426,95.489,0.017,60,0.0022,95.8281,95.7906,95.8536,0.017,60,0.0022,23.736,23.6954,23.7577,0.0185,60,0.0024,23.7377,23.6971,23.7594,0.0185,60,0.0024,9.8341,9.8227,9.8396,0.0051,60,0.0007
2016-01-01T04:30:00.000 ,23,30.9428,30.9155,30.963,0.0077,60,0.001,1024.1336,1024.1145,1024.1479,0.0054,60,0.0007,1.0996,1.0003,1.2025,0.0366,60,0.0047,47.95,43.6222,52.4417,1.5967,60,0.2061,9.8096,9.7975,9.8186,0.0037,60,0.0005,30.794,30.7668,30.8141,0.0077,60,0.001,95.5232,95.488,95.543,0.0173,60,0.0022,95.8878,95.8526,95.9076,0.0173,60,0.0022,23.6987,23.6795,23.7132,0.0055,60,0.0007,23.7004,23.6811,23.7149,0.0055,60,0.0007,9.8199,9.8078,9.8289,0.0037,60,0.0005
2016-01-01T05:30:00.000 ,23,30.9173,30.8851,30.9644,0.0168,60,0.0022,1024.1156,1024.0923,1024.1501,0.0122,60,0.0016,1.2402,1.0538,1.4273,0.0884,60,0.0114,54.0857,45.9549,62.2425,3.8567,60,0.4979,9.7986,9.7875,9.8113,0.0053,60,0.0007,30.7686,30.7365,30.8155,0.0167,60,0.0022,95.5095,95.485,95.535,0.0146,60,0.0019,95.8741,95.8496,95.8996,0.0146,60,0.0019,23.6807,23.6573,23.7153,0.0122,60,0.0016,23.6823,23.659,23.717,0.0122,60,0.0016,9.8089,9.7978,9.8216,0.0053,60,0.0007
2016-01-01T06:30:00.000 ,23,30.8819,30.8747,30.9056,0.0077,60,0.001,1024.0898,1024.0842,1024.1071,0.0058,60,0.0007,1.4117,1.2964,1.4565,0.0418,60,0.0054,61.5644,56.5373,63.5204,1.822,60,0.2352,9.7861,9.7811,9.7962,0.0039,60,0.0005,30.7334,30.7262,30.7569,0.0077,60,0.001,95.4284,95.349,95.486,0.0418,60,0.0054,95.793,95.7136,95.8506,0.0418,60,0.0054,23.6552,23.6499,23.6723,0.0056,60,0.0007,23.6569,23.6516,23.6739,0.0056,60,0.0007,9.7964,9.7914,9.8065,0.0039,60,0.0005
2016-01-01T07:30:00.000 ,23,30.9859,30.8844,31.0237,0.0434,60,0.0056,1024.1646,1024.091,1024.1919,0.0316,60,0.0041,0.8799,0.6819,1.4204,0.2371,60,0.0306,38.3689,29.7358,61.9423,10.3386,60,1.3347,9.8173,9.7877,9.8291,0.0116,60,0.0015,30.8368,30.7358,30.8745,0.0432,60,0.0056,95.2525,95.161,95.342,0.054,60,0.007,95.6171,95.5256,95.7066,0.054,60,0.007,23.7309,23.6569,23.7587,0.0319,60,0.0041,23.7326,23.6585,23.7604,0.0319,60,0.0041,9.8276,9.798,9.8394,0.0116,60,0.0015
2016-01-01T08:30:00.000 ,23,31.0172,30.9963,31.0416,0.0131,60,0.0017,1024.1874,1024.1719,1024.2056,0.0096,60,0.0012,0.7173,0.6014,0.8243,0.0697,60,0.009,31.2788,26.2222,35.9439,3.0418,60,0.3927,9.8212,9.8126,9.8281,0.0049,60,0.0006,30.8681,30.8472,30.8923,0.013,60,0.0017,95.0605,94.979,95.155,0.0531,60,0.0069,95.4252,95.3436,95.5196,0.0531,60,0.0069,23.7547,23.7394,23.7728,0.0094,60,0.0012,23.7563,23.741,23.7744,0.0094,60,0.0012,9.8315,9.8229,9.8384,0.0049,60,0.0006
2016-01-01T09:30:00.000 ,23,30.9698,30.9258,31.0005,0.0202,60,0.0026,1024.1514,1024.1182,1024.1738,0.0152,60,0.002,0.9552,0.8043,1.1795,0.1034,60,0.0134,41.6539,35.0723,51.4356,4.5113,60,0.5824,9.8122,9.805,9.8202,0.0042,60,0.0005,30.8208,30.7771,30.8514,0.0201,60,0.0026,94.913,94.848,94.979,0.0392,60,0.0051,95.2776,95.2126,95.3436,0.0392,60,0.0051,23.7193,23.6861,23.742,0.0152,60,0.002,23.7209,23.6877,23.7436,0.0152,60,0.002,9.8225,9.8152,9.8305,0.0042,60,0.0005
2016-01-01T10:30:00.000 ,23,31.0146,30.9715,31.0703,0.0303,60,0.0039,1024.1848,1024.1514,1024.2284,0.0237,60,0.0031,0.7437,0.5154,0.9393,0.1355,60,0.0175,32.4283,22.4717,40.9608,5.9084,60,0.7628,9.8176,9.8122,9.8212,0.0026,60,0.0003,30.8655,30.8225,30.9209,0.0301,60,0.0039,94.8017,94.773,94.849,0.0229,60,0.003,95.1663,95.1376,95.2136,0.0229,60,0.003,23.7532,23.7197,23.7969,0.0238,60,0.0031,23.7549,23.7213,23.7986,0.0238,60,0.0031,9.8278,9.8224,9.8314,0.0026,60,0.0003
2016-01-01T11:30:00.000 ,23,31.0139,31.003,31.0313,0.0073,60,0.0009,1024.1815,1024.1738,1024.1959,0.006,60,0.0008,0.7008,0.6301,0.767,0.0394,60,0.0051,30.5575,27.478,33.446,1.719,60,0.2219,9.8351,9.8213,9.8441,0.0071,60,0.0009,30.8647,30.8539,30.8821,0.0073,60,0.0009,94.8345,94.78,94.91,0.0403,60,0.0052,95.1992,95.1446,95.2746,0.0403,60,0.0052,23.7498,23.7423,23.764,0.0059,60,0.0008,23.7515,23.7439,23.7657,0.0059,60,0.0008,9.8454,9.8315,9.8544,0.0071,60,0.0009
2016-01-01T12:30:00.000 ,23,31.0401,31.015,31.0533,0.0078,60,0.001,1024.2046,1024.1845,1024.2149,0.0063,60,0.0008,0.5931,0.5373,0.7188,0.0391,60,0.005,25.8626,23.4309,31.344,1.7048,60,0.2201,9.8235,9.822,9.8256,0.0008,60,0.0001,30.8908,30.8658,30.9039,0.0077,60,0.001,95.0375,94.913,95.196,0.0835,60,0.0108,95.4022,95.2776,95.5606,0.0835,60,0.0108,23.772,23.7524,23.7823,0.006,60,0.0008,23.7737,23.7541,23.784,0.006,60,0.0008,9.8338,9.8323,9.8359,0.0008,60,0.0001
2016-01-01T13:30:00.000 ,23,31.0323,30.9952,31.0516,0.0161,60,0.0021,1024.1999,1024.1726,1024.2141,0.0118,60,0.0015,0.6204,0.5361,0.8029,0.0739,60,0.0095,27.0541,23.3783,35.0118,3.2212,60,0.4159,9.8248,9.8194,9.8273,0.0023,60,0.0003,30.883,30.8461,30.9022,0.016,60,0.0021,95.3819,95.2,95.567,0.1079,60,0.0139,95.7466,95.5646,95.9316,0.1079,60,0.0139,23.7658,23.7378,23.7808,0.0122,60,0.0016,23.7674,23.7395,23.7824,0.0122,60,0.0016,9.8351,9.8297,9.8376,0.0023,60,0.0003
2016-01-01T14:30:00.000 ,23,31.0001,30.9644,31.0845,0.038,60,0.0049,1024.1772,1024.1496,1024.244,0.0299,60,0.0039,0.7933,0.4208,0.96,0.1744,60,0.0225,34.5932,18.3472,41.8631,7.6052,60,0.9818,9.8213,9.8183,9.8273,0.0021,60,0.0003,30.851,30.8155,30.935,0.0379,60,0.0049,95.7595,95.572,95.947,0.1095,60,0.0141,96.1241,95.9366,96.3116,0.1095,60,0.0141,23.7413,23.7136,23.8073,0.0295,60,0.0038,23.743,23.7153,23.8089,0.0295,60,0.0038,9.8316,9.8286,9.8376,0.0021,60,0.0003
2016-01-01T15:30:00.000 ,23,31.066,31.0069,31.1101,0.0405,60,0.0052,1024.2298,1024.1838,1024.2645,0.0319,60,0.0041,0.4954,0.3269,0.7412,0.1593,60,0.0206,21.6019,14.2551,32.3191,6.9461,60,0.8967,9.823,9.8169,9.833,0.0058,60,0.0008,30.9166,30.8577,30.9604,0.0403,60,0.0052,96.1397,95.955,96.305,0.1049,60,0.0135,96.5043,96.3196,96.6696,0.1049,60,0.0135,23.7922,23.7455,23.8273,0.0324,60,0.0042,23.7939,23.7472,23.829,0.0324,60,0.0042,9.8334,9.8273,9.8434,0.0058,60,0.0008
2016-01-01T16:30:00.000 ,23,31.0265,30.9849,31.0597,0.023,60,0.003,1024.2006,1024.1688,1024.2275,0.0182,60,0.0024,0.6606,0.5259,0.8445,0.1009,60,0.013,28.8071,22.9296,36.8281,4.3999,60,0.568,9.8227,9.817,9.8334,0.0047,60,0.0006,30.8773,30.8358,30.9103,0.0229,60,0.003,96.4503,96.313,96.577,0.0811,60,0.0105,96.8149,96.6776,96.9416,0.0811,60,0.0105,23.7616,23.7299,23.7882,0.018,60,0.0023,23.7632,23.7316,23.7898,0.018,60,0.0023,9.8332,9.8274,9.8438,0.0047,60,0.0006
2016-01-01T17:30:00.000 ,23,31.0125,30.9876,31.0494,0.0148,60,0.0019,1024.1909,1024.1718,1024.2192,0.0114,60,0.0015,0.7239,0.5799,0.8234,0.0628,60,0.0081,31.5656,25.2869,35.9073,2.7396,60,0.3537,9.8212,9.8188,9.8253,0.0019,60,0.0002,30.8633,30.8385,30.9,0.0147,60,0.0019,96.6678,96.582,96.731,0.0448,60,0.0058,97.0324,96.9466,97.0956,0.0448,60,0.0058,23.7509,23.7319,23.779,0.0113,60,0.0015,23.7526,23.7336,23.7806,0.0113,60,0.0015,9.8317,9.8292,9.8358,0.0019,60,0.0002
2016-01-01T18:30:00.000 ,23,31.0339,30.9985,31.0623,0.0185,60,0.0024,1024.2073,1024.1802,1024.2296,0.0143,60,0.0018,0.6216,0.5026,0.7831,0.0824,60,0.0106,27.1045,21.916,34.1482,3.5937,60,0.464,9.8243,9.8214,9.8264,0.0013,60,0.0002,30.8846,30.8494,30.9129,0.0184,60,0.0024,96.7196,96.679,96.741,0.0188,60,0.0024,97.0842,97.0436,97.1056,0.0188,60,0.0024,23.7671,23.74,23.7893,0.0143,60,0.0018,23.7687,23.7417,23.791,0.0143,60,0.0018,9.8347,9.8319,9.8369,0.0013,60,0.0002
2016-01-01T19:30:00.000 ,23,30.9855,30.9703,31.0335,0.0152,60,0.002,1024.1693,1024.1578,1024.2059,0.0116,60,0.0015,0.8476,0.6267,0.9195,0.0671,60,0.0087,36.9609,27.3289,40.0983,2.9248,60,0.3776,9.8234,9.8215,9.8252,0.0008,60,0.0001,30.8364,30.8213,30.8842,0.0151,60,0.002,96.577,96.453,96.673,0.0639,60,0.0082,96.9417,96.8176,97.0376,0.0639,60,0.0082,23.7296,23.718,23.7669,0.0118,60,0.0015,23.7313,23.7197,23.7686,0.0118,60,0.0015,9.8338,9.8319,9.8356,0.0008,60,0.0001
2016-01-01T20:30:00.000 ,23,31.0609,31.014,31.1122,0.0272,60,0.0035,1024.2264,1024.1906,1024.2669,0.0214,60,0.0028,0.5117,0.3189,0.686,0.1011,60,0.0131,22.3119,13.9066,29.9121,4.4093,60,0.5692,9.8238,9.8137,9.8292,0.0048,60,0.0006,30.9115,30.8648,30.9625,0.0271,60,0.0035,96.2988,96.143,96.456,0.0932,60,0.012,96.6634,96.5076,96.8206,0.0932,60,0.012,23.7881,23.7516,23.8292,0.0218,60,0.0028,23.7898,23.7533,23.8309,0.0218,60,0.0028,9.8342,9.8241,9.8396,0.0048,60,0.0006
2016-01-01T21:30:00.000 ,23,31.1294,31.0955,31.1504,0.0176,60,0.0023,1024.2801,1024.2521,1024.2972,0.0144,60,0.0019,0.2636,0.2002,0.3647,0.054,60,0.007,11.4941,8.7287,15.9027,2.3545,60,0.304,9.8109,9.8016,9.8253,0.0074,60,0.001,30.9796,30.9459,31.0006,0.0175,60,0.0023,95.9725,95.801,96.136,0.1001,60,0.0129,96.3372,96.1656,96.5006,0.1001,60,0.0129,23.8433,23.8147,23.8612,0.0148,60,0.0019,23.845,23.8164,23.8629,0.0148,60,0.0019,9.8213,9.812,9.8357,0.0074,60,0.001
2016-01-01T22:30:00.000 ,23,31.1342,31.1198,31.1523,0.0109,60,0.0014,1024.2816,1024.2681,1024.2985,0.0102,60,0.0013,0.2316,0.1927,0.2604,0.0224,60,0.0029,10.0972,8.401,11.3563,0.9787,60,0.1263,9.815,9.8012,9.8272,0.0084,60,0.0011,30.9844,30.9701,31.0024,0.0108,60,0.0014,95.6254,95.477,95.794,0.0944,60,0.0122,95.99,95.8416,96.1586,0.0944,60,0.0122,23.8464,23.8333,23.8626,0.0098,60,0.0013,23.8481,23.835,23.8642,0.0098,60,0.0013,9.8253,9.8116,9.8375,0.0084,60,0.0011
2016-01-01T23:30:00.000 ,23,31.1097,31.0947,31.1295,0.0111,60,0.0014,1024.2586,1024.2443,1024.2768,0.01,60,0.0013,0.2918,0.2413,0.3338,0.0319,60,0.0041,12.7216,10.5223,14.5552,1.3894,60,0.1794,9.8318,9.8173,9.8484,0.0077,60,0.001,30.96,30.9451,30.9798,0.011,60,0.0014,95.3451,95.227,95.473,0.074,60,0.0096,95.7097,95.5916,95.8376,0.074,60,0.0096,23.8247,23.8104,23.8425,0.0097,60,0.0012,23.8264,23.8121,23.8441,0.0097,60,0.0012,9.8421,9.8276,9.8587,0.0077,60,0.001
2016-01-02T00:30:00.000 ,23,31.087,31.0655,31.1077,0.0099,60,0.0013,1024.2407,1024.2244,1024.2567,0.007,60,0.0009,0.3882,0.303,0.4801,0.0515,60,0.0067,16.9257,13.2137,20.9344,2.2476,60,0.2902,9.8285,9.82,9.8443,0.0084,60,0.0011,30.9375,30.9161,30.9581,0.0098,60,0.0013,95.1362,95.062,95.223,0.0462,60,0.006,95.5009,95.4266,95.5876,0.0462,60,0.006,23.8077,23.7917,23.8234,0.0069,60,0.0009,23.8093,23.7934,23.8251,0.0069,60,0.0009,9.8388,9.8303,9.8546,0.0084,60,0.0011
2016-01-02T01:30:00.000 ,23,31.065,31.0394,31.0888,0.0175,60,0.0023,1024.2236,1024.2027,1024.2426,0.014,60,0.0018,0.4836,0.3841,0.587,0.0694,60,0.009,21.0866,16.7479,25.5957,3.0273,60,0.3908,9.8255,9.8211,9.8319,0.0028,60,0.0004,30.9156,30.8901,30.9393,0.0175,60,0.0023,95.0344,95.021,95.06,0.0105,60,0.0014,95.3991,95.3856,95.4246,0.0105,60,0.0014,23.7911,23.7702,23.8101,0.014,60,0.0018,23.7927,23.7718,23.8118,0.014,60,0.0018,9.8358,9.8314,9.8422,0.0028,60,0.0004
2016-01-02T02:30:00.000 ,23,31.0326,31.0253,31.0386,0.0033,60,0.0004,1024.1976,1024.1919,1024.2019,0.0024,60,0.0003,0.6174,0.5884,0.6464,0.0165,60,0.0021,26.9212,25.6574,28.1871,0.7209,60,0.0931,9.8321,9.8285,9.8376,0.0024,60,0.0003,30.8833,30.8761,30.8893,0.0033,60,0.0004,95.0795,95.036,95.136,0.0297,60,0.0038,95.4441,95.4006,95.5006,0.0297,60,0.0038,23.7648,23.7591,23.7693,0.0024,60,0.0003,23.7665,23.7608,23.7709,0.0024,60,0.0003,9.8424,9.8388,9.8479,0.0024,60,0.0003
2016-01-02T03:30:00.000 ,23,31.0577,31.0363,31.0779,0.0125,60,0.0016,1024.2185,1024.2011,1024.2352,0.0104,60,0.0013,0.51,0.4319,0.605,0.0564,60,0.0073,22.24,18.8315,26.3794,2.4578,60,0.3173,9.827,9.8221,9.8369,0.0037,60,0.0005,30.9083,30.887,30.9284,0.0125,60,0.0016,95.208,95.138,95.269,0.0397,60,0.0051,95.5726,95.5026,95.6336,0.0397,60,0.0051,23.7851,23.7681,23.8016,0.0102,60,0.0013,23.7868,23.7697,23.8032,0.0102,60,0.0013,9.8373,9.8324,9.8472,0.0037,60,0.0005
2016-01-02T04:30:00.000 ,23,31.052,31.0165,31.0809,0.0149,60,0.0019,1024.2147,1024.1872,1024.2376,0.0116,60,0.0015,0.5191,0.3955,0.6635,0.0638,60,0.0082,22.6356,17.2455,28.9332,2.7837,60,0.3594,9.8262,9.8231,9.8291,0.0015,60,0.0002,30.9026,30.8673,30.9314,0.0149,60,0.0019,95.3237,95.272,95.378,0.0323,60,0.0042,95.6884,95.6366,95.7426,0.0323,60,0.0042,23.7808,23.7531,23.8038,0.0117,60,0.0015,23.7825,23.7548,23.8054,0.0117,60,0.0015,9.8365,9.8334,9.8394,0.0015,60,0.0002
2016-01-02T05:30:00.000 ,23,31.0014,30.9626,31.0285,0.0201,60,0.0026,1024.176,1024.1474,1024.1966,0.015,60,0.0019,0.7613,0.6431,0.9571,0.0953,60,0.0123,33.1968,28.0419,41.7378,4.1553,60,0.5365,9.8255,9.8175,9.8298,0.0035,60,0.0004,30.8523,30.8137,30.8793,0.02,60,0.0026,95.4162,95.379,95.455,0.0222,60,0.0029,95.7808,95.7436,95.8196,0.0222,60,0.0029,23.7417,23.7129,23.7622,0.0151,60,0.0019,23.7433,23.7145,23.7639,0.0151,60,0.0019,9.8359,9.8278,9.8401,0.0035,60,0.0005
2016-01-02T06:30:00.000 ,23,30.9795,30.9533,31.0127,0.0166,60,0.0021,1024.1595,1024.1409,1024.1839,0.012,60,0.0016,0.8684,0.6991,1.0106,0.087,60,0.0112,37.8676,30.4842,44.0701,3.796,60,0.4901,9.8242,9.8134,9.8374,0.0057,60,0.0007,30.8305,30.8044,30.8635,0.0165,60,0.0021,95.4881,95.457,95.508,0.0147,60,0.0019,95.8528,95.8216,95.8726,0.0147,60,0.0019,23.7249,23.7063,23.7491,0.012,60,0.0015,23.7265,23.7079,23.7508,0.012,60,0.0015,9.8345,9.8237,9.8477,0.0057,60,0.0007
2016-01-02T07:30:00.000 ,23,30.9789,30.9541,31.0128,0.0155,60,0.002,1024.1596,1024.1414,1024.1846,0.0112,60,0.0014,0.8664,0.7079,0.9939,0.078,60,0.0101,37.7829,30.8682,43.3415,3.401,60,0.4391,9.8212,9.8124,9.8342,0.0059,60,0.0008,30.8299,30.8052,30.8636,0.0154,60,0.002,95.4866,95.454,95.506,0.0157,60,0.002,95.8512,95.8186,95.8706,0.0157,60,0.002,23.7249,23.7067,23.7501,0.0112,60,0.0014,23.7266,23.7084,23.7518,0.0112,60,0.0014,9.8315,9.8227,9.8445,0.0059,60,0.0008
2016-01-02T08:30:00.000 ,23,31.0239,30.9664,31.0792,0.0309,60,0.004,1024.1927,1024.1508,1024.2349,0.0227,60,0.0029,0.6509,0.4318,0.9273,0.1475,60,0.019,28.3827,18.8267,40.4364,6.4345,60,0.8307,9.8302,9.8143,9.8385,0.0079,60,0.001,30.8747,30.8175,30.9297,0.0307,60,0.004,95.4062,95.352,95.452,0.032,60,0.0041,95.7708,95.7166,95.8166,0.032,60,0.0041,23.7584,23.7163,23.8008,0.0228,60,0.0029,23.7601,23.7179,23.8024,0.0228,60,0.0029,9.8405,9.8246,9.8488,0.0079,60,0.001
2016-01-02T09:30:00.000 ,23,31.0946,31.0146,31.1343,0.0405,60,0.0052,1024.2477,1024.1849,1024.2793,0.0323,60,0.0042,0.3699,0.2231,0.6755,0.1553,60,0.0201,16.1301,9.7293,29.4571,6.7738,60,0.8745,9.826,9.8174,9.8389,0.0072,60,0.0009,30.945,30.8654,30.9845,0.0403,60,0.0052,95.2967,95.239,95.349,0.032,60,0.0041,95.6613,95.6036,95.7136,0.032,60,0.0041,23.8139,23.7509,23.8457,0.0325,60,0.0042,23.8156,23.7526,23.8474,0.0325,60,0.0042,9.8363,9.8277,9.8492,0.0072,60,0.0009
2016-01-02T10:30:00.000 ,23,31.1191,31.0629,31.149,0.0224,60,0.0029,1024.2673,1024.2233,1024.2912,0.0176,60,0.0023,0.2751,0.1793,0.4772,0.0791,60,0.0102,11.9944,7.8173,20.809,3.4472,60,0.445,9.8198,9.8121,9.8255,0.003,60,0.0004,30.9694,30.9135,30.9992,0.0223,60,0.0029,95.2026,95.176,95.237,0.0166,60,0.0021,95.5673,95.5406,95.6016,0.0166,60,0.0021,23.834,23.79,23.8579,0.0176,60,0.0023,23.8356,23.7917,23.8596,0.0176,60,0.0023,9.8301,9.8224,9.8358,0.003,60,0.0004
2016-01-02T11:30:00.000 ,23,31.1075,31.0703,31.1424,0.0242,60,0.0031,1024.2576,1024.2293,1024.2862,0.019,60,0.0024,0.3204,0.2042,0.4685,0.0949,60,0.0122,13.9711,8.9051,20.4279,4.1369,60,0.5341,9.8235,9.8105,9.8327,0.0063,60,0.0008,30.9579,30.9209,30.9926,0.0241,60,0.0031,95.1722,95.165,95.18,0.0036,60,0.0005,95.5368,95.5296,95.5446,0.0036,60,0.0005,23.8244,23.7961,23.853,0.019,60,0.0024,23.8261,23.7977,23.8547,0.019,60,0.0024,9.8338,9.8208,9.843,0.0063,60,0.0008
2016-01-02T12:30:00.000 ,23,31.1536,31.1253,31.1735,0.018,60,0.0023,1024.2962,1024.2707,1024.3123,0.0149,60,0.0019,0.1815,0.1274,0.2734,0.0562,60,0.0073,7.9129,5.5565,11.9191,2.4505,60,0.3164,9.8073,9.8007,9.8308,0.0075,60,0.001,31.0038,30.9756,31.0236,0.0179,60,0.0023,95.2284,95.177,95.304,0.0362,60,0.0047,95.593,95.5416,95.6686,0.0362,60,0.0047,23.8627,23.837,23.8787,0.0148,60,0.0019,23.8644,23.8387,23.8803,0.0148,60,0.0019,9.8176,9.811,9.8411,0.0075,60,0.001
2016-01-02T13:30:00.000 ,23,31.1292,31.0873,31.1815,0.0245,60,0.0032,1024.2766,1024.2432,1024.3204,0.0201,60,0.0026,0.2442,0.1141,0.3839,0.0713,60,0.0092,10.6497,4.9767,16.7374,3.1106,60,0.4016,9.8166,9.7941,9.8251,0.0087,60,0.0011,30.9795,30.9378,31.0315,0.0244,60,0.0032,95.4216,95.307,95.55,0.0711,60,0.0092,95.7862,95.6716,95.9146,0.0711,60,0.0092,23.8423,23.8086,23.8865,0.0203,60,0.0026,23.844,23.8102,23.8882,0.0203,60,0.0026,9.8269,9.8044,9.8354,0.0087,60,0.0011
2016-01-02T14:30:00.000 ,23,31.1212,31.0827,31.1355,0.0135,60,0.0017,1024.2718,1024.2409,1024.2834,0.0107,60,0.0014,0.2629,0.2174,0.3696,0.0421,60,0.0054,11.4617,9.4772,16.1148,1.8372,60,0.2372,9.8163,9.8116,9.8222,0.0028,60,0.0004,30.9715,30.9332,30.9857,0.0134,60,0.0017,95.7131,95.554,95.866,0.0945,60,0.0122,96.0777,95.9186,96.2306,0.0945,60,0.0122,23.8361,23.8053,23.848,0.0108,60,0.0014,23.8378,23.807,23.8496,0.0108,60,0.0014,9.8267,9.822,9.8326,0.0028,60,0.0004
2016-01-02T15:30:00.000 ,23,31.0911,31.0574,31.1206,0.0153,60,0.002,1024.2491,1024.2223,1024.272,0.0121,60,0.0016,0.3707,0.2743,0.4838,0.0509,60,0.0066,16.1648,11.9615,21.096,2.221,60,0.2867,9.8207,9.8161,9.8256,0.0023,60,0.0003,30.9415,30.908,30.9709,0.0152,60,0.002,96.0138,95.871,96.172,0.087,60,0.0112,96.3784,96.2356,96.5366,0.087,60,0.0112,23.8121,23.7851,23.8357,0.0122,60,0.0016,23.8137,23.7868,23.8374,0.0122,60,0.0016,9.8311,9.8265,9.836,0.0023,60,0.0003
2016-01-02T16:30:00.000 ,23,31.0713,31.0196,31.1356,0.0324,60,0.0042,1024.2354,1024.1945,1024.2864,0.0255,60,0.0033,0.4568,0.2346,0.6406,0.1138,60,0.0147,19.9174,10.2291,27.9321,4.9613,60,0.6405,9.8183,9.8102,9.8218,0.0028,60,0.0004,30.9218,30.8704,30.9858,0.0322,60,0.0042,96.3083,96.17,96.427,0.0756,60,0.0098,96.6729,96.5346,96.7916,0.0756,60,0.0098,23.7971,23.7566,23.8483,0.0255,60,0.0033,23.7987,23.7582,23.8499,0.0255,60,0.0033,9.8287,9.8206,9.8322,0.0028,60,0.0004
2016-01-02T17:30:00.000 ,23,31.0719,31.0454,31.084,0.0093,60,0.0012,1024.2361,1024.2154,1024.246,0.0074,60,0.0009,0.4551,0.407,0.561,0.0397,60,0.0051,19.8439,17.7446,24.4621,1.7327,60,0.2237,9.823,9.8199,9.8294,0.0021,60,0.0003,30.9224,30.896,30.9345,0.0092,60,0.0012,96.5259,96.433,96.604,0.0514,60,0.0066,96.8905,96.7976,96.9686,0.0514,60,0.0066,23.7967,23.7764,23.8063,0.0072,60,0.0009,23.7984,23.7781,23.808,0.0072,60,0.0009,9.8335,9.8303,9.8399,0.0021,60,0.0003
2016-01-02T18:30:00.000 ,23,31.0724,31.0362,31.099,0.0176,60,0.0023,1024.2372,1024.209,1024.2583,0.0138,60,0.0018,0.4394,0.3362,0.5862,0.0683,60,0.0088,19.16,14.6586,25.5631,2.9786,60,0.3845,9.822,9.8185,9.8248,0.0016,60,0.0002,30.9229,30.8869,30.9494,0.0175,60,0.0023,96.6433,96.602,96.664,0.0189,60,0.0024,97.0079,96.9666,97.0286,0.0189,60,0.0024,23.7973,23.769,23.8185,0.0139,60,0.0018,23.799,23.7707,23.8202,0.0139,60,0.0018,9.8324,9.829,9.8353,0.0016,60,0.0002
2016-01-02T19:30:00.000 ,23,31.0503,31.031,31.0693,0.0091,60,0.0012,1024.2196,1024.205,1024.2344,0.007,60,0.0009,0.5292,0.4543,0.611,0.0374,60,0.0048,23.0762,19.8079,26.6424,1.6325,60,0.2107,9.8237,9.822,9.8281,0.0012,60,0.0002,30.901,30.8817,30.9198,0.009,60,0.0012,96.5965,96.507,96.659,0.0457,60,0.0059,96.9611,96.8716,97.0236,0.0457,60,0.0059,23.7799,23.765,23.7949,0.0071,60,0.0009,23.7816,23.7667,23.7965,0.0071,60,0.0009,9.8341,9.8325,9.8385,0.0012,60,0.0002
2016-01-02T20:30:00.000 ,23,31.0914,31.0497,31.1196,0.0203,60,0.0026,1024.2506,1024.2183,1024.2723,0.0158,60,0.002,0.3744,0.2707,0.5137,0.0721,60,0.0093,16.3259,11.8023,22.3982,3.1447,60,0.406,9.8227,9.8165,9.831,0.0031,60,0.0004,30.9418,30.9003,30.9699,0.0202,60,0.0026,96.3861,96.246,96.508,0.0765,60,0.0099,96.7507,96.6106,96.8726,0.0765,60,0.0099,23.8119,23.7792,23.8342,0.0162,60,0.0021,23.8136,23.7809,23.8359,0.0162,60,0.0021,9.8331,9.8269,9.8414,0.0031,60,0.0004
2016-01-02T21:30:00.000 ,23,31.1068,31.0817,31.1225,0.0115,60,0.0015,1024.2616,1024.2413,1024.2749,0.0094,60,0.0012,0.3134,0.2651,0.3943,0.0382,60,0.0049,13.6669,11.5592,17.1944,1.6673,60,0.2152,9.8201,9.8173,9.8225,0.0012,60,0.0002,30.9572,30.9322,30.9728,0.0114,60,0.0015,96.067,95.896,96.239,0.1022,60,0.0132,96.4316,96.2606,96.6036,0.1022,60,0.0132,23.8243,23.8045,23.837,0.009,60,0.0012,23.826,23.8062,23.8386,0.009,60,0.0012,9.8305,9.8277,9.8329,0.0012,60,0.0002
2016-01-02T22:30:00.000 ,23,31.1184,31.0763,31.1368,0.0231,60,0.003,1024.2691,1024.2367,1024.2837,0.0176,60,0.0023,0.2741,0.1982,0.4195,0.0825,60,0.0106,11.9533,8.6412,18.294,3.5972,60,0.4644,9.8193,9.8135,9.8218,0.0023,60,0.0003,30.9688,30.9268,30.987,0.023,60,0.003,95.7098,95.525,95.888,0.1103,60,0.0142,96.0745,95.8896,96.2526,0.1103,60,0.0142,23.8335,23.8004,23.848,0.0181,60,0.0023,23.8352,23.8021,23.8497,0.0181,60,0.0023,9.8296,9.8239,9.8322,0.0023,60,0.0003
2016-01-02T23:30:00.000 ,23,31.1041,31.0401,31.139,0.0308,60,0.004,1024.256,1024.2055,1024.2839,0.0245,60,0.0032,0.3206,0.196,0.5641,0.1141,60,0.0147,13.9812,8.5464,24.5957,4.9761,60,0.6424,9.8214,9.8157,9.8249,0.0022,60,0.0003,30.9545,30.8908,30.9892,0.0307,60,0.004,95.3526,95.199,95.516,0.0917,60,0.0118,95.7173,95.5636,95.8806,0.0917,60,0.0118,23.822,23.7719,23.8497,0.0242,60,0.0031,23.8237,23.7735,23.8514,0.0242,60,0.0031,9.8317,9.826,9.8352,0.0022,60,0.0003
2016-01-03T00:30:00.000 ,23,31.0823,31.0148,31.1091,0.0265,60,0.0034,1024.238,1024.1851,1024.2594,0.021,60,0.0027,0.3918,0.2792,0.6298,0.1024,60,0.0132,17.0823,12.172,27.465,4.4653,60,0.5765,9.8204,9.8176,9.8237,0.0018,60,0.0002,30.9328,30.8656,30.9595,0.0264,60,0.0034,95.0538,94.944,95.194,0.0765,60,0.0099,95.4185,95.3086,95.5586,0.0765,60,0.0099,23.8053,23.7528,23.8265,0.0208,60,0.0027,23.807,23.7544,23.8282,0.0208,60,0.0027,9.8307,9.8279,9.834,0.0018,60,0.0002
2016-01-03T01:30:00.000 ,23,31.0778,31.0559,31.0921,0.0088,60,0.0011,1024.2335,1024.2162,1024.2451,0.0071,60,0.0009,0.4102,0.363,0.4866,0.0284,60,0.0037,17.8849,15.8288,21.2188,1.2396,60,0.16,9.8216,9.8194,9.8243,0.0016,60,0.0002,30.9284,30.9065,30.9426,0.0087,60,0.0011,94.8734,94.811,94.944,0.0399,60,0.0052,95.238,95.1756,95.3086,0.0399,60,0.0052,23.8017,23.7844,23.8131,0.007,60,0.0009,23.8033,23.7861,23.8147,0.007,60,0.0009,9.8318,9.8297,9.8346,0.0016,60,0.0002
2016-01-03T02:30:00.000 ,23,31.0616,31.0417,31.0793,0.0103,60,0.0013,1024.22,1024.2046,1024.2339,0.008,60,0.001,0.4726,0.4093,0.557,0.0439,60,0.0057,20.6056,17.8464,24.2869,1.9156,60,0.2473,9.8256,9.8238,9.8277,0.001,60,0.0001,30.9122,30.8924,30.9298,0.0102,60,0.0013,94.8227,94.803,94.859,0.0174,60,0.0023,95.1873,95.1676,95.2236,0.0174,60,0.0023,23.7884,23.7728,23.8023,0.0081,60,0.001,23.79,23.7745,23.804,0.0081,60,0.001,9.8359,9.8341,9.838,0.001,60,0.0001
2016-01-03T03:30:00.000 ,23,31.0327,31.0154,31.0494,0.0098,60,0.0013,1024.198,1024.185,1024.2111,0.0074,60,0.001,0.5825,0.4971,0.6718,0.0493,60,0.0064,25.4008,21.6765,29.2924,2.1478,60,0.2773,9.8259,9.8242,9.8307,0.0013,60,0.0002,30.8834,30.8662,30.9001,0.0098,60,0.0013,94.919,94.86,94.991,0.0387,60,0.005,95.2836,95.2246,95.3556,0.0387,60,0.005,23.7659,23.7527,23.7791,0.0076,60,0.001,23.7676,23.7543,23.7808,0.0076,60,0.001,9.8362,9.8345,9.841,0.0013,60,0.0002
2016-01-03T04:30:00.000 ,23,31.0249,31.0059,31.0346,0.0069,60,0.0009,1024.1926,1024.1785,1024.2001,0.0051,60,0.0007,0.6229,0.5796,0.6905,0.0329,60,0.0042,27.1613,25.2721,30.1081,1.4326,60,0.1849,9.8263,9.8234,9.8315,0.0017,60,0.0002,30.8757,30.8568,30.8853,0.0068,60,0.0009,95.078,94.993,95.157,0.0478,60,0.0062,95.4427,95.3576,95.5216,0.0478,60,0.0062,23.7598,23.7455,23.7674,0.0052,60,0.0007,23.7615,23.7472,23.7691,0.0052,60,0.0007,9.8366,9.8337,9.8418,0.0017,60,0.0002
2016-01-03T05:30:00.000 ,23,31.0022,30.9701,31.0273,0.0135,60,0.0017,1024.177,1024.153,1024.196,0.0101,60,0.0013,0.7463,0.6281,0.8928,0.0648,60,0.0084,32.5427,27.3909,38.934,2.8248,60,0.3647,9.8184,9.8129,9.8238,0.0029,60,0.0004,30.8531,30.8211,30.8781,0.0135,60,0.0017,95.232,95.155,95.31,0.0444,60,0.0057,95.5966,95.5196,95.6746,0.0444,60,0.0057,23.7435,23.7193,23.7626,0.0102,60,0.0013,23.7451,23.7209,23.7642,0.0102,60,0.0013,9.8287,9.8232,9.8341,0.0029,60,0.0004
2016-01-03T06:30:00.000 ,23,30.9992,30.98,31.0407,0.0193,60,0.0025,1024.1752,1024.1606,1024.207,0.0148,60,0.0019,0.7488,0.568,0.8265,0.0833,60,0.0108,32.6534,24.7673,36.0415,3.6328,60,0.469,9.8196,9.8168,9.821,0.0008,60,0.0001,30.8501,30.831,30.8914,0.0192,60,0.0025,95.3955,95.313,95.469,0.0486,60,0.0063,95.7601,95.6776,95.8336,0.0486,60,0.0063,23.7409,23.7265,23.7731,0.0149,60,0.0019,23.7426,23.7281,23.7747,0.0149,60,0.0019,9.8299,9.8271,9.8313,0.0008,60,0.0001
2016-01-03T07:30:00.000 ,23,30.984,30.9525,30.9969,0.011,60,0.0014,1024.1639,1024.141,1024.1736,0.008,60,0.001,0.8161,0.7572,0.9777,0.0542,60,0.007,35.5885,33.02,42.6363,2.3625,60,0.305,9.8199,9.81,9.8265,0.0036,60,0.0005,30.8349,30.8036,30.8478,0.0109,60,0.0014,95.5286,95.474,95.585,0.034,60,0.0044,95.8932,95.8386,95.9496,0.034,60,0.0044,23.729,23.7062,23.7387,0.008,60,0.001,23.7307,23.7078,23.7404,0.008,60,0.001,9.8302,9.8203,9.8368,0.0036,60,0.0005
2016-01-03T08:30:00.000 ,23,30.9916,30.9547,31.0149,0.0184,60,0.0024,1024.1704,1024.1429,1024.1881,0.0138,60,0.0018,0.778,0.675,0.9697,0.0899,60,0.0116,33.9241,29.4355,42.2875,3.9212,60,0.5062,9.8179,9.811,9.8237,0.0031,60,0.0004,30.8425,30.8058,30.8657,0.0183,60,0.0024,95.598,95.586,95.605,0.0044,60,0.0006,95.9626,95.9506,95.9696,0.0044,60,0.0006,23.7352,23.7077,23.753,0.0138,60,0.0018,23.7369,23.7094,23.7546,0.0138,60,0.0018,9.8282,9.8213,9.834,0.0031,60,0.0004
2016-01-03T09:30:00.000 ,23,30.9953,30.9562,31.0576,0.0337,60,0.0043,1024.173,1024.144,1024.2204,0.0255,60,0.0033,0.7699,0.4932,0.9514,0.1559,60,0.0201,33.5741,21.5074,41.4898,6.8009,60,0.878,9.8199,9.8121,9.8261,0.0043,60,0.0005,30.8462,30.8073,30.9082,0.0335,60,0.0043,95.5971,95.58,95.604,0.0061,60,0.0008,95.9617,95.9446,95.9686,0.0061,60,0.0008,23.7378,23.7087,23.7854,0.0255,60,0.0033,23.7395,23.7104,23.787,0.0255,60,0.0033,9.8303,9.8224,9.8364,0.0043,60,0.0006
2016-01-03T10:30:00.000 ,23,31.0646,31.0535,31.0912,0.0084,60,0.0011,1024.2257,1024.2169,1024.2468,0.0066,60,0.0009,0.4607,0.3492,0.5056,0.0326,60,0.0042,20.0867,15.2271,22.0465,1.42,60,0.1833,9.8251,9.8215,9.8278,0.0012,60,0.0002,30.9152,30.9041,30.9416,0.0083,60,0.0011,95.5512,95.533,95.579,0.0126,60,0.0016,95.9158,95.8976,95.9436,0.0126,60,0.0016,23.7908,23.7821,23.8119,0.0066,60,0.0009,23.7925,23.7837,23.8136,0.0066,60,0.0009,9.8354,9.8318,9.8381,0.0012,60,0.0002
2016-01-03T11:30:00.000 ,23,31.0646,31.0423,31.0917,0.014,60,0.0018,1024.2259,1024.2089,1024.2471,0.0109,60,0.0014,0.4531,0.348,0.5285,0.054,60,0.007,19.7563,15.1738,23.0437,2.3527,60,0.3037,9.8221,9.8206,9.8264,0.0012,60,0.0002,30.9152,30.893,30.9421,0.014,60,0.0018,95.4897,95.462,95.53,0.0216,60,0.0028,95.8544,95.8266,95.8946,0.0216,60,0.0028,23.7913,23.7742,23.8123,0.0109,60,0.0014,23.7929,23.7758,23.814,0.0109,60,0.0014,9.8325,9.8309,9.8367,0.0012,60,0.0002
2016-01-03T12:30:00.000 ,23,31.0705,31.0333,31.0951,0.0139,60,0.0018,1024.2309,1024.2021,1024.2504,0.0108,60,0.0014,0.4358,0.3621,0.5773,0.0549,60,0.0071,19.0035,15.7884,25.1716,2.3949,60,0.3092,9.8194,9.8149,9.8247,0.0025,60,0.0003,30.9211,30.884,30.9455,0.0138,60,0.0018,95.4711,95.46,95.482,0.0045,60,0.0006,95.8357,95.8246,95.8466,0.0045,60,0.0006,23.7963,23.7675,23.8159,0.0109,60,0.0014,23.798,23.7691,23.8176,0.0109,60,0.0014,9.8297,9.8252,9.835,0.0025,60,0.0003
2016-01-03T13:30:00.000 ,23,31.0544,31.0338,31.0842,0.0152,60,0.002,1024.2184,1024.2022,1024.2416,0.012,60,0.0015,0.5107,0.3997,0.5886,0.0587,60,0.0076,22.269,17.4266,25.6665,2.5604,60,0.3306,9.8201,9.8159,9.824,0.0025,60,0.0003,30.905,30.8845,30.9347,0.0151,60,0.002,95.5183,95.474,95.589,0.0338,60,0.0044,95.8829,95.8386,95.9536,0.0338,60,0.0044,23.7836,23.7671,23.8069,0.0121,60,0.0016,23.7853,23.7688,23.8086,0.0121,60,0.0016,9.8305,9.8262,9.8343,0.0025,60,0.0003
2016-01-03T14:30:00.000 ,23,31.034,30.9917,31.0658,0.022,60,0.0028,1024.203,1024.1708,1024.2277,0.0168,60,0.0022,0.5862,0.47,0.7666,0.0896,60,0.0116,25.562,20.4941,33.428,3.9088,60,0.5046,9.8217,9.8169,9.8252,0.0018,60,0.0002,30.8847,30.8426,30.9164,0.0219,60,0.0028,95.6708,95.592,95.763,0.0508,60,0.0066,96.0354,95.9566,96.1276,0.0508,60,0.0066,23.7675,23.735,23.7923,0.0169,60,0.0022,23.7692,23.7367,23.794,0.0169,60,0.0022,9.8321,9.8273,9.8355,0.0018,60,0.0002
2016-01-03T15:30:00.000 ,23,31.0021,30.9669,31.0472,0.0227,60,0.0029,1024.1804,1024.154,1024.2145,0.0171,60,0.0022,0.6991,0.5203,0.8845,0.105,60,0.0136,30.4865,22.686,38.5711,4.5778,60,0.591,9.8156,9.8118,9.8196,0.0019,60,0.0002,30.853,30.8179,30.8979,0.0226,60,0.0029,95.9045,95.773,96.033,0.0798,60,0.0103,96.2691,96.1376,96.3976,0.0798,60,0.0103,23.7438,23.7168,23.7783,0.0173,60,0.0022,23.7454,23.7185,23.78,0.0173,60,0.0022,9.826,9.8222,9.83,0.0019,60,0.0002
2016-01-03T16:30:00.000 ,23,31.0503,30.9877,31.0923,0.0267,60,0.0035,1024.2183,1024.1698,1024.2511,0.0209,60,0.0027,0.5127,0.3728,0.8135,0.1147,60,0.0148,22.3582,16.254,35.4749,5.0031,60,0.6459,9.8189,9.8152,9.8219,0.0014,60,0.0002,30.9009,30.8386,30.9427,0.0266,60,0.0034,96.1509,96.035,96.271,0.0706,60,0.0091,96.5155,96.3996,96.6356,0.0706,60,0.0091,23.7807,23.7326,23.8133,0.0206,60,0.0027,23.7823,23.7343,23.815,0.0206,60,0.0027,9.8293,9.8256,9.8323,0.0014,60,0.0002
2016-01-03T17:30:00.000 ,23,31.0324,31.0213,31.0634,0.0094,60,0.0012,1024.205,1024.1966,1024.2293,0.0073,60,0.0009,0.591,0.4717,0.6338,0.0363,60,0.0047,25.7721,20.5698,27.6394,1.5823,60,0.2043,9.8216,9.8201,9.8259,0.0012,60,0.0002,30.8831,30.8721,30.914,0.0093,60,0.0012,96.3735,96.275,96.451,0.0525,60,0.0068,96.7381,96.6396,96.8156,0.0525,60,0.0068,23.7663,23.758,23.7905,0.0073,60,0.0009,23.768,23.7596,23.7922,0.0073,60,0.0009,9.8321,9.8305,9.8363,0.0012,60,0.0002
2016-01-03T18:30:00.000 ,23,31.045,31.0231,31.0764,0.0186,60,0.0024,1024.2152,1024.1981,1024.2401,0.0148,60,0.0019,0.5395,0.4145,0.626,0.0764,60,0.0099,23.525,18.0747,27.2977,3.331,60,0.43,9.8226,9.8193,9.8272,0.0018,60,0.0002,30.8956,30.8739,30.9269,0.0185,60,0.0024,96.5098,96.448,96.556,0.0325,60,0.0042,96.8744,96.8126,96.9206,0.0325,60,0.0042,23.7759,23.759,23.8007,0.0147,60,0.0019,23.7776,23.7607,23.8024,0.0147,60,0.0019,9.833,9.8297,9.8376,0.0018,60,0.0002
2016-01-03T19:30:00.000 ,23,31.0838,31.0547,31.1075,0.015,60,0.0019,1024.2459,1024.2224,1024.2646,0.0118,60,0.0015,0.3824,0.2981,0.495,0.0554,60,0.0071,16.6721,12.9982,21.5838,2.4149,60,0.3118,9.8203,9.8173,9.8276,0.0026,60,0.0003,30.9343,30.9053,30.9578,0.0149,60,0.0019,96.547,96.504,96.564,0.017,60,0.0022,96.9116,96.8686,96.9286,0.017,60,0.0022,23.8064,23.7829,23.8251,0.0117,60,0.0015,23.8081,23.7846,23.8268,0.0117,60,0.0015,9.8308,9.8277,9.8381,0.0026,60,0.0003
2016-01-03T20:30:00.000 ,23,31.0482,31.0358,31.0571,0.0045,60,0.0006,1024.2177,1024.2076,1024.225,0.0037,60,0.0005,0.497,0.4631,0.546,0.0177,60,0.0023,21.6729,20.1918,23.8083,0.7715,60,0.0996,9.8202,9.8191,9.8219,0.0005,60,0.0001,30.8989,30.8865,30.9077,0.0045,60,0.0006,96.4159,96.316,96.502,0.0551,60,0.0071,96.7805,96.6806,96.8666,0.0551,60,0.0071,23.7788,23.7689,23.7858,0.0035,60,0.0005,23.7805,23.7706,23.7875,0.0035,60,0.0005,9.8307,9.8295,9.8323,0.0005,60,0.0001
2016-01-03T21:30:00.000 ,23,31.0362,31.0171,31.0471,0.0085,60,0.0011,1024.2072,1024.1927,1024.2163,0.0065,60,0.0008,0.5533,0.5023,0.6477,0.0439,60,0.0057,24.1262,21.9042,28.2419,1.913,60,0.247,9.8208,9.8199,9.823,0.0006,60,0.0001,30.8869,30.8679,30.8977,0.0084,60,0.0011,96.1699,96.011,96.312,0.0897,60,0.0116,96.5345,96.3756,96.6766,0.0897,60,0.0116,23.7694,23.7547,23.7779,0.0066,60,0.0009,23.7711,23.7563,23.7796,0.0066,60,0.0009,9.8312,9.8303,9.8334,0.0006,60,0.0001
2016-01-03T22:30:00.000 ,23,31.0418,30.9986,31.0775,0.024,60,0.0031,1024.21,1024.1768,1024.2372,0.0183,60,0.0024,0.5377,0.3965,0.7222,0.1004,60,0.013,23.4472,17.2906,31.4924,4.3786,60,0.5653,9.82,9.8184,9.8211,0.0006,60,0.0001,30.8924,30.8495,30.928,0.0239,60,0.0031,95.8232,95.634,96.003,0.1098,60,0.0142,96.1879,95.9986,96.3676,0.1098,60,0.0142,23.7739,23.7406,23.8017,0.0186,60,0.0024,23.7755,23.7423,23.8034,0.0186,60,0.0024,9.8304,9.8288,9.8315,0.0006,60,0.0001
2016-01-03T23:30:00.000 ,23,31.0732,31.0391,31.0923,0.014,60,0.0018,1024.2324,1024.2052,1024.247,0.011,60,0.0014,0.4098,0.3451,0.5253,0.0507,60,0.0065,17.8702,15.0471,22.9052,2.2095,60,0.2852,9.8219,9.8196,9.8261,0.0016,60,0.0002,30.9237,30.8898,30.9427,0.0139,60,0.0018,95.4329,95.24,95.627,0.115,60,0.0148,95.7975,95.6046,95.9916,0.115,60,0.0148,23.798,23.7715,23.8128,0.0108,60,0.0014,23.7996,23.7731,23.8145,0.0109,60,0.0014,9.8322,9.8299,9.8364,0.0016,60,0.0002
2016-01-04T00:30:00.000 ,23,31.0543,31.0448,31.069,0.006,60,0.0008,1024.2162,1024.2083,1024.2278,0.0049,60,0.0006,0.4773,0.4341,0.5151,0.0218,60,0.0028,20.8122,18.9278,22.4607,0.9498,60,0.1226,9.8214,9.8203,9.8268,0.0013,60,0.0002,30.905,30.8955,30.9196,0.006,60,0.0008,95.0668,94.911,95.236,0.0957,60,0.0123,95.4315,95.2756,95.6006,0.0957,60,0.0123,23.7834,23.7761,23.795,0.0047,60,0.0006,23.7851,23.7777,23.7966,0.0047,60,0.0006,9.8317,9.8306,9.8371,0.0013,60,0.0002
2016-01-04T01:30:00.000 ,23,31.0512,31.0372,31.0677,0.0065,60,0.0008,1024.2126,1024.2021,1024.2251,0.0049,60,0.0006,0.4695,0.4108,0.5303,0.0254,60,0.0033,20.4714,17.9129,23.126,1.1066,60,0.1429,9.8209,9.8198,9.8232,0.0007,60,0.0001,30.9019,30.8879,30.9183,0.0065,60,0.0008,94.7961,94.697,94.908,0.063,60,0.0081,95.1608,95.0616,95.2726,0.063,60,0.0081,23.7811,23.7702,23.7941,0.0051,60,0.0007,23.7828,23.7718,23.7957,0.0051,60,0.0007,9.8311,9.83,9.8335,0.0007,60,0.0001
2016-01-04T02:30:00.000 ,23,31.0506,31.0291,31.0658,0.0102,60,0.0013,1024.2114,1024.1944,1024.2235,0.0081,60,0.001,0.4794,0.404,0.557,0.0432,60,0.0056,20.9058,17.617,24.2898,1.8818,60,0.2429,9.8209,9.8201,9.8221,0.0005,60,0.0001,30.9013,30.8799,30.9164,0.0101,60,0.0013,94.6349,94.596,94.696,0.0294,60,0.0038,94.9995,94.9606,95.0606,0.0294,60,0.0038,23.7806,23.7638,23.7926,0.008,60,0.001,23.7823,23.7654,23.7942,0.008,60,0.001,9.8312,9.8303,9.8323,0.0005,60,0.0001
2016-01-04T03:30:00.000 ,23,31.0165,30.9859,31.043,0.0116,60,0.0015,1024.1848,1024.1614,1024.2059,0.009,60,0.0012,0.6304,0.5073,0.7691,0.0595,60,0.0077,27.4882,22.1229,33.5368,2.5937,60,0.3349,9.8219,9.8197,9.8237,0.0009,60,0.0001,30.8674,30.8369,30.8937,0.0116,60,0.0015,94.6275,94.594,94.68,0.0254,60,0.0033,94.9921,94.9586,95.0446,0.0254,60,0.0033,23.754,23.7305,23.7749,0.0091,60,0.0012,23.7557,23.7322,23.7765,0.0091,60,0.0012,9.8321,9.8299,9.8339,0.0009,60,0.0001
2016-01-04T04:30:00.000 ,23,30.9951,30.9607,31.0382,0.0193,60,0.0025,1024.169,1024.1438,1024.202,0.0146,60,0.0019,0.7466,0.5478,0.9234,0.0982,60,0.0127,32.5548,23.8892,40.2667,4.2827,60,0.5529,9.8203,9.814,9.8232,0.0021,60,0.0003,30.846,30.8118,30.8889,0.0192,60,0.0025,94.7698,94.682,94.88,0.0595,60,0.0077,95.1344,95.0466,95.2446,0.0595,60,0.0077,23.7376,23.7119,23.771,0.0148,60,0.0019,23.7393,23.7136,23.7726,0.0148,60,0.0019,9.8306,9.8242,9.8334,0.0021,60,0.0003
2016-01-04T05:30:00.000 ,23,30.9761,30.9477,31.0033,0.017,60,0.0022,1024.1559,1024.1347,1024.1772,0.013,60,0.0017,0.844,0.6996,0.9738,0.0901,60,0.0116,36.8032,30.5058,42.4658,3.9287,60,0.5072,9.8166,9.8102,9.8218,0.0029,60,0.0004,30.8271,30.7989,30.8542,0.0169,60,0.0022,94.9847,94.881,95.092,0.061,60,0.0079,95.3493,95.2456,95.4566,0.061,60,0.0079,23.7234,23.7025,23.7444,0.0128,60,0.0017,23.7251,23.7041,23.7461,0.0128,60,0.0017,9.8269,9.8204,9.8321,0.0029,60,0.0004
2016-01-04T06:30:00.000 ,23,30.9863,30.9694,31.0078,0.0096,60,0.0012,1024.1651,1024.1523,1024.181,0.0072,60,0.0009,0.7809,0.6841,0.8424,0.0458,60,0.0059,34.0519,29.8301,36.7335,1.9988,60,0.258,9.8156,9.8124,9.8192,0.0017,60,0.0002,30.8373,30.8204,30.8587,0.0096,60,0.0012,95.2195,95.095,95.34,0.0737,60,0.0095,95.5841,95.4596,95.7046,0.0737,60,0.0095,23.7316,23.7189,23.748,0.0072,60,0.0009,23.7332,23.7205,23.7497,0.0072,60,0.0009,9.8258,9.8227,9.8295,0.0017,60,0.0002
2016-01-04T07:30:00.000 ,23,30.9915,30.9804,31.0008,0.0043,60,0.0006,1024.1696,1024.1615,1024.1772,0.0034,60,0.0004,0.759,0.7297,0.7994,0.016,60,0.0021,33.0966,31.8198,34.8601,0.6992,60,0.0903,9.8187,9.8163,9.8249,0.0015,60,0.0002,30.8424,30.8314,30.8517,0.0043,60,0.0006,95.4423,95.343,95.553,0.061,60,0.0079,95.8069,95.7076,95.9176,0.061,60,0.0079,23.7351,23.7269,23.7424,0.0033,60,0.0004,23.7367,23.7285,23.744,0.0033,60,0.0004,9.829,9.8266,9.8352,0.0015,60,0.0002
2016-01-04T08:30:00.000 ,23,30.9534,30.9412,30.989,0.0105,60,0.0014,1024.1424,1024.1333,1024.1686,0.0077,60,0.001,0.9264,0.7628,0.9779,0.0472,60,0.0061,40.3973,33.2618,42.6442,2.0603,60,0.266,9.8094,9.807,9.8157,0.0021,60,0.0003,30.8045,30.7924,30.8399,0.0104,60,0.0013,95.6451,95.555,95.724,0.0494,60,0.0064,96.0097,95.9196,96.0886,0.0494,60,0.0064,23.707,23.6979,23.7336,0.0078,60,0.001,23.7086,23.6995,23.7352,0.0078,60,0.001,9.8197,9.8173,9.826,0.0021,60,0.0003
2016-01-04T09:30:00.000 ,23,30.964,30.9527,30.9726,0.0052,60,0.0007,1024.1508,1024.1424,1024.1574,0.0038,60,0.0005,0.8732,0.8308,0.9298,0.0248,60,0.0032,38.0797,36.2303,40.545,1.0818,60,0.1397,9.8126,9.8086,9.8206,0.0025,60,0.0003,30.815,30.8038,30.8236,0.0052,60,0.0007,95.7905,95.725,95.833,0.0315,60,0.0041,96.1551,96.0896,96.1976,0.0315,60,0.0041,23.7147,23.7065,23.7212,0.0037,60,0.0005,23.7163,23.7082,23.7229,0.0037,60,0.0005,9.8229,9.8189,9.831,0.0025,60,0.0003
2016-01-04T10:30:00.000 ,23,30.9723,30.9674,30.9829,0.0032,60,0.0004,1024.1568,1024.153,1024.165,0.0025,60,0.0003,0.8465,0.7778,0.8807,0.0198,60,0.0026,36.9158,33.9195,38.4067,0.8636,60,0.1115,9.8165,9.8137,9.8231,0.0015,60,0.0002,30.8233,30.8184,30.8339,0.0032,60,0.0004,95.8518,95.826,95.863,0.0084,60,0.0011,96.2164,96.1906,96.2276,0.0084,60,0.0011,23.7205,23.7167,23.7286,0.0025,60,0.0003,23.7221,23.7183,23.7302,0.0025,60,0.0003,9.8269,9.8241,9.8335,0.0015,60,0.0002
2016-01-04T11:30:00.000 ,23,30.9959,30.9744,31.0155,0.0126,60,0.0016,1024.1748,1024.1581,1024.1899,0.0096,60,0.0012,0.718,0.6188,0.8329,0.0621,60,0.008,31.3099,26.9845,36.3211,2.7101,60,0.3499,9.818,9.8158,9.8291,0.0019,60,0.0003,30.8468,30.8254,30.8663,0.0125,60,0.0016,95.8243,95.801,95.845,0.0119,60,0.0015,96.1889,96.1656,96.2096,0.0119,60,0.0015,23.7386,23.7218,23.7537,0.0097,60,0.0013,23.7403,23.7235,23.7554,0.0097,60,0.0013,9.8283,9.8262,9.8395,0.0019,60,0.0003
2016-01-04T12:30:00.000 ,23,31.0232,31.0071,31.0378,0.0108,60,0.0014,1024.1952,1024.1828,1024.2063,0.0082,60,0.0011,0.5988,0.5433,0.6756,0.0446,60,0.0058,26.1123,23.6901,29.4583,1.9433,60,0.2509,9.8214,9.8203,9.8225,0.0006,60,0.0001,30.874,30.8579,30.8885,0.0107,60,0.0014,95.7734,95.748,95.806,0.0181,60,0.0023,96.1381,96.1126,96.1706,0.0181,60,0.0023,23.7592,23.7468,23.7705,0.0083,60,0.0011,23.7609,23.7484,23.7722,0.0083,60,0.0011,9.8318,9.8307,9.8329,0.0006,60,0.0001
2016-01-04T13:30:00.000 ,23,31.0521,31.0331,31.0755,0.0116,60,0.0015,1024.2178,1024.2033,1024.2363,0.0091,60,0.0012,0.4878,0.406,0.5511,0.0423,60,0.0055,21.2683,17.7036,24.0296,1.8434,60,0.238,9.8203,9.8173,9.8228,0.0013,60,0.0002,30.9028,30.8838,30.926,0.0115,60,0.0015,95.7622,95.75,95.778,0.0081,60,0.0011,96.1269,96.1146,96.1426,0.0081,60,0.0011,23.7819,23.7674,23.8004,0.0091,60,0.0012,23.7835,23.769,23.802,0.0091,60,0.0012,9.8307,9.8277,9.8332,0.0013,60,0.0002
2016-01-04T14:30:00.000 ,23,31.0032,30.9894,31.0596,0.0128,60,0.0017,1024.1804,1024.17,1024.224,0.0098,60,0.0013,0.6782,0.4538,0.7492,0.0595,60,0.0077,29.5733,19.788,32.6691,2.5943,60,0.3349,9.818,9.8154,9.82,0.0011,60,0.0001,30.8541,30.8403,30.9102,0.0128,60,0.0016,95.8023,95.775,95.831,0.0157,60,0.002,96.167,96.1396,96.1956,0.0157,60,0.002,23.7443,23.7339,23.7881,0.0099,60,0.0013,23.7459,23.7356,23.7897,0.0099,60,0.0013,9.8284,9.8258,9.8304,0.0011,60,0.0001
2016-01-04T15:30:00.000 ,23,31.0118,30.9967,31.0196,0.0061,60,0.0008,1024.1872,1024.1754,1024.1935,0.0048,60,0.0006,0.6462,0.6055,0.712,0.0305,60,0.0039,28.1793,26.4015,31.0488,1.3285,60,0.1715,9.8199,9.8183,9.8208,0.0006,60,0.0001,30.8626,30.8476,30.8704,0.006,60,0.0008,95.8969,95.835,95.974,0.0434,60,0.0056,96.2615,96.1996,96.3386,0.0434,60,0.0056,23.7506,23.7391,23.7566,0.0046,60,0.0006,23.7523,23.7408,23.7583,0.0046,60,0.0006,9.8302,9.8287,9.8312,0.0006,60,0.0001
2016-01-04T16:30:00.000 ,23,31.0222,31.012,31.0355,0.0052,60,0.0007,1024.1959,1024.1887,1024.2061,0.0039,60,0.0005,0.5934,0.5385,0.6315,0.0207,60,0.0027,25.8749,23.4818,27.5357,0.9045,60,0.1168,9.8205,9.8188,9.8249,0.0013,60,0.0002,30.873,30.8628,30.8862,0.0052,60,0.0007,96.0627,95.979,96.161,0.0536,60,0.0069,96.4273,96.3436,96.5256,0.0536,60,0.0069,23.7586,23.7509,23.7691,0.004,60,0.0005,23.7603,23.7526,23.7707,0.004,60,0.0005,9.8309,9.8292,9.8353,0.0013,60,0.0002
2016-01-04T17:30:00.000 ,23,31.0336,31.0119,31.0704,0.012,60,0.0015,1024.2053,1024.1886,1024.2346,0.0097,60,0.0012,0.5421,0.4179,0.6356,0.049,60,0.0063,23.637,18.2225,27.7155,2.135,60,0.2756,9.8226,9.8189,9.8326,0.0024,60,0.0003,30.8844,30.8627,30.9209,0.0119,60,0.0015,96.2643,96.165,96.35,0.0539,60,0.007,96.629,96.5296,96.7146,0.0539,60,0.007,23.7671,23.7508,23.796,0.0094,60,0.0012,23.7688,23.7525,23.7977,0.0094,60,0.0012,9.833,9.8293,9.843,0.0023,60,0.0003
2016-01-04T18:30:00.000 ,23,31.042,31.0025,31.0874,0.029,60,0.0037,1024.2126,1024.1823,1024.247,0.0221,60,0.0029,0.518,0.3509,0.6899,0.1134,60,0.0146,22.5888,15.3017,30.0858,4.945,60,0.6384,9.8217,9.8192,9.8264,0.0019,60,0.0002,30.8927,30.8534,30.9378,0.0288,60,0.0037,96.4146,96.349,96.464,0.0339,60,0.0044,96.7793,96.7136,96.8286,0.0339,60,0.0044,23.7738,23.7432,23.8084,0.0223,60,0.0029,23.7755,23.7449,23.8101,0.0223,60,0.0029,9.8321,9.8296,9.8368,0.0019,60,0.0002
2016-01-04T19:30:00.000 ,23,31.0019,30.9881,31.0217,0.0085,60,0.0011,1024.1822,1024.1716,1024.1974,0.0065,60,0.0008,0.6872,0.5885,0.7631,0.0428,60,0.0055,29.967,25.6637,33.2742,1.8663,60,0.2409,9.8194,9.8181,9.8211,0.0006,60,0.0001,30.8528,30.839,30.8725,0.0084,60,0.0011,96.4845,96.462,96.498,0.0102,60,0.0013,96.8491,96.8266,96.8626,0.0102,60,0.0013,23.743,23.7324,23.7582,0.0065,60,0.0008,23.7447,23.7341,23.7599,0.0065,60,0.0008,9.8298,9.8285,9.8315,0.0006,60,0.0001
2016-01-04T20:30:00.000 ,23,30.9872,30.9829,30.9943,0.0026,60,0.0003,1024.1707,1024.1673,1024.176,0.0019,60,0.0003,0.7635,0.7218,0.7878,0.0138,60,0.0018,33.2939,31.4747,34.3541,0.6031,60,0.0779,9.8184,9.8172,9.8227,0.0011,60,0.0001,30.8381,30.8338,30.8452,0.0026,60,0.0003,96.4333,96.357,96.487,0.0394,60,0.0051,96.7979,96.7216,96.8516,0.0394,60,0.0051,23.7317,23.7285,23.7373,0.0019,60,0.0002,23.7334,23.7302,23.739,0.0019,60,0.0002,9.8288,9.8276,9.8331,0.0011,60,0.0001
2016-01-04T21:30:00.000 ,23,30.9902,30.9805,30.9964,0.0039,60,0.0005,1024.1722,1024.1642,1024.1767,0.0032,60,0.0004,0.7438,0.7138,0.7985,0.0239,60,0.0031,32.4361,31.1259,34.8192,1.0432,60,0.1347,9.8184,9.8172,9.8207,0.0005,60,0.0001,30.8412,30.8315,30.8473,0.0039,60,0.0005,96.2261,96.089,96.353,0.0788,60,0.0102,96.5908,96.4536,96.7176,0.0788,60,0.0102,23.7341,23.7267,23.7388,0.003,60,0.0004,23.7358,23.7284,23.7405,0.003,60,0.0004,9.8288,9.8276,9.8311,0.0005,60,0.0001
2016-01-04T22:30:00.000 ,23,30.9897,30.9767,31.0106,0.0066,60,0.0009,1024.1703,1024.1609,1024.1854,0.0047,60,0.0006,0.7508,0.6433,0.8201,0.0345,60,0.0045,32.7412,28.0518,35.7604,1.5044,60,0.1942,9.8183,9.8167,9.8212,0.0008,60,0.0001,30.8406,30.8277,30.8614,0.0066,60,0.0009,95.9163,95.742,96.078,0.1012,60,0.0131,96.2809,96.1066,96.4426,0.1012,60,0.0131,23.7337,23.7239,23.7496,0.005,60,0.0007,23.7354,23.7255,23.7513,0.005,60,0.0007,9.8287,9.8271,9.8316,0.0008,60,0.0001
2016-01-04T23:30:00.000 ,23,31.0004,30.992,31.012,0.0057,60,0.0007,1024.1768,1024.1705,1024.1866,0.0046,60,0.0006,0.6852,0.6174,0.7324,0.0329,60,0.0042,29.8801,26.9207,31.937,1.4356,60,0.1853,9.8193,9.8181,9.8228,0.001,60,0.0001,30.8512,30.8429,30.8628,0.0057,60,0.0007,95.5437,95.347,95.735,0.115,60,0.0148,95.9083,95.7116,96.0996,0.115,60,0.0148,23.7418,23.7355,23.7508,0.0043,60,0.0006,23.7435,23.7372,23.7525,0.0043,60,0.0006,9.8296,9.8284,9.8331,0.001,60,0.0001
2016-01-05T00:30:00.000 ,23,31.0483,31.004,31.0876,0.0213,60,0.0027,1024.2115,1024.1787,1024.2417,0.0158,60,0.002,0.4692,0.3465,0.6632,0.0865,60,0.0112,20.4581,15.1097,28.9195,3.7743,60,0.4873,9.8229,9.8186,9.829,0.0028,60,0.0004,30.899,30.8549,30.9381,0.0212,60,0.0027,95.1278,94.917,95.339,0.1266,60,0.0163,95.4924,95.2816,95.7036,0.1266,60,0.0163,23.7785,23.7447,23.8085,0.0162,60,0.0021,23.7802,23.7464,23.8102,0.0162,60,0.0021,9.8332,9.8289,9.8393,0.0028,60,0.0004
2016-01-05T01:30:00.000 ,23,31.0435,31.0143,31.0706,0.0218,60,0.0028,1024.2063,1024.1836,1024.2274,0.0171,60,0.0022,0.4923,0.3863,0.6097,0.0863,60,0.0111,21.4678,16.8447,26.5883,3.7653,60,0.4861,9.8212,9.8195,9.8244,0.0015,60,0.0002,30.8942,30.8651,30.9212,0.0217,60,0.0028,94.7422,94.605,94.907,0.0907,60,0.0117,95.1068,94.9696,95.2716,0.0907,60,0.0117,23.7751,23.7526,23.7961,0.0168,60,0.0022,23.7767,23.7543,23.7978,0.0168,60,0.0022,9.8314,9.8297,9.8347,0.0015,60,0.0002
2016-01-05T02:30:00.000 ,23,31.0427,31.0235,31.056,0.0098,60,0.0013,1024.2047,1024.19,1024.2147,0.0075,60,0.001,0.4781,0.421,0.5729,0.0489,60,0.0063,20.846,18.3582,24.9798,2.1342,60,0.2755,9.8209,9.8195,9.8234,0.001,60,0.0001,30.8934,30.8743,30.9066,0.0097,60,0.0013,94.5025,94.433,94.598,0.0505,60,0.0065,94.8672,94.7976,94.9626,0.0505,60,0.0065,23.7745,23.7594,23.7845,0.0076,60,0.001,23.7761,23.7611,23.7862,0.0076,60,0.001,9.8311,9.8297,9.8336,0.001,60,0.0001
2016-01-05T03:30:00.000 ,23,31.0459,31.0337,31.0617,0.0082,60,0.0011,1024.2065,1024.1972,1024.2187,0.0063,60,0.0008,0.4593,0.3863,0.5127,0.0376,60,0.0049,20.029,16.8448,22.3551,1.6405,60,0.2118,9.8218,9.8199,9.8258,0.0013,60,0.0002,30.8966,30.8845,30.9123,0.0082,60,0.0011,94.3972,94.379,94.428,0.0151,60,0.002,94.7618,94.7436,94.7926,0.0151,60,0.002,23.7768,23.7674,23.7891,0.0063,60,0.0008,23.7785,23.769,23.7907,0.0063,60,0.0008,9.832,9.8301,9.836,0.0013,60,0.0002
2016-01-05T04:30:00.000 ,23,31.0351,31.0099,31.0716,0.0167,60,0.0022,1024.1983,1024.1791,1024.2263,0.0129,60,0.0017,0.5188,0.3693,0.6529,0.0795,60,0.0103,22.6243,16.1029,28.4694,3.4665,60,0.4475,9.8222,9.8201,9.829,0.0018,60,0.0002,30.8859,30.8608,30.9222,0.0167,60,0.0022,94.4474,94.381,94.531,0.0465,60,0.006,94.812,94.7456,94.8956,0.0465,60,0.006,23.7684,23.7488,23.7962,0.0129,60,0.0017,23.77,23.7504,23.7979,0.0129,60,0.0017,9.8324,9.8303,9.8392,0.0018,60,0.0002
2016-01-05T05:30:00.000 ,23,31.0176,31.007,31.0372,0.0077,60,0.001,1024.1857,1024.1778,1024.2013,0.0062,60,0.0008,0.6138,0.5052,0.6774,0.0467,60,0.006,26.767,22.0282,29.5383,2.0369,60,0.263,9.8224,9.8199,9.8257,0.0012,60,0.0001,30.8684,30.8579,30.8879,0.0076,60,0.001,94.6677,94.536,94.81,0.0819,60,0.0106,95.0323,94.9006,95.1746,0.0819,60,0.0106,23.7548,23.7465,23.7702,0.006,60,0.0008,23.7564,23.7482,23.7718,0.006,60,0.0008,9.8326,9.8302,9.8359,0.0012,60,0.0001
2016-01-05T06:30:00.000 ,23,31.0103,30.999,31.0252,0.0061,60,0.0008,1024.1816,1024.1737,1024.1927,0.0043,60,0.0006,0.6314,0.5411,0.6843,0.0311,60,0.004,27.5333,23.5953,29.8393,1.3582,60,0.1753,9.8205,9.8195,9.8219,0.0006,60,0.0001,30.8611,30.8499,30.876,0.006,60,0.0008,94.9502,94.814,95.096,0.081,60,0.0105,95.3148,95.1786,95.4606,0.081,60,0.0105,23.7494,23.7408,23.7611,0.0047,60,0.0006,23.751,23.7424,23.7627,0.0047,60,0.0006,9.8308,9.8298,9.8322,0.0006,60,0.0001
2016-01-05T07:30:00.000 ,23,30.993,30.9893,30.9971,0.0019,60,0.0002,1024.1696,1024.1675,1024.1722,0.0012,60,0.0002,0.7377,0.6945,0.7573,0.0136,60,0.0018,32.1675,30.2838,33.025,0.5953,60,0.0768,9.8209,9.8194,9.8233,0.0009,60,0.0001,30.8439,30.8402,30.848,0.0019,60,0.0002,95.27,95.098,95.422,0.0967,60,0.0125,95.6346,95.4626,95.7866,0.0967,60,0.0125,23.7359,23.7332,23.7393,0.0015,60,0.0002,23.7375,23.7349,23.7409,0.0015,60,0.0002,9.8312,9.8297,9.8336,0.0009,60,0.0001
2016-01-05T08:30:00.000 ,23,30.9851,30.9537,31.0146,0.0176,60,0.0023,1024.1655,1024.1426,1024.1872,0.0128,60,0.0017,0.7649,0.6108,0.9367,0.0947,60,0.0122,33.3546,26.6329,40.8494,4.1298,60,0.5332,9.8168,9.8108,9.8213,0.0032,60,0.0004,30.8361,30.8048,30.8654,0.0175,60,0.0023,95.5604,95.429,95.698,0.0809,60,0.0104,95.925,95.7936,96.0626,0.0809,60,0.0104,23.7304,23.707,23.7526,0.0131,60,0.0017,23.7321,23.7086,23.7543,0.0131,60,0.0017,9.8271,9.8211,9.8316,0.0032,60,0.0004
2016-01-05T09:30:00.000 ,23,30.9401,30.9174,30.9602,0.0131,60,0.0017,1024.1331,1024.1165,1024.1476,0.0096,60,0.0012,0.9932,0.9054,1.0964,0.0594,60,0.0077,43.314,39.4817,47.8122,2.5893,60,0.3343,9.8078,9.8025,9.8125,0.003,60,0.0004,30.7913,30.7687,30.8113,0.013,60,0.0017,95.8114,95.701,95.909,0.0595,60,0.0077,96.176,96.0656,96.2736,0.0595,60,0.0077,23.6969,23.6802,23.7118,0.0097,60,0.0013,23.6986,23.6818,23.7134,0.0097,60,0.0013,9.8182,9.8128,9.8228,0.003,60,0.0004
2016-01-05T10:30:00.000 ,23,30.9684,30.9423,31.0053,0.0195,60,0.0025,1024.1546,1024.1356,1024.1821,0.0146,60,0.0019,0.8613,0.6983,0.9838,0.0875,60,0.0113,37.5587,30.452,42.9029,3.8165,60,0.4927,9.8159,9.8079,9.8238,0.0049,60,0.0006,30.8195,30.7935,30.8561,0.0195,60,0.0025,95.9995,95.91,96.055,0.0442,60,0.0057,96.3641,96.2746,96.4196,0.0442,60,0.0057,23.7176,23.6985,23.7449,0.0144,60,0.0019,23.7193,23.7002,23.7466,0.0144,60,0.0019,9.8263,9.8183,9.8342,0.0049,60,0.0006
2016-01-05T11:30:00.000 ,23,31.0658,31.0077,31.0849,0.0187,60,0.0024,1024.2285,1024.1838,1024.2432,0.0143,60,0.0018,0.4069,0.3453,0.6842,0.0854,60,0.011,17.7432,15.0573,29.8373,3.7261,60,0.481,9.8276,9.8234,9.8309,0.0015,60,0.0002,30.9163,30.8585,30.9354,0.0186,60,0.0024,96.0615,96.051,96.071,0.0043,60,0.0006,96.4261,96.4156,96.4356,0.0043,60,0.0006,23.7913,23.7466,23.806,0.0143,60,0.0018,23.7929,23.7482,23.8077,0.0143,60,0.0018,9.838,9.8338,9.8413,0.0015,60,0.0002
2016-01-05T12:30:00.000 ,23,31.0801,31.0721,31.0849,0.0032,60,0.0004,1024.2393,1024.2333,1024.2431,0.0024,60,0.0003,0.3429,0.3252,0.373,0.0126,60,0.0016,14.9526,14.1798,16.2636,0.5481,60,0.0708,9.829,9.827,9.8347,0.0018,60,0.0002,30.9306,30.9226,30.9354,0.0032,60,0.0004,96.0402,96.012,96.067,0.0181,60,0.0023,96.4049,96.3766,96.4316,0.0181,60,0.0023,23.8022,23.7961,23.8061,0.0024,60,0.0003,23.8038,23.7978,23.8077,0.0024,60,0.0003,9.8394,9.8374,9.8451,0.0018,60,0.0002
2016-01-05T13:30:00.000 ,23,31.0632,31.0405,31.0869,0.0132,60,0.0017,1024.2258,1024.2087,1024.2446,0.0102,60,0.0013,0.4198,0.3262,0.5112,0.0536,60,0.0069,18.3036,14.2225,22.2904,2.3364,60,0.3016,9.8302,9.8265,9.8399,0.0029,60,0.0004,30.9138,30.8912,30.9374,0.0131,60,0.0017,95.9917,95.96,96.015,0.0148,60,0.0019,96.3564,96.3246,96.3796,0.0148,60,0.0019,23.7889,23.7718,23.8078,0.0103,60,0.0013,23.7906,23.7735,23.8094,0.0103,60,0.0013,9.8406,9.8369,9.8503,0.0029,60,0.0004
2016-01-05T14:30:00.000 ,23,31.0653,31.0466,31.0878,0.0118,60,0.0015,1024.2269,1024.2125,1024.2451,0.0093,60,0.0012,0.4064,0.3199,0.4736,0.0431,60,0.0056,17.7223,13.9473,20.6509,1.8805,60,0.2428,9.8322,9.8275,9.8378,0.0027,60,0.0003,30.9159,30.8973,30.9383,0.0117,60,0.0015,95.9462,95.939,95.957,0.0045,60,0.0006,96.3108,96.3036,96.3216,0.0045,60,0.0006,23.7902,23.7758,23.8084,0.0093,60,0.0012,23.7919,23.7775,23.8101,0.0093,60,0.0012,9.8425,9.8379,9.8482,0.0027,60,0.0003
2016-01-05T15:30:00.000 ,23,31.0789,31.0648,31.1039,0.0103,60,0.0013,1024.2374,1024.2255,1024.2576,0.0086,60,0.0011,0.3663,0.3009,0.4243,0.0409,60,0.0053,15.9732,13.1218,18.5008,1.7818,60,0.23,9.8325,9.8265,9.847,0.0041,60,0.0005,30.9294,30.9154,30.9543,0.0103,60,0.0013,95.9574,95.951,95.971,0.0047,60,0.0006,96.3221,96.3156,96.3356,0.0047,60,0.0006,23.8007,23.7888,23.8208,0.0086,60,0.0011,23.8024,23.7904,23.8225,0.0086,60,0.0011,9.8428,9.8369,9.8574,0.0041,60,0.0005
2016-01-05T16:30:00.000 ,23,31.0739,31.0327,31.1175,0.0217,60,0.0028,1024.2353,1024.2036,1024.2685,0.0166,60,0.0021,0.3794,0.2365,0.5377,0.0787,60,0.0102,16.543,10.3114,23.4477,3.4333,60,0.4432,9.8234,9.8212,9.8341,0.0023,60,0.0003,30.9244,30.8834,30.9678,0.0216,60,0.0028,96.0246,95.973,96.087,0.0323,60,0.0042,96.3893,96.3376,96.4516,0.0323,60,0.0042,23.7982,23.7663,23.8317,0.0167,60,0.0022,23.7999,23.768,23.8333,0.0167,60,0.0022,9.8338,9.8316,9.8445,0.0023,60,0.0003
2016-01-05T17:30:00.000 ,23,31.0575,31.0397,31.078,0.0074,60,0.001,1024.2224,1024.2094,1024.239,0.0055,60,0.0007,0.4459,0.3813,0.496,0.0259,60,0.0033,19.4437,16.6243,21.6284,1.128,60,0.1456,9.8286,9.8216,9.8409,0.0068,60,0.0009,30.9081,30.8904,30.9285,0.0074,60,0.001,96.1706,96.089,96.251,0.0489,60,0.0063,96.5353,96.4536,96.6156,0.0489,60,0.0063,23.7847,23.7719,23.8017,0.0055,60,0.0007,23.7863,23.7736,23.8033,0.0055,60,0.0007,9.839,9.832,9.8513,0.0068,60,0.0009
2016-01-05T18:30:00.000 ,23,31.0619,31.0315,31.0842,0.015,60,0.0019,1024.226,1024.2031,1024.2436,0.0116,60,0.0015,0.4231,0.3444,0.5362,0.0526,60,0.0068,18.4482,15.0151,23.3823,2.2946,60,0.2962,9.832,9.8271,9.8432,0.0042,60,0.0005,30.9125,30.8822,30.9347,0.0149,60,0.0019,96.3254,96.253,96.394,0.0436,60,0.0056,96.69,96.6176,96.7586,0.0436,60,0.0056,23.7876,23.7643,23.8052,0.0117,60,0.0015,23.7893,23.766,23.8069,0.0117,60,0.0015,9.8424,9.8375,9.8536,0.0042,60,0.0005
2016-01-05T19:30:00.000 ,23,31.0148,30.9948,31.0447,0.013,60,0.0017,1024.191,1024.1758,1024.214,0.0098,60,0.0013,0.612,0.5218,0.7125,0.0626,60,0.0081,26.6877,22.7513,31.0693,2.7297,60,0.3524,9.8252,9.8228,9.8299,0.0017,60,0.0002,30.8656,30.8457,30.8953,0.013,60,0.0017,96.4316,96.402,96.447,0.0125,60,0.0016,96.7962,96.7666,96.8116,0.0125,60,0.0016,23.7521,23.7368,23.7751,0.0099,60,0.0013,23.7538,23.7385,23.7768,0.0099,60,0.0013,9.8356,9.8332,9.8403,0.0017,60,0.0002
2016-01-05T20:30:00.000 ,23,30.9917,30.9851,31.0005,0.0049,60,0.0006,1024.1737,1024.1689,1024.1804,0.0037,60,0.0005,0.7216,0.6836,0.7519,0.0199,60,0.0026,31.4676,29.8099,32.7864,0.869,60,0.1122,9.8223,9.8208,9.8241,0.0009,60,0.0001,30.8426,30.836,30.8514,0.0049,60,0.0006,96.461,96.442,96.473,0.008,60,0.001,96.8256,96.8066,96.8376,0.008,60,0.001,23.7346,23.7297,23.7413,0.0037,60,0.0005,23.7363,23.7314,23.743,0.0037,60,0.0005,9.8327,9.8312,9.8345,0.0009,60,0.0001
2016-01-05T21:30:00.000 ,23,31.0159,30.9798,31.0389,0.0156,60,0.002,1024.1911,1024.165,1024.2078,0.0113,60,0.0015,0.6079,0.5047,0.7682,0.073,60,0.0094,26.5079,22.0065,33.4979,3.1846,60,0.4111,9.8282,9.8188,9.8327,0.0037,60,0.0005,30.8666,30.8308,30.8896,0.0155,60,0.002,96.3703,96.273,96.456,0.0552,60,0.0071,96.735,96.6376,96.8206,0.0552,60,0.0071,23.7524,23.7259,23.7696,0.0116,60,0.0015,23.7541,23.7276,23.7713,0.0116,60,0.0015,9.8386,9.8292,9.8431,0.0037,60,0.0005
2016-01-05T22:30:00.000 ,23,31.0632,31.0337,31.081,0.016,60,0.0021,1024.2265,1024.204,1024.2406,0.0124,60,0.0016,0.4084,0.3328,0.5207,0.0657,60,0.0085,17.8061,14.5093,22.7046,2.8654,60,0.3699,9.829,9.8237,9.8321,0.0029,60,0.0004,30.9138,30.8844,30.9315,0.016,60,0.0021,96.118,95.946,96.265,0.0953,60,0.0123,96.4826,96.3106,96.6296,0.0953,60,0.0123,23.789,23.7659,23.8036,0.0127,60,0.0016,23.7907,23.7675,23.8052,0.0127,60,0.0016,9.8394,9.8341,9.8425,0.0029,60,0.0004
2016-01-05T23:30:00.000 ,23,31.0646,31.028,31.0783,0.0118,60,0.0015,1024.2266,1024.1973,1024.2381,0.0096,60,0.0012,0.3869,0.3398,0.5294,0.0441,60,0.0057,16.8716,14.8163,23.086,1.9219,60,0.2481,9.8251,9.824,9.8263,0.0005,60,0.0001,30.9152,30.8788,30.9288,0.0118,60,0.0015,95.7406,95.536,95.944,0.1203,60,0.0155,96.1053,95.9006,96.3086,0.1203,60,0.0155,23.7908,23.7623,23.8015,0.0092,60,0.0012,23.7924,23.7639,23.8032,0.0092,60,0.0012,9.8354,9.8343,9.8366,0.0005,60,0.0001
2016-01-06T00:30:00.000 ,23,31.0615,31.035,31.0846,0.0131,60,0.0017,1024.2218,1024.2024,1024.2387,0.0094,60,0.0012,0.4118,0.3353,0.5081,0.0462,60,0.006,17.9555,14.6224,22.1548,2.0166,60,0.2603,9.8274,9.8249,9.8297,0.0015,60,0.0002,30.9121,30.8857,30.9351,0.0131,60,0.0017,95.3147,95.104,95.525,0.1262,60,0.0163,95.6793,95.4686,95.8896,0.1262,60,0.0163,23.788,23.7676,23.8058,0.01,60,0.0013,23.7897,23.7692,23.8075,0.01,60,0.0013,9.8377,9.8352,9.84,0.0015,60,0.0002
2016-01-06T01:30:00.000 ,23,31.1012,31.0848,31.1157,0.0079,60,0.001,1024.251,1024.2386,1024.2619,0.006,60,0.0008,0.2771,0.2335,0.3341,0.0266,60,0.0034,12.0832,10.1834,14.5691,1.1598,60,0.1497,9.8255,9.8234,9.8297,0.0016,60,0.0002,30.9516,30.9353,30.9661,0.0079,60,0.001,94.891,94.706,95.099,0.1185,60,0.0153,95.2556,95.0706,95.4636,0.1185,60,0.0153,23.8192,23.8058,23.8306,0.0064,60,0.0008,23.8208,23.8074,23.8322,0.0063,60,0.0008,9.8357,9.8337,9.84,0.0016,60,0.0002
2016-01-06T02:30:00.000 ,23,31.0798,31.0582,31.1,0.0143,60,0.0018,1024.2326,1024.2153,1024.2486,0.0112,60,0.0014,0.3506,0.2806,0.4294,0.0488,60,0.0063,15.2897,12.2332,18.7234,2.1273,60,0.2746,9.8275,9.825,9.8348,0.002,60,0.0003,30.9304,30.9088,30.9504,0.0142,60,0.0018,94.5475,94.425,94.7,0.0804,60,0.0104,94.9122,94.7896,95.0646,0.0804,60,0.0104,23.8023,23.785,23.8182,0.0113,60,0.0015,23.8039,23.7867,23.8199,0.0113,60,0.0015,9.8377,9.8352,9.845,0.002,60,0.0003
2016-01-06T03:30:00.000 ,23,31.0967,31.0793,31.1111,0.0065,60,0.0008,1024.2451,1024.2312,1024.256,0.0051,60,0.0007,0.2773,0.2372,0.3198,0.0211,60,0.0027,12.092,10.3417,13.9449,0.9204,60,0.1188,9.8256,9.8242,9.8278,0.0008,60,0.0001,30.9472,30.9298,30.9615,0.0065,60,0.0008,94.3304,94.254,94.422,0.0518,60,0.0067,94.695,94.6186,94.7866,0.0518,60,0.0067,23.8157,23.802,23.827,0.0052,60,0.0007,23.8174,23.8037,23.8287,0.0052,60,0.0007,9.8358,9.8344,9.838,0.0008,60,0.0001
2016-01-06T04:30:00.000 ,23,31.0861,31.0162,31.1128,0.0302,60,0.0039,1024.2363,1024.1825,1024.2572,0.0234,60,0.003,0.3265,0.2335,0.5868,0.112,60,0.0145,14.2383,10.1827,25.5889,4.8846,60,0.6306,9.8262,9.8246,9.83,0.001,60,0.0001,30.9366,30.867,30.9632,0.0301,60,0.0039,94.2559,94.234,94.3,0.0195,60,0.0025,94.6205,94.5986,94.6646,0.0195,60,0.0025,23.8073,23.7533,23.8282,0.0235,60,0.003,23.809,23.7549,23.8298,0.0235,60,0.003,9.8364,9.8348,9.8402,0.001,60,0.0001
2016-01-06T05:30:00.000 ,23,31.0443,31.0153,31.0755,0.0167,60,0.0022,1024.2046,1024.1821,1024.229,0.0133,60,0.0017,0.4845,0.3722,0.6094,0.0705,60,0.0091,21.1267,16.2291,26.5738,3.0726,60,0.3967,9.8263,9.8245,9.8347,0.0015,60,0.0002,30.895,30.8661,30.9261,0.0166,60,0.0021,94.4059,94.302,94.539,0.0713,60,0.0092,94.7705,94.6666,94.9036,0.0713,60,0.0092,23.7749,23.7526,23.7993,0.0131,60,0.0017,23.7765,23.7543,23.8009,0.0131,60,0.0017,9.8365,9.8347,9.8449,0.0015,60,0.0002
2016-01-06T06:30:00.000 ,23,31.0329,31.0063,31.0563,0.0173,60,0.0022,1024.1973,1024.1777,1024.2146,0.0129,60,0.0017,0.5216,0.4248,0.6333,0.0743,60,0.0096,22.7462,18.5246,27.6144,3.2381,60,0.418,9.8255,9.8232,9.828,0.001,60,0.0001,30.8836,30.8572,30.9069,0.0173,60,0.0022,94.7144,94.546,94.887,0.101,60,0.013,95.0791,94.9106,95.2516,0.101,60,0.013,23.7661,23.7459,23.7842,0.0134,60,0.0017,23.7678,23.7475,23.7859,0.0134,60,0.0017,9.8357,9.8335,9.8383,0.001,60,0.0001
2016-01-06T07:30:00.000 ,23,31.0165,30.9839,31.0471,0.0171,60,0.0022,1024.1864,1024.1611,1024.2102,0.0134,60,0.0017,0.6027,0.462,0.775,0.0819,60,0.0106,26.2794,20.1446,33.7958,3.5701,60,0.4609,9.8239,9.8209,9.8277,0.0014,60,0.0002,30.8673,30.8349,30.8978,0.017,60,0.0022,95.0732,94.892,95.267,0.1124,60,0.0145,95.4379,95.2566,95.6316,0.1124,60,0.0145,23.7536,23.7288,23.7773,0.0131,60,0.0017,23.7553,23.7305,23.7789,0.0131,60,0.0017,9.8342,9.8312,9.838,0.0014,60,0.0002
2016-01-06T08:30:00.000 ,23,30.9987,30.9847,31.0196,0.0086,60,0.0011,1024.1746,1024.1649,1024.1898,0.0061,60,0.0008,0.6858,0.5809,0.7656,0.0458,60,0.0059,29.9044,25.3295,33.3873,1.9978,60,0.2579,9.8225,9.8194,9.8242,0.0011,60,0.0001,30.8496,30.8357,30.8704,0.0086,60,0.0011,95.4603,95.272,95.63,0.1045,60,0.0135,95.8249,95.6366,95.9946,0.1045,60,0.0135,23.74,23.7296,23.7561,0.0065,60,0.0008,23.7417,23.7313,23.7577,0.0065,60,0.0008,9.8328,9.8297,9.8345,0.0011,60,0.0001
2016-01-06T09:30:00.000 ,23,30.9802,30.9715,30.9923,0.0049,60,0.0006,1024.1623,1024.1552,1024.1719,0.004,60,0.0005,0.7939,0.7288,0.8409,0.0265,60,0.0034,34.6203,31.7793,36.6706,1.1571,60,0.1494,9.8194,9.8175,9.8222,0.001,60,0.0001,30.8312,30.8225,30.8432,0.0049,60,0.0006,95.7969,95.635,95.945,0.0925,60,0.0119,96.1615,95.9996,96.3096,0.0925,60,0.0119,23.7262,23.7197,23.7352,0.0037,60,0.0005,23.7279,23.7213,23.7369,0.0037,60,0.0005,9.8297,9.8278,9.8326,0.001,60,0.0001
2016-01-06T10:30:00.000 ,23,30.9811,30.9656,30.9984,0.0062,60,0.0008,1024.1644,1024.1534,1024.1783,0.0048,60,0.0006,0.7967,0.7011,0.8593,0.0325,60,0.0042,34.7397,30.5734,37.4707,1.4155,60,0.1827,9.8185,9.8142,9.8206,0.0013,60,0.0002,30.8321,30.8166,30.8493,0.0062,60,0.0008,96.081,95.95,96.21,0.078,60,0.0101,96.4456,96.3146,96.5746,0.078,60,0.0101,23.727,23.7156,23.7403,0.0047,60,0.0006,23.7287,23.7173,23.742,0.0047,60,0.0006,9.8289,9.8246,9.831,0.0013,60,0.0002
2016-01-06T11:30:00.000 ,23,31.0154,31.0021,31.0273,0.0082,60,0.0011,1024.1912,1024.1806,1024.2005,0.0064,60,0.0008,0.5848,0.5218,0.6696,0.0439,60,0.0057,25.5026,22.7529,29.1974,1.9141,60,0.2471,9.823,9.8196,9.8319,0.003,60,0.0004,30.8662,30.853,30.878,0.0081,60,0.0011,96.2876,96.216,96.326,0.0314,60,0.0041,96.6523,96.5806,96.6906,0.0314,60,0.0041,23.7529,23.7422,23.7624,0.0065,60,0.0008,23.7546,23.7439,23.764,0.0065,60,0.0008,9.8335,9.83,9.8423,0.003,60,0.0004
2016-01-06T12:30:00.000 ,23,31.0267,31.0073,31.0523,0.0137,60,0.0018,1024.1999,1024.1853,1024.2193,0.0104,60,0.0013,0.5354,0.438,0.6066,0.0516,60,0.0067,23.346,19.0993,26.4525,2.2511,60,0.2906,9.8252,9.8216,9.8303,0.0021,60,0.0003,30.8774,30.8581,30.9029,0.0136,60,0.0018,96.3457,96.327,96.358,0.0087,60,0.0011,96.7103,96.6916,96.7226,0.0087,60,0.0011,23.7613,23.7468,23.7808,0.0104,60,0.0013,23.763,23.7484,23.7824,0.0104,60,0.0013,9.8356,9.832,9.8407,0.0021,60,0.0003
2016-01-06T13:30:00.000 ,23,31.0713,31.0505,31.0901,0.0091,60,0.0012,1024.2334,1024.2176,1024.2483,0.0069,60,0.0009,0.3741,0.3197,0.453,0.0322,60,0.0042,16.311,13.9382,19.7541,1.4041,60,0.1813,9.8301,9.8272,9.8344,0.0024,60,0.0003,30.9218,30.9011,30.9405,0.0091,60,0.0012,96.2919,96.249,96.329,0.0223,60,0.0029,96.6566,96.6136,96.6936,0.0223,60,0.0029,23.7951,23.7792,23.8101,0.007,60,0.0009,23.7968,23.7809,23.8118,0.007,60,0.0009,9.8405,9.8376,9.8448,0.0024,60,0.0003
2016-01-06T14:30:00.000 ,23,31.0832,31.056,31.1004,0.0147,60,0.0019,1024.2423,1024.2221,1024.2552,0.0111,60,0.0014,0.3362,0.2832,0.4167,0.0441,60,0.0057,14.6584,12.35,18.1686,1.925,60,0.2485,9.83,9.8257,9.838,0.0025,60,0.0003,30.9337,30.9066,30.9508,0.0146,60,0.0019,96.2091,96.178,96.249,0.0196,60,0.0025,96.5737,96.5426,96.6136,0.0196,60,0.0025,23.8044,23.784,23.8174,0.0112,60,0.0014,23.8061,23.7857,23.8191,0.0112,60,0.0014,9.8404,9.8361,9.8484,0.0025,60,0.0003
2016-01-06T15:30:00.000 ,23,31.1003,31.0871,31.1093,0.0058,60,0.0008,1024.2553,1024.2444,1024.2627,0.0049,60,0.0006,0.2822,0.2534,0.3213,0.0181,60,0.0023,12.3037,11.051,14.0092,0.7879,60,0.1017,9.8301,9.8258,9.8346,0.0024,60,0.0003,30.9507,30.9376,30.9596,0.0058,60,0.0007,96.1629,96.153,96.181,0.0078,60,0.001,96.5276,96.5176,96.5456,0.0078,60,0.001,23.8177,23.8067,23.825,0.0049,60,0.0006,23.8194,23.8084,23.8267,0.0049,60,0.0006,9.8406,9.8362,9.845,0.0024,60,0.0003
2016-01-06T16:30:00.000 ,23,31.0898,31.0786,31.0953,0.0034,60,0.0004,1024.2469,1024.2387,1024.2511,0.0025,60,0.0003,0.315,0.2963,0.3485,0.0096,60,0.0012,13.7353,12.9213,15.1949,0.4196,60,0.0542,9.8324,9.8293,9.8367,0.0017,60,0.0002,30.9403,30.9291,30.9457,0.0034,60,0.0004,96.1754,96.158,96.201,0.0119,60,0.0015,96.5401,96.5226,96.5656,0.0119,60,0.0015,23.8092,23.8008,23.8135,0.0025,60,0.0003,23.8108,23.8025,23.8151,0.0025,60,0.0003,9.8428,9.8397,9.8471,0.0017,60,0.0002
2016-01-06T17:30:00.000 ,23,31.0905,31.069,31.1074,0.0087,60,0.0011,1024.248,1024.2322,1024.2618,0.0067,60,0.0009,0.3077,0.2573,0.3565,0.0242,60,0.0031,13.4162,11.2209,15.5462,1.055,60,0.1362,9.8313,9.8261,9.8513,0.0049,60,0.0006,30.941,30.9195,30.9578,0.0086,60,0.0011,96.245,96.202,96.294,0.0267,60,0.0035,96.6096,96.5666,96.6586,0.0267,60,0.0035,23.8099,23.7939,23.8239,0.0067,60,0.0009,23.8116,23.7956,23.8255,0.0067,60,0.0009,9.8417,9.8365,9.8617,0.0049,60,0.0006
2016-01-06T18:30:00.000 ,23,31.0842,31.0595,31.1011,0.0097,60,0.0013,1024.244,1024.2252,1024.2571,0.0075,60,0.001,0.3169,0.2683,0.3885,0.0327,60,0.0042,13.8195,11.6967,16.9419,1.428,60,0.1843,9.8286,9.8266,9.8296,0.0008,60,0.0001,30.9347,30.9101,30.9515,0.0097,60,0.0012,96.3638,96.296,96.43,0.0388,60,0.005,96.7284,96.6606,96.7946,0.0388,60,0.005,23.8054,23.7863,23.8187,0.0076,60,0.001,23.8071,23.7879,23.8204,0.0076,60,0.001,9.839,9.837,9.84,0.0008,60,0.0001
2016-01-06T19:30:00.000 ,23,31.0559,31.0381,31.0748,0.0095,60,0.0012,1024.2228,1024.2089,1024.2371,0.0073,60,0.0009,0.4124,0.3492,0.4676,0.0342,60,0.0044,17.9825,15.2282,20.3901,1.4932,60,0.1928,9.8275,9.825,9.8301,0.0015,60,0.0002,30.9065,30.8888,30.9253,0.0095,60,0.0012,96.4904,96.43,96.542,0.0334,60,0.0043,96.855,96.7946,96.9066,0.0334,60,0.0043,23.7836,23.7698,23.798,0.0073,60,0.0009,23.7853,23.7715,23.7997,0.0073,60,0.0009,9.838,9.8354,9.8405,0.0015,60,0.0002
2016-01-06T20:30:00.000 ,23,31.0322,31.0088,31.0586,0.0126,60,0.0016,1024.2051,1024.1876,1024.2253,0.0095,60,0.0012,0.5011,0.3881,0.5856,0.0488,60,0.0063,21.8487,16.9222,25.5365,2.1272,60,0.2746,9.8254,9.8216,9.8283,0.0016,60,0.0002,30.8829,30.8596,30.9092,0.0125,60,0.0016,96.5593,96.538,96.577,0.0093,60,0.0012,96.9239,96.9026,96.9416,0.0093,60,0.0012,23.7656,23.748,23.7859,0.0096,60,0.0012,23.7673,23.7497,23.7875,0.0096,60,0.0012,9.8359,9.832,9.8388,0.0016,60,0.0002
2016-01-06T21:30:00.000 ,23,31.0622,31.0319,31.0968,0.0183,60,0.0024,1024.2283,1024.205,1024.2554,0.0142,60,0.0018,0.3872,0.2843,0.5045,0.0676,60,0.0087,16.8817,12.3961,22.0007,2.9459,60,0.3803,9.8254,9.8233,9.8268,0.0009,60,0.0001,30.9128,30.8826,30.9472,0.0183,60,0.0024,96.5539,96.513,96.575,0.0175,60,0.0023,96.9185,96.8776,96.9396,0.0175,60,0.0023,23.7888,23.7655,23.8159,0.0142,60,0.0018,23.7905,23.7672,23.8176,0.0142,60,0.0018,9.8359,9.8338,9.8373,0.0009,60,0.0001
2016-01-06T22:30:00.000 ,23,31.0355,30.9956,31.082,0.0293,60,0.0038,1024.2073,1024.1763,1024.2433,0.0228,60,0.0029,0.4815,0.2996,0.6723,0.1348,60,0.0174,20.9957,13.0635,29.3153,5.8789,60,0.759,9.8227,9.8193,9.8264,0.0017,60,0.0002,30.8862,30.8465,30.9325,0.0292,60,0.0038,96.3951,96.25,96.511,0.0786,60,0.0102,96.7597,96.6146,96.8756,0.0786,60,0.0102,23.7685,23.7381,23.8041,0.0225,60,0.0029,23.7702,23.7398,23.8058,0.0225,60,0.0029,9.8332,9.8297,9.8368,0.0018,60,0.0002
2016-01-06T23:30:00.000 ,23,31.0309,30.9943,31.0462,0.014,60,0.0018,1024.2022,1024.175,1024.2139,0.0104,60,0.0013,0.4949,0.4092,0.673,0.0741,60,0.0096,21.5785,17.8434,29.3464,3.2321,60,0.4173,9.8227,9.8196,9.8241,0.001,60,0.0001,30.8817,30.8452,30.8969,0.014,60,0.0018,96.0544,95.838,96.241,0.1195,60,0.0154,96.419,96.2026,96.6056,0.1195,60,0.0154,23.765,23.7371,23.777,0.0108,60,0.0014,23.7667,23.7387,23.7786,0.0108,60,0.0014,9.8331,9.83,9.8345,0.001,60,0.0001
2016-01-07T00:30:00.000 ,23,31.0085,30.9754,31.0367,0.02,60,0.0026,1024.183,1024.158,1024.2054,0.0155,60,0.002,0.6065,0.4451,0.7546,0.1025,60,0.0132,26.4452,19.4086,32.9056,4.4705,60,0.5771,9.8211,9.8153,9.8253,0.0023,60,0.0003,30.8593,30.8264,30.8874,0.0199,60,0.0026,95.5957,95.364,95.83,0.139,60,0.0179,95.9603,95.7286,96.1946,0.139,60,0.0179,23.7479,23.7231,23.7695,0.0152,60,0.002,23.7495,23.7248,23.7712,0.0152,60,0.002,9.8314,9.8256,9.8356,0.0023,60,0.0003
2016-01-07T01:30:00.000 ,23,31.0709,30.9939,31.1025,0.0295,60,0.0038,1024.2288,1024.1707,1024.2532,0.0222,60,0.0029,0.3609,0.2711,0.6945,0.1153,60,0.0149,15.7366,11.8222,30.285,5.0273,60,0.649,9.8241,9.8203,9.8265,0.0014,60,0.0002,30.9214,30.8448,30.9529,0.0293,60,0.0038,95.1211,94.894,95.356,0.1343,60,0.0173,95.4857,95.2586,95.7206,0.1343,60,0.0173,23.7958,23.7367,23.8202,0.0227,60,0.0029,23.7975,23.7383,23.8219,0.0227,60,0.0029,9.8344,9.8306,9.8368,0.0014,60,0.0002
2016-01-07T02:30:00.000 ,23,31.0933,31.0857,31.0979,0.0028,60,0.0004,1024.2436,1024.2389,1024.2466,0.002,60,0.0003,0.2809,0.267,0.2963,0.0075,60,0.001,12.2469,11.6411,12.9214,0.3277,60,0.0423,9.8275,9.8245,9.8307,0.0013,60,0.0002,30.9438,30.9362,30.9483,0.0028,60,0.0004,94.6736,94.489,94.888,0.12,60,0.0155,95.0382,94.8536,95.2526,0.12,60,0.0155,23.8127,23.807,23.8162,0.0021,60,0.0003,23.8144,23.8087,23.8178,0.0021,60,0.0003,9.8377,9.8347,9.841,0.0013,60,0.0002
2016-01-07T03:30:00.000 ,23,31.0806,31.0548,31.0956,0.0129,60,0.0017,1024.2326,1024.2123,1024.2447,0.0104,60,0.0013,0.3302,0.2815,0.4066,0.0439,60,0.0057,14.3988,12.2761,17.7296,1.9139,60,0.2471,9.8257,9.8231,9.8298,0.0021,60,0.0003,30.9311,30.9055,30.9461,0.0128,60,0.0017,94.3503,94.233,94.481,0.0745,60,0.0096,94.7149,94.5976,94.8456,0.0745,60,0.0096,23.8031,23.783,23.8151,0.0101,60,0.0013,23.8048,23.7846,23.8167,0.0101,60,0.0013,9.836,9.8333,9.84,0.0021,60,0.0003
2016-01-07T04:30:00.000 ,23,31.0547,31.0263,31.094,0.0251,60,0.0032,1024.2118,1024.1898,1024.2424,0.0195,60,0.0025,0.4237,0.282,0.5429,0.0943,60,0.0122,18.4766,12.2967,23.6753,4.1109,60,0.5307,9.8244,9.822,9.8303,0.0015,60,0.0002,30.9053,30.8771,30.9445,0.025,60,0.0032,94.1533,94.111,94.228,0.0366,60,0.0047,94.5179,94.4756,94.5926,0.0366,60,0.0047,23.7832,23.7614,23.8135,0.0194,60,0.0025,23.7849,23.763,23.8152,0.0194,60,0.0025,9.8346,9.8322,9.8405,0.0015,60,0.0002
2016-01-07T05:30:00.000 ,23,31.0141,31.0015,31.0531,0.0141,60,0.0018,1024.1807,1024.1701,1024.2101,0.0105,60,0.0014,0.5961,0.4495,0.6522,0.0564,60,0.0073,25.9948,19.6012,28.4393,2.4607,60,0.3177,9.8228,9.8194,9.8303,0.0029,60,0.0004,30.8649,30.8524,30.9038,0.0141,60,0.0018,94.1804,94.114,94.276,0.0489,60,0.0063,94.5451,94.4786,94.6406,0.0489,60,0.0063,23.752,23.741,23.7815,0.0106,60,0.0014,23.7536,23.7426,23.7832,0.0106,60,0.0014,9.833,9.8296,9.8405,0.0029,60,0.0004
2016-01-07T06:30:00.000 ,23,31.0432,31.0105,31.0836,0.0163,60,0.0021,1024.2042,1024.1777,1024.235,0.0127,60,0.0016,0.482,0.3467,0.6329,0.0656,60,0.0085,21.0198,15.1194,27.5992,2.861,60,0.3694,9.8247,9.8222,9.8275,0.0015,60,0.0002,30.8939,30.8614,30.9341,0.0162,60,0.0021,94.443,94.281,94.628,0.105,60,0.0136,94.8076,94.6456,94.9926,0.105,60,0.0136,23.7743,23.7485,23.8054,0.0126,60,0.0016,23.776,23.7501,23.807,0.0126,60,0.0016,9.8349,9.8324,9.8377,0.0015,60,0.0002
2016-01-07T07:30:00.000 ,23,31.0763,31.0405,31.1092,0.0154,60,0.002,1024.2317,1024.2031,1024.2561,0.0119,60,0.0015,0.3479,0.2519,0.4939,0.0617,60,0.008,15.1717,10.9855,21.5389,2.689,60,0.3471,9.8246,9.8223,9.8284,0.0013,60,0.0002,30.9269,30.8912,30.9596,0.0153,60,0.002,94.8372,94.639,95.043,0.1197,60,0.0155,95.2018,95.0036,95.4076,0.1197,60,0.0155,23.8,23.7723,23.8249,0.0118,60,0.0015,23.8016,23.7739,23.8266,0.0118,60,0.0015,9.8349,9.8326,9.8387,0.0013,60,0.0002
2016-01-07T08:30:00.000 ,23,31.056,31.0357,31.0782,0.0137,60,0.0018,1024.2181,1024.2036,1024.2343,0.0099,60,0.0013,0.3752,0.2947,0.4451,0.0457,60,0.0059,16.3621,12.8496,19.4082,1.9949,60,0.2575,9.8232,9.8207,9.8259,0.0012,60,0.0001,30.9067,30.8864,30.9287,0.0137,60,0.0018,95.2725,95.05,95.49,0.1314,60,0.017,95.6371,95.4146,95.8546,0.1314,60,0.017,23.7845,23.7689,23.8015,0.0105,60,0.0014,23.7861,23.7706,23.8032,0.0105,60,0.0014,9.8335,9.831,9.8362,0.0011,60,0.0001
2016-01-07T09:30:00.000 ,23,31.0259,31.0108,31.0441,0.0097,60,0.0013,1024.1971,1024.1863,1024.2113,0.007,60,0.0009,0.4839,0.4274,0.5526,0.0349,60,0.0045,21.0995,18.6361,24.0977,1.5237,60,0.1967,9.8208,9.8191,9.8239,0.001,60,0.0001,30.8766,30.8616,30.8948,0.0097,60,0.0012,95.7079,95.499,95.909,0.1216,60,0.0157,96.0725,95.8636,96.2736,0.1216,60,0.0157,23.7614,23.7499,23.7754,0.0074,60,0.001,23.7631,23.7515,23.7771,0.0074,60,0.001,9.8311,9.8295,9.8343,0.001,60,0.0001
2016-01-07T10:30:00.000 ,23,31.0163,31.0018,31.0336,0.0088,60,0.0011,1024.1913,1024.1804,1024.2039,0.0065,60,0.0008,0.5521,0.4728,0.6378,0.0553,60,0.0071,24.0761,20.6164,27.8119,2.4103,60,0.3112,9.821,9.8195,9.827,0.0013,60,0.0002,30.8671,30.8527,30.8843,0.0088,60,0.0011,96.0872,95.913,96.249,0.0996,60,0.0129,96.4518,96.2776,96.6136,0.0996,60,0.0129,23.7539,23.7429,23.7671,0.0068,60,0.0009,23.7556,23.7446,23.7688,0.0068,60,0.0009,9.8314,9.8299,9.8374,0.0013,60,0.0002
2016-01-07T11:30:00.000 ,23,31.0034,30.996,31.0143,0.0054,60,0.0007,1024.183,1024.1772,1024.1904,0.0038,60,0.0005,0.6313,0.5922,0.6745,0.0258,60,0.0033,27.53,25.8223,29.4116,1.1242,60,0.1451,9.8193,9.8179,9.8222,0.0008,60,0.0001,30.8543,30.8469,30.8651,0.0054,60,0.0007,96.393,96.254,96.501,0.0764,60,0.0099,96.7576,96.6186,96.8656,0.0764,60,0.0099,23.7442,23.7386,23.7522,0.0041,60,0.0005,23.7459,23.7403,23.7539,0.0041,60,0.0005,9.8297,9.8283,9.8326,0.0008,60,0.0001
2016-01-07T12:30:00.000 ,23,30.995,30.9758,31.008,0.0119,60,0.0015,1024.1771,1024.1631,1024.1867,0.0087,60,0.0011,0.671,0.6067,0.7588,0.0573,60,0.0074,29.2609,26.4562,33.088,2.5,60,0.3228,9.8197,9.8153,9.8285,0.0031,60,0.0004,30.8458,30.8268,30.8588,0.0118,60,0.0015,96.5481,96.506,96.578,0.0215,60,0.0028,96.9127,96.8706,96.9426,0.0215,60,0.0028,23.7376,23.7234,23.7472,0.0088,60,0.0011,23.7392,23.7251,23.7489,0.0088,60,0.0011,9.8301,9.8257,9.8389,0.0031,60,0.0004
2016-01-07T13:30:00.000 ,23,30.989,30.9647,31.0144,0.0147,60,0.0019,1024.1726,1024.1546,1024.192,0.0111,60,0.0014,0.7024,0.5592,0.8149,0.0781,60,0.0101,30.6283,24.384,35.5373,3.4077,60,0.4399,9.8188,9.8125,9.8255,0.0031,60,0.0004,30.8399,30.8157,30.8652,0.0147,60,0.0019,96.5484,96.502,96.576,0.0213,60,0.0028,96.913,96.8666,96.9406,0.0213,60,0.0028,23.7331,23.7152,23.7524,0.011,60,0.0014,23.7348,23.7169,23.7541,0.011,60,0.0014,9.8292,9.8229,9.8359,0.0031,60,0.0004
2016-01-07T14:30:00.000 ,23,31.0201,30.9796,31.0666,0.0233,60,0.003,1024.1957,1024.1654,1024.2303,0.0174,60,0.0022,0.557,0.3815,0.7588,0.0892,60,0.0115,24.2868,16.6343,33.087,3.8915,60,0.5024,9.8218,9.817,9.829,0.0036,60,0.0005,30.8709,30.8306,30.9171,0.0232,60,0.003,96.437,96.371,96.503,0.04,60,0.0052,96.8017,96.7356,96.8676,0.04,60,0.0052,23.7567,23.7261,23.7917,0.0175,60,0.0023,23.7584,23.7278,23.7933,0.0175,60,0.0023,9.8322,9.8274,9.8394,0.0036,60,0.0005
2016-01-07T15:30:00.000 ,23,31.0712,31.0553,31.0928,0.01,60,0.0013,1024.2337,1024.2214,1024.2503,0.0076,60,0.001,0.3638,0.2981,0.4089,0.0311,60,0.004,15.8647,12.9964,17.8295,1.3571,60,0.1752,9.8287,9.8265,9.8308,0.001,60,0.0001,30.9217,30.9059,30.9432,0.0099,60,0.0013,96.3192,96.269,96.37,0.0306,60,0.004,96.6838,96.6336,96.7346,0.0306,60,0.004,23.7953,23.7832,23.8119,0.0076,60,0.001,23.7969,23.7849,23.8136,0.0076,60,0.001,9.8392,9.8369,9.8412,0.001,60,0.0001
2016-01-07T16:30:00.000 ,23,31.059,31.0384,31.087,0.0171,60,0.0022,1024.224,1024.2083,1024.2455,0.013,60,0.0017,0.3952,0.3027,0.4637,0.055,60,0.0071,17.2322,13.1974,20.2214,2.4005,60,0.3099,9.8277,9.8258,9.8317,0.0014,60,0.0002,30.9096,30.8891,30.9375,0.017,60,0.0022,96.2378,96.221,96.266,0.0143,60,0.0018,96.6024,96.5856,96.6306,0.0143,60,0.0018,23.786,23.7702,23.8075,0.0131,60,0.0017,23.7877,23.7719,23.8092,0.0131,60,0.0017,9.8381,9.8362,9.8421,0.0014,60,0.0002
2016-01-07T17:30:00.000 ,23,31.0696,31.0257,31.0945,0.0215,60,0.0028,1024.2323,1024.199,1024.2513,0.0164,60,0.0021,0.3625,0.283,0.5167,0.0722,60,0.0093,15.8056,12.3409,22.5296,3.15,60,0.4067,9.8268,9.8225,9.8318,0.0022,60,0.0003,30.9201,30.8764,30.9449,0.0214,60,0.0028,96.2301,96.223,96.241,0.0054,60,0.0007,96.5947,96.5876,96.6056,0.0054,60,0.0007,23.7943,23.7609,23.8133,0.0164,60,0.0021,23.796,23.7626,23.815,0.0164,60,0.0021,9.8372,9.8329,9.8422,0.0022,60,0.0003
2016-01-07T18:30:00.000 ,23,31.0301,31.0032,31.0783,0.0221,60,0.0028,1024.2027,1024.1826,1024.2394,0.0165,60,0.0021,0.4938,0.3512,0.5951,0.0764,60,0.0099,21.5318,15.3143,25.9517,3.3296,60,0.4299,9.8223,9.8185,9.8307,0.0029,60,0.0004,30.8809,30.8541,30.9288,0.022,60,0.0028,96.2843,96.241,96.338,0.0304,60,0.0039,96.649,96.6056,96.7026,0.0304,60,0.0039,23.7644,23.7442,23.8014,0.0167,60,0.0022,23.7661,23.7458,23.8031,0.0167,60,0.0022,9.8328,9.8289,9.8411,0.0029,60,0.0004
2016-01-07T19:30:00.000 ,23,31.0312,31.0086,31.0435,0.0125,60,0.0016,1024.2036,1024.1866,1024.213,0.0096,60,0.0012,0.4909,0.4463,0.5769,0.0444,60,0.0057,21.4043,19.4599,25.1569,1.9357,60,0.2499,9.8252,9.8202,9.837,0.0036,60,0.0005,30.8819,30.8594,30.8942,0.0125,60,0.0016,96.3985,96.343,96.45,0.0313,60,0.004,96.7631,96.7076,96.8146,0.0313,60,0.004,23.7648,23.7481,23.7741,0.0095,60,0.0012,23.7665,23.7497,23.7758,0.0095,60,0.0012,9.8356,9.8306,9.8474,0.0036,60,0.0005
2016-01-07T20:30:00.000 ,23,31.0319,31.0159,31.0522,0.0097,60,0.0013,1024.2052,1024.1932,1024.2204,0.0072,60,0.0009,0.4819,0.4228,0.5398,0.034,60,0.0044,21.0144,18.4366,23.5382,1.4827,60,0.1914,9.822,9.8203,9.8245,0.0012,60,0.0002,30.8826,30.8667,30.9028,0.0097,60,0.0012,96.5107,96.455,96.545,0.0276,60,0.0036,96.8754,96.8196,96.9096,0.0276,60,0.0036,23.7659,23.7537,23.7813,0.0074,60,0.0009,23.7675,23.7554,23.783,0.0074,60,0.001,9.8324,9.8307,9.8349,0.0012,60,0.0002
2016-01-07T21:30:00.000 ,23,31.0201,31.0106,31.0509,0.0111,60,0.0014,1024.1963,1024.1892,1024.2197,0.0084,60,0.0011,0.5212,0.4061,0.5658,0.0389,60,0.005,22.7292,17.7059,24.6711,1.6961,60,0.219,9.821,9.819,9.8247,0.0015,60,0.0002,30.8708,30.8614,30.9015,0.011,60,0.0014,96.5513,96.541,96.566,0.0078,60,0.001,96.9159,96.9056,96.9306,0.0078,60,0.001,23.7568,23.7497,23.7802,0.0084,60,0.0011,23.7585,23.7514,23.7819,0.0084,60,0.0011,9.8315,9.8294,9.8351,0.0015,60,0.0002
2016-01-07T22:30:00.000 ,23,31.0374,30.9967,31.0577,0.0174,60,0.0023,1024.2092,1024.1776,1024.225,0.0135,60,0.0017,0.4509,0.3702,0.6744,0.0739,60,0.0095,19.6628,16.1407,29.4101,3.2226,60,0.416,9.8232,9.82,9.8282,0.0019,60,0.0003,30.8881,30.8476,30.9083,0.0174,60,0.0022,96.5006,96.41,96.563,0.0471,60,0.0061,96.8652,96.7746,96.9276,0.0471,60,0.0061,23.7699,23.7387,23.7855,0.0133,60,0.0017,23.7716,23.7404,23.7872,0.0133,60,0.0017,9.8336,9.8304,9.8386,0.002,60,0.0003
2016-01-07T23:30:00.000 ,23,31.0038,30.9896,31.0252,0.0112,60,0.0015,1024.1825,1024.1705,1024.1995,0.009,60,0.0012,0.6074,0.4605,0.721,0.0839,60,0.0108,26.4873,20.0786,31.4409,3.6605,60,0.4726,9.8205,9.8191,9.8215,0.0005,60,0.0001,30.8547,30.8405,30.8759,0.0112,60,0.0014,96.251,96.066,96.405,0.1022,60,0.0132,96.6156,96.4306,96.7696,0.1022,60,0.0132,23.7443,23.7331,23.7609,0.0088,60,0.0011,23.746,23.7348,23.7625,0.0088,60,0.0011,9.8309,9.8295,9.8319,0.0005,60,0.0001
2016-01-08T00:30:00.000 ,23,31.0216,30.9893,31.0395,0.0153,60,0.002,1024.1941,1024.1703,1024.2069,0.0115,60,0.0015,0.5255,0.4407,0.7188,0.0896,60,0.0116,22.9132,19.2185,31.3455,3.9086,60,0.5046,9.822,9.8204,9.8242,0.001,60,0.0001,30.8724,30.8402,30.8902,0.0153,60,0.002,95.8378,95.599,96.055,0.1362,60,0.0176,96.2024,95.9636,96.4196,0.1362,60,0.0176,23.7579,23.733,23.7715,0.0118,60,0.0015,23.7595,23.7347,23.7731,0.0118,60,0.0015,9.8324,9.8308,9.8345,0.001,60,0.0001
2016-01-08T01:30:00.000 ,23,30.9951,30.964,31.0392,0.0211,60,0.0027,1024.1718,1024.1481,1024.2058,0.0163,60,0.0021,0.6694,0.4834,0.8247,0.1139,60,0.0147,29.19,21.0794,35.9626,4.9666,60,0.6412,9.8191,9.8141,9.824,0.0029,60,0.0004,30.846,30.8151,30.8899,0.021,60,0.0027,95.3426,95.094,95.588,0.1472,60,0.019,95.7072,95.4586,95.9526,0.1472,60,0.019,23.7378,23.7145,23.7713,0.0159,60,0.0021,23.7394,23.7161,23.7729,0.0159,60,0.0021,9.8294,9.8244,9.8343,0.003,60,0.0004
2016-01-08T02:30:00.000 ,23,31.0348,30.9814,31.0698,0.0271,60,0.0035,1024.1996,1024.158,1024.2265,0.021,60,0.0027,0.479,0.3243,0.7503,0.1325,60,0.0171,20.8859,14.1387,32.7164,5.7804,60,0.7462,9.8235,9.819,9.8277,0.0018,60,0.0002,30.8855,30.8324,30.9204,0.027,60,0.0035,94.8333,94.578,95.086,0.151,60,0.0195,95.1979,94.9426,95.4506,0.151,60,0.0195,23.7679,23.7272,23.795,0.0209,60,0.0027,23.7696,23.7289,23.7967,0.0209,60,0.0027,9.8337,9.8292,9.838,0.0018,60,0.0002
2016-01-08T03:30:00.000 ,23,31.0301,30.9807,31.064,0.0229,60,0.003,1024.1938,1024.1565,1024.2202,0.0173,60,0.0022,0.4977,0.3519,0.7668,0.1179,60,0.0152,21.7007,15.3424,33.4363,5.1405,60,0.6636,9.8237,9.8191,9.8302,0.0025,60,0.0003,30.8809,30.8317,30.9146,0.0228,60,0.0029,94.3583,94.177,94.57,0.1144,60,0.0148,94.723,94.5416,94.9346,0.1144,60,0.0148,23.7643,23.7266,23.79,0.0174,60,0.0023,23.7659,23.7283,23.7917,0.0174,60,0.0023,9.8339,9.8293,9.8404,0.0025,60,0.0003
2016-01-08T04:30:00.000 ,23,31.0266,31.0159,31.0431,0.0069,60,0.0009,1024.1897,1024.1807,1024.2031,0.0057,60,0.0007,0.4958,0.3873,0.5699,0.0499,60,0.0064,21.6207,16.8885,24.8495,2.1761,60,0.2809,9.8239,9.8224,9.8289,0.0014,60,0.0002,30.8774,30.8668,30.8938,0.0069,60,0.0009,94.0555,93.975,94.17,0.059,60,0.0076,94.4201,94.3396,94.5346,0.059,60,0.0076,23.7616,23.7529,23.7745,0.0055,60,0.0007,23.7632,23.7545,23.7761,0.0055,60,0.0007,9.8341,9.8326,9.8391,0.0014,60,0.0002
2016-01-08T05:30:00.000 ,23,31.0211,31.004,31.0289,0.0068,60,0.0009,1024.1845,1024.1714,1024.1907,0.0053,60,0.0007,0.5525,0.5007,0.6346,0.0404,60,0.0052,24.0918,21.8348,27.6739,1.7632,60,0.2276,9.8266,9.8249,9.8277,0.0007,60,0.0001,30.8719,30.8549,30.8797,0.0067,60,0.0009,93.9603,93.944,93.991,0.0119,60,0.0015,94.3249,94.3086,94.3556,0.0119,60,0.0015,23.7568,23.7437,23.763,0.0053,60,0.0007,23.7584,23.7454,23.7646,0.0053,60,0.0007,9.8367,9.8351,9.8379,0.0007,60,0.0001
2016-01-08T06:30:00.000 ,23,31.0395,31.0285,31.0528,0.0065,60,0.0008,1024.1996,1024.1903,1024.21,0.0054,60,0.0007,0.449,0.3785,0.515,0.0417,60,0.0054,19.5797,16.5062,22.4578,1.8204,60,0.235,9.8261,9.8241,9.8312,0.0016,60,0.0002,30.8902,30.8793,30.9035,0.0064,60,0.0008,94.1121,93.993,94.272,0.0827,60,0.0107,94.4767,94.3576,94.6366,0.0827,60,0.0107,23.7712,23.7625,23.7817,0.0052,60,0.0007,23.7728,23.7641,23.7834,0.0052,60,0.0007,9.8363,9.8343,9.8414,0.0016,60,0.0002
2016-01-08T07:30:00.000 ,23,31.0401,31.0299,31.0467,0.0037,60,0.0005,1024.2014,1024.194,1024.2072,0.003,60,0.0004,0.4511,0.4079,0.5269,0.0257,60,0.0033,19.6686,17.7863,22.9756,1.1196,60,0.1445,9.8276,9.8244,9.832,0.0019,60,0.0002,30.8908,30.8807,30.8974,0.0037,60,0.0005,94.4763,94.278,94.678,0.116,60,0.015,94.8409,94.6426,95.0426,0.116,60,0.015,23.7714,23.763,23.7766,0.003,60,0.0004,23.7731,23.7646,23.7782,0.003,60,0.0004,9.8378,9.8346,9.8422,0.0019,60,0.0002
2016-01-08T08:30:00.000 ,23,31.0321,31.0107,31.0527,0.014,60,0.0018,1024.1971,1024.181,1024.2139,0.011,60,0.0014,0.5033,0.3669,0.5935,0.0744,60,0.0096,21.9455,16.0008,25.8793,3.2447,60,0.4189,9.8284,9.8241,9.8361,0.0028,60,0.0004,30.8828,30.8616,30.9033,0.0139,60,0.0018,94.9165,94.678,95.156,0.1383,60,0.0179,95.2811,95.0426,95.5206,0.1383,60,0.0179,23.765,23.7492,23.7814,0.0108,60,0.0014,23.7667,23.7508,23.7831,0.0108,60,0.0014,9.8386,9.8344,9.8464,0.0028,60,0.0004
2016-01-08T09:30:00.000 ,23,31.0199,30.9994,31.0483,0.0124,60,0.0016,1024.1902,1024.1761,1024.2108,0.0086,60,0.0011,0.559,0.3938,0.6523,0.0624,60,0.0081,24.3775,17.1731,28.444,2.7204,60,0.3512,9.8267,9.8219,9.8309,0.0024,60,0.0003,30.8707,30.8503,30.899,0.0123,60,0.0016,95.4219,95.159,95.68,0.1558,60,0.0201,95.7866,95.5236,96.0446,0.1558,60,0.0201,23.7559,23.7407,23.7776,0.0093,60,0.0012,23.7575,23.7424,23.7792,0.0093,60,0.0012,9.837,9.8322,9.8412,0.0024,60,0.0003
2016-01-08T10:30:00.000 ,23,31.0129,30.9925,31.0376,0.0115,60,0.0015,1024.1874,1024.1719,1024.2071,0.0092,60,0.0012,0.5881,0.4662,0.6827,0.0604,60,0.0078,25.6444,20.3279,29.7684,2.6357,60,0.3403,9.8239,9.8214,9.8264,0.0012,60,0.0001,30.8638,30.8434,30.8883,0.0114,60,0.0015,95.9118,95.69,96.122,0.1289,60,0.0166,96.2764,96.0546,96.4866,0.1289,60,0.0166,23.7509,23.7354,23.7699,0.0088,60,0.0011,23.7525,23.737,23.7715,0.0088,60,0.0011,9.8343,9.8318,9.8368,0.0012,60,0.0001
2016-01-08T11:30:00.000 ,23,31.021,30.9989,31.0396,0.0096,60,0.0012,1024.1955,1024.1787,1024.2094,0.0071,60,0.0009,0.535,0.4415,0.6166,0.047,60,0.0061,23.3294,19.2498,26.8881,2.0503,60,0.2647,9.8236,9.8207,9.826,0.0011,60,0.0001,30.8718,30.8498,30.8903,0.0096,60,0.0012,96.2957,96.13,96.44,0.0912,60,0.0118,96.6603,96.4946,96.8046,0.0912,60,0.0118,23.7572,23.7405,23.7714,0.0073,60,0.0009,23.7588,23.7422,23.7731,0.0073,60,0.0009,9.834,9.8311,9.8364,0.0011,60,0.0001
2016-01-08T12:30:00.000 ,23,31.0549,31.0068,31.0952,0.0302,60,0.0039,1024.2225,1024.1853,1024.2538,0.0236,60,0.003,0.4075,0.2557,0.6162,0.1222,60,0.0158,17.7675,11.1473,26.8691,5.3303,60,0.6881,9.8267,9.8228,9.8317,0.002,60,0.0003,30.9055,30.8576,30.9456,0.0301,60,0.0039,96.5705,96.444,96.652,0.0653,60,0.0084,96.9352,96.8086,97.0166,0.0653,60,0.0084,23.7829,23.7462,23.8139,0.0233,60,0.003,23.7846,23.7479,23.8156,0.0233,60,0.003,9.8371,9.8332,9.8421,0.002,60,0.0003
2016-01-08T13:30:00.000 ,23,31.0157,30.9826,31.0578,0.0221,60,0.0028,1024.1929,1024.1678,1024.2251,0.0167,60,0.0022,0.5727,0.384,0.7412,0.1122,60,0.0145,24.9737,16.7427,32.3222,4.8917,60,0.6315,9.8244,9.8204,9.8311,0.0025,60,0.0003,30.8665,30.8335,30.9084,0.022,60,0.0028,96.663,96.656,96.669,0.0033,60,0.0004,97.0276,97.0206,97.0336,0.0033,60,0.0004,23.7529,23.7278,23.7852,0.0168,60,0.0022,23.7546,23.7295,23.7868,0.0168,60,0.0022,9.8349,9.8308,9.8416,0.0025,60,0.0003
2016-01-08T14:30:00.000 ,23,31.0464,30.9702,31.1005,0.0431,60,0.0056,1024.2163,1024.159,1024.2577,0.0329,60,0.0042,0.4557,0.2489,0.801,0.1919,60,0.0248,19.8693,10.8516,34.9295,8.3675,60,1.0802,9.825,9.8156,9.8296,0.0033,60,0.0004,30.897,30.8212,30.9509,0.0429,60,0.0055,96.6028,96.536,96.656,0.0381,60,0.0049,96.9674,96.9006,97.0206,0.0381,60,0.0049,23.7766,23.719,23.8183,0.0331,60,0.0043,23.7783,23.7207,23.82,0.0331,60,0.0043,9.8354,9.826,9.8401,0.0033,60,0.0004
2016-01-08T15:30:00.000 ,23,31.0904,31.0842,31.0953,0.003,60,0.0004,1024.2493,1024.2447,1024.2533,0.0022,60,0.0003,0.2804,0.2612,0.2954,0.0067,60,0.0009,12.2281,11.3909,12.8813,0.2911,60,0.0376,9.8281,9.8266,9.8296,0.0007,60,0.0001,30.9408,30.9347,30.9457,0.003,60,0.0004,96.4653,96.389,96.535,0.043,60,0.0056,96.8299,96.7536,96.8996,0.043,60,0.0056,23.8103,23.8057,23.8141,0.0023,60,0.0003,23.8119,23.8074,23.8158,0.0023,60,0.0003,9.8386,9.8371,9.84,0.0007,60,0.0001
2016-01-08T16:30:00.000 ,23,31.0423,31.021,31.0895,0.0178,60,0.0023,1024.2117,1024.1955,1024.2482,0.0138,60,0.0018,0.4743,0.2898,0.5559,0.0739,60,0.0095,20.6813,12.6377,24.2425,3.2244,60,0.4163,9.826,9.8239,9.8348,0.0019,60,0.0002,30.8929,30.8718,30.9399,0.0177,60,0.0023,96.3126,96.267,96.388,0.0373,60,0.0048,96.6772,96.6316,96.7526,0.0373,60,0.0048,23.7733,23.7571,23.8095,0.0137,60,0.0018,23.7749,23.7588,23.8112,0.0137,60,0.0018,9.8365,9.8343,9.8452,0.0019,60,0.0002
2016-01-08T17:30:00.000 ,23,31.0497,31.0268,31.0557,0.0053,60,0.0007,1024.2164,1024.1997,1024.2212,0.0039,60,0.0005,0.4272,0.3929,0.5266,0.0262,60,0.0034,18.6298,17.1317,22.9614,1.1433,60,0.1476,9.8308,9.8245,9.8362,0.0027,60,0.0003,30.9003,30.8775,30.9063,0.0053,60,0.0007,96.2549,96.237,96.27,0.0106,60,0.0014,96.6196,96.6016,96.6346,0.0106,60,0.0014,23.7782,23.7615,23.783,0.0039,60,0.0005,23.7799,23.7632,23.7847,0.0039,60,0.0005,9.8412,9.8349,9.8466,0.0027,60,0.0003
2016-01-08T18:30:00.000 ,23,31.0528,31.0366,31.0795,0.0124,60,0.0016,1024.2189,1024.2064,1024.2408,0.0099,60,0.0013,0.4182,0.3182,0.4887,0.0498,60,0.0064,18.2341,13.8763,21.3091,2.173,60,0.2805,9.8305,9.8232,9.84,0.0033,60,0.0004,30.9034,30.8873,30.93,0.0124,60,0.0016,96.2675,96.238,96.295,0.0178,60,0.0023,96.6321,96.6026,96.6596,0.0178,60,0.0023,23.7807,23.7681,23.8026,0.01,60,0.0013,23.7824,23.7698,23.8043,0.01,60,0.0013,9.841,9.8336,9.8504,0.0033,60,0.0004
2016-01-08T19:30:00.000 ,23,31.0519,31.0231,31.0876,0.0139,60,0.0018,1024.2185,1024.1959,1024.2469,0.011,60,0.0014,0.4217,0.3054,0.5525,0.0574,60,0.0074,18.3895,13.3154,24.0904,2.5021,60,0.323,9.8305,9.8267,9.8331,0.0011,60,0.0001,30.9025,30.8739,30.938,0.0139,60,0.0018,96.3395,96.293,96.407,0.0348,60,0.0045,96.7041,96.6576,96.7716,0.0348,60,0.0045,23.78,23.7575,23.8083,0.0109,60,0.0014,23.7817,23.7592,23.81,0.0109,60,0.0014,9.8409,9.8371,9.8435,0.0011,60,0.0001
2016-01-08T20:30:00.000 ,23,31.0619,31.0453,31.0821,0.0063,60,0.0008,1024.2273,1024.2146,1024.2428,0.0047,60,0.0006,0.3609,0.3013,0.4111,0.0198,60,0.0026,15.7365,13.1357,17.9265,0.8629,60,0.1114,9.8282,9.8264,9.831,0.0011,60,0.0001,30.9125,30.8959,30.9326,0.0063,60,0.0008,96.4798,96.409,96.547,0.0429,60,0.0055,96.8444,96.7736,96.9116,0.0429,60,0.0055,23.7882,23.7752,23.804,0.0049,60,0.0006,23.7898,23.7769,23.8057,0.0049,60,0.0006,9.8386,9.8368,9.8414,0.0011,60,0.0001
2016-01-08T21:30:00.000 ,23,31.0896,31.0424,31.1286,0.0361,60,0.0047,1024.2497,1024.2125,1024.2806,0.0285,60,0.0037,0.289,0.1742,0.4402,0.1111,60,0.0143,12.5998,7.5965,19.1955,4.8469,60,0.6257,9.825,9.8214,9.8288,0.0027,60,0.0004,30.94,30.8931,30.9788,0.0359,60,0.0046,96.576,96.551,96.592,0.0103,60,0.0013,96.9406,96.9156,96.9566,0.0103,60,0.0013,23.8102,23.773,23.841,0.0284,60,0.0037,23.8118,23.7746,23.8427,0.0284,60,0.0037,9.8355,9.8319,9.8393,0.0027,60,0.0004
2016-01-08T22:30:00.000 ,23,31.0699,31.0494,31.1274,0.0186,60,0.0024,1024.2342,1024.2178,1024.2795,0.0147,60,0.0019,0.339,0.1781,0.4123,0.0593,60,0.0077,14.781,7.7656,17.9791,2.5867,60,0.3339,9.8273,9.8222,9.8305,0.0019,60,0.0002,30.9204,30.9,30.9776,0.0185,60,0.0024,96.5949,96.569,96.609,0.0095,60,0.0012,96.9595,96.9336,96.9736,0.0095,60,0.0012,23.7945,23.7783,23.8399,0.0147,60,0.0019,23.7962,23.7799,23.8416,0.0147,60,0.0019,9.8377,9.8327,9.841,0.0019,60,0.0002
2016-01-08T23:30:00.000 ,23,31.0416,31.0101,31.0739,0.013,60,0.0017,1024.2119,1024.1867,1024.2371,0.0101,60,0.0013,0.4207,0.3151,0.5429,0.0514,60,0.0066,18.3456,13.7392,23.6724,2.2425,60,0.2895,9.8257,9.8244,9.8288,0.0009,60,0.0001,30.8922,30.8609,30.9244,0.0129,60,0.0017,96.4846,96.364,96.565,0.0605,60,0.0078,96.8492,96.7286,96.9296,0.0605,60,0.0078,23.7728,23.748,23.7979,0.01,60,0.0013,23.7744,23.7497,23.7996,0.01,60,0.0013,9.8361,9.8348,9.8393,0.0009,60,0.0001
2016-01-09T00:30:00.000 ,23,31.0054,30.9944,31.0218,0.0081,60,0.001,1024.1824,1024.1732,1024.1959,0.007,60,0.0009,0.6234,0.517,0.7003,0.0588,60,0.0076,27.1823,22.5422,30.5361,2.5649,60,0.3311,9.8256,9.8238,9.8276,0.0013,60,0.0002,30.8562,30.8453,30.8726,0.0081,60,0.001,96.1568,95.938,96.358,0.1261,60,0.0163,96.5214,96.3026,96.7226,0.1261,60,0.0163,23.7447,23.736,23.7577,0.0065,60,0.0008,23.7464,23.7376,23.7593,0.0065,60,0.0008,9.836,9.8342,9.838,0.0012,60,0.0002
2016-01-09T01:30:00.000 ,23,31.0377,30.9968,31.0735,0.0202,60,0.0026,1024.2052,1024.1747,1024.2331,0.0153,60,0.002,0.4515,0.3231,0.6828,0.1046,60,0.0135,19.6857,14.0867,29.7758,4.5613,60,0.5889,9.8263,9.8238,9.8308,0.0016,60,0.0002,30.8884,30.8477,30.924,0.0201,60,0.0026,95.6678,95.387,95.931,0.1616,60,0.0209,96.0325,95.7516,96.2956,0.1616,60,0.0209,23.7697,23.738,23.7977,0.0156,60,0.002,23.7714,23.7396,23.7994,0.0156,60,0.002,9.8366,9.8342,9.8411,0.0015,60,0.0002
2016-01-09T02:30:00.000 ,23,31.0162,31.0005,31.028,0.0054,60,0.0007,1024.1861,1024.1731,1024.1964,0.0045,60,0.0006,0.5522,0.4872,0.5993,0.0261,60,0.0034,24.0787,21.2466,26.1344,1.1368,60,0.1468,9.8256,9.8233,9.8306,0.0014,60,0.0002,30.867,30.8514,30.8788,0.0054,60,0.0007,95.1115,94.849,95.378,0.1565,60,0.0202,95.4762,95.2136,95.7426,0.1565,60,0.0202,23.7531,23.7413,23.7622,0.0041,60,0.0005,23.7548,23.7429,23.7639,0.0041,60,0.0005,9.8359,9.8336,9.8409,0.0014,60,0.0002
2016-01-09T03:30:00.000 ,23,31.0085,30.9819,31.0365,0.0182,60,0.0024,1024.1779,1024.1576,1024.1986,0.0135,60,0.0017,0.5888,0.437,0.7236,0.0965,60,0.0125,25.6741,19.0557,31.5523,4.209,60,0.5434,9.8239,9.8213,9.8268,0.001,60,0.0001,30.8593,30.8329,30.8872,0.0182,60,0.0023,94.5579,94.307,94.836,0.1577,60,0.0204,94.9225,94.6716,95.2006,0.1577,60,0.0204,23.7474,23.7272,23.7691,0.014,60,0.0018,23.7491,23.7289,23.7707,0.014,60,0.0018,9.8341,9.8315,9.837,0.001,60,0.0001
2016-01-09T04:30:00.000 ,23,31.0283,30.994,31.0388,0.0116,60,0.0015,1024.1906,1024.1642,1024.1986,0.009,60,0.0012,0.4822,0.432,0.6611,0.059,60,0.0076,21.0252,18.8397,28.8295,2.573,60,0.3322,9.8278,9.8227,9.8349,0.0028,60,0.0004,30.8791,30.845,30.8895,0.0116,60,0.0015,94.1101,93.943,94.301,0.1059,60,0.0137,94.4747,94.3076,94.6656,0.1059,60,0.0137,23.7622,23.7364,23.77,0.0087,60,0.0011,23.7639,23.7381,23.7717,0.0087,60,0.0011,9.838,9.8329,9.8451,0.0028,60,0.0004
2016-01-09T05:30:00.000 ,23,30.9921,30.9697,31.0183,0.0124,60,0.0016,1024.1623,1024.1455,1024.1822,0.0094,60,0.0012,0.6751,0.5398,0.7868,0.0632,60,0.0082,29.4405,23.5382,34.3084,2.7582,60,0.3561,9.8222,9.8185,9.8261,0.0019,60,0.0002,30.8431,30.8208,30.8691,0.0123,60,0.0016,93.8583,93.81,93.946,0.0398,60,0.0051,94.223,94.1746,94.3106,0.0398,60,0.0051,23.7351,23.7183,23.7548,0.0093,60,0.0012,23.7367,23.7199,23.7564,0.0093,60,0.0012,9.8324,9.8286,9.8363,0.0019,60,0.0002
2016-01-09T06:30:00.000 ,23,30.9998,30.9731,31.0281,0.0182,60,0.0024,1024.1683,1024.148,1024.1898,0.0139,60,0.0018,0.6284,0.4988,0.7563,0.0874,60,0.0113,27.4033,21.7495,32.9804,3.8125,60,0.4922,9.8225,9.8181,9.8278,0.0027,60,0.0003,30.8507,30.8242,30.8789,0.0182,60,0.0023,93.8713,93.81,93.972,0.0493,60,0.0064,94.2359,94.1746,94.3366,0.0493,60,0.0064,23.741,23.7209,23.7621,0.0137,60,0.0018,23.7426,23.7226,23.7637,0.0137,60,0.0018,9.8327,9.8282,9.838,0.0027,60,0.0004
2016-01-09T07:30:00.000 ,23,31.0265,31.0136,31.0327,0.0049,60,0.0006,1024.1896,1024.1804,1024.1937,0.0033,60,0.0004,0.4965,0.4687,0.5657,0.0233,60,0.003,21.6509,20.4391,24.6702,1.0161,60,0.1312,9.8268,9.8254,9.829,0.0009,60,0.0001,30.8773,30.8645,30.8835,0.0049,60,0.0006,94.1541,93.975,94.356,0.1145,60,0.0148,94.5187,94.3396,94.7206,0.1145,60,0.0148,23.761,23.751,23.7656,0.0037,60,0.0005,23.7626,23.7527,23.7672,0.0037,60,0.0005,9.837,9.8356,9.8392,0.0009,60,0.0001
2016-01-09T08:30:00.000 ,23,31.0107,30.9953,31.025,0.0085,60,0.0011,1024.1795,1024.1684,1024.1907,0.0063,60,0.0008,0.5698,0.4996,0.6449,0.0406,60,0.0052,24.8489,21.784,28.123,1.7703,60,0.2285,9.8253,9.8231,9.8294,0.0013,60,0.0002,30.8616,30.8462,30.8758,0.0084,60,0.0011,94.5862,94.361,94.836,0.142,60,0.0183,94.9508,94.7256,95.2006,0.142,60,0.0183,23.749,23.7373,23.7599,0.0064,60,0.0008,23.7506,23.739,23.7616,0.0064,60,0.0008,9.8356,9.8333,9.8396,0.0012,60,0.0002
2016-01-09T09:30:00.000 ,23,31.0167,31.0014,31.0293,0.0081,60,0.001,1024.1864,1024.1753,1024.1954,0.0057,60,0.0007,0.5336,0.479,0.6158,0.0398,60,0.0051,23.2683,20.886,26.8543,1.735,60,0.224,9.8257,9.8243,9.8287,0.0009,60,0.0001,30.8675,30.8523,30.8801,0.008,60,0.001,95.1046,94.837,95.379,0.1581,60,0.0204,95.4693,95.2016,95.7436,0.1581,60,0.0204,23.7535,23.7419,23.7633,0.0062,60,0.0008,23.7552,23.7435,23.7649,0.0062,60,0.0008,9.836,9.8346,9.839,0.0009,60,0.0001
2016-01-09T10:30:00.000 ,23,31.0599,31.0099,31.0879,0.0349,60,0.0045,1024.2224,1024.1827,1024.2446,0.0278,60,0.0036,0.3677,0.2605,0.561,0.1304,60,0.0168,16.0338,11.3592,24.4641,5.6872,60,0.7342,9.8259,9.8241,9.8325,0.0014,60,0.0002,30.9105,30.8607,30.9384,0.0348,60,0.0045,95.6705,95.39,95.921,0.1572,60,0.0203,96.0351,95.7546,96.2856,0.1572,60,0.0203,23.787,23.7483,23.809,0.0272,60,0.0035,23.7886,23.75,23.8107,0.0272,60,0.0035,9.8362,9.8344,9.8428,0.0014,60,0.0002
2016-01-09T11:30:00.000 ,23,31.0584,31.0217,31.0827,0.0189,60,0.0024,1024.2236,1024.1964,1024.2413,0.0141,60,0.0018,0.373,0.2763,0.5203,0.0753,60,0.0097,16.2657,12.0466,22.6896,3.2853,60,0.4241,9.8248,9.8225,9.8287,0.0016,60,0.0002,30.909,30.8725,30.9332,0.0188,60,0.0024,96.1481,95.926,96.345,0.1236,60,0.016,96.5128,96.2906,96.7096,0.1236,60,0.016,23.786,23.7579,23.8047,0.0145,60,0.0019,23.7877,23.7595,23.8064,0.0145,60,0.0019,9.8352,9.8329,9.8391,0.0016,60,0.0002
2016-01-09T12:30:00.000 ,23,31.0314,31.0023,31.0563,0.0168,60,0.0022,1024.2043,1024.1819,1024.2238,0.0131,60,0.0017,0.4924,0.3854,0.6053,0.071,60,0.0092,21.4719,16.8055,26.3948,3.0952,60,0.3996,9.8246,9.8212,9.8284,0.0021,60,0.0003,30.8821,30.8532,30.9069,0.0168,60,0.0022,96.5093,96.35,96.675,0.0977,60,0.0126,96.8739,96.7146,97.0396,0.0977,60,0.0126,23.765,23.743,23.7838,0.0127,60,0.0016,23.7667,23.7447,23.7855,0.0127,60,0.0016,9.835,9.8316,9.8389,0.0021,60,0.0003
2016-01-09T13:30:00.000 ,23,31.0213,31.0041,31.034,0.0084,60,0.0011,1024.1977,1024.1849,1024.2072,0.0062,60,0.0008,0.519,0.4328,0.5934,0.0353,60,0.0046,22.6312,18.8714,25.8767,1.5387,60,0.1987,9.8242,9.8216,9.8266,0.0012,60,0.0002,30.8721,30.8549,30.8847,0.0083,60,0.0011,96.7571,96.676,96.784,0.0309,60,0.004,97.1218,97.0406,97.1486,0.0309,60,0.004,23.7573,23.7443,23.7669,0.0063,60,0.0008,23.759,23.746,23.7686,0.0063,60,0.0008,9.8347,9.8321,9.8371,0.0012,60,0.0002
2016-01-09T14:30:00.000 ,23,30.9954,30.9677,31.021,0.0166,60,0.0021,1024.1781,1024.1576,1024.1971,0.0124,60,0.0016,0.6438,0.5215,0.7729,0.0789,60,0.0102,28.0729,22.7421,33.7048,3.4422,60,0.4444,9.8214,9.8156,9.8271,0.0031,60,0.0004,30.8462,30.8187,30.8718,0.0165,60,0.0021,96.775,96.735,96.789,0.0145,60,0.0019,97.1396,97.0996,97.1536,0.0145,60,0.0019,23.7376,23.717,23.7568,0.0124,60,0.0016,23.7393,23.7187,23.7585,0.0124,60,0.0016,9.8318,9.8261,9.8376,0.0031,60,0.0004
2016-01-09T15:30:00.000 ,23,31.0586,31.0161,31.076,0.0192,60,0.0025,1024.2254,1024.1932,1024.2388,0.0145,60,0.0019,0.3687,0.2947,0.5317,0.0797,60,0.0103,16.0767,12.8511,23.1865,3.4753,60,0.4487,9.8278,9.8247,9.8342,0.0018,60,0.0002,30.9092,30.8669,30.9265,0.0191,60,0.0025,96.6169,96.534,96.727,0.0599,60,0.0077,96.9815,96.8986,97.0916,0.0599,60,0.0077,23.7857,23.7531,23.7994,0.0148,60,0.0019,23.7873,23.7547,23.8011,0.0148,60,0.0019,9.8382,9.8351,9.8447,0.0018,60,0.0002
2016-01-09T16:30:00.000 ,23,31.0662,31.0119,31.0772,0.0145,60,0.0019,1024.2306,1024.1896,1024.2398,0.0111,60,0.0014,0.3414,0.2935,0.5451,0.054,60,0.007,14.885,12.7982,23.7694,2.3537,60,0.3039,9.8273,9.8226,9.834,0.0022,60,0.0003,30.9168,30.8627,30.9277,0.0145,60,0.0019,96.4436,96.349,96.532,0.0561,60,0.0072,96.8082,96.7136,96.8966,0.0561,60,0.0072,23.7917,23.7502,23.8004,0.0111,60,0.0014,23.7933,23.7519,23.8021,0.0111,60,0.0014,9.8378,9.833,9.8444,0.0022,60,0.0003
2016-01-09T17:30:00.000 ,23,31.0672,31.0489,31.0865,0.0089,60,0.0011,1024.2306,1024.216,1024.2458,0.0072,60,0.0009,0.3446,0.2979,0.4273,0.0347,60,0.0045,15.0277,12.9884,18.6333,1.5121,60,0.1952,9.8281,9.8251,9.8341,0.0022,60,0.0003,30.9177,30.8995,30.937,0.0089,60,0.0011,96.3024,96.271,96.345,0.0189,60,0.0024,96.667,96.6356,96.7096,0.0189,60,0.0024,23.7923,23.7778,23.8075,0.0072,60,0.0009,23.7939,23.7794,23.8092,0.0072,60,0.0009,9.8385,9.8355,9.8445,0.0022,60,0.0003
2016-01-09T18:30:00.000 ,23,31.0381,31.0134,31.0534,0.0107,60,0.0014,1024.208,1024.1892,1024.2194,0.0081,60,0.001,0.4666,0.4106,0.563,0.0389,60,0.005,20.344,17.9045,24.5488,1.6979,60,0.2192,9.8274,9.8247,9.8297,0.0016,60,0.0002,30.8888,30.8642,30.904,0.0107,60,0.0014,96.249,96.235,96.272,0.0107,60,0.0014,96.6136,96.5996,96.6366,0.0107,60,0.0014,23.7698,23.751,23.7814,0.0081,60,0.001,23.7715,23.7527,23.7831,0.0081,60,0.001,9.8378,9.8351,9.8401,0.0016,60,0.0002
2016-01-09T19:30:00.000 ,23,31.0563,31.0354,31.0697,0.0076,60,0.001,1024.2225,1024.2064,1024.2329,0.0059,60,0.0008,0.3737,0.3178,0.4421,0.028,60,0.0036,16.2938,13.8555,19.2797,1.2196,60,0.1574,9.825,9.8239,9.83,0.001,60,0.0001,30.9069,30.8861,30.9202,0.0076,60,0.001,96.2528,96.237,96.281,0.0121,60,0.0016,96.6174,96.6016,96.6456,0.0121,60,0.0016,23.7844,23.7683,23.7947,0.0059,60,0.0008,23.786,23.77,23.7963,0.0059,60,0.0008,9.8354,9.8343,9.8404,0.001,60,0.0001
2016-01-09T20:30:00.000 ,23,31.0455,31.0216,31.0577,0.008,60,0.001,1024.2145,1024.1961,1024.2237,0.0061,60,0.0008,0.4092,0.368,0.4747,0.0271,60,0.0035,17.8433,16.0454,20.7001,1.1819,60,0.1526,9.8249,9.8238,9.8263,0.0005,60,0.0001,30.8962,30.8724,30.9083,0.0079,60,0.001,96.3371,96.28,96.403,0.0365,60,0.0047,96.7018,96.6446,96.7676,0.0365,60,0.0047,23.776,23.7576,23.7855,0.0062,60,0.0008,23.7777,23.7593,23.7872,0.0062,60,0.0008,9.8353,9.8342,9.8367,0.0005,60,0.0001
2016-01-09T21:30:00.000 ,23,31.0256,31.0063,31.0498,0.0124,60,0.0016,1024.1998,1024.1853,1024.218,0.0093,60,0.0012,0.4913,0.3959,0.5745,0.0509,60,0.0066,21.4235,17.2613,25.0508,2.2184,60,0.2864,9.8238,9.8223,9.8263,0.0011,60,0.0001,30.8763,30.8571,30.9004,0.0123,60,0.0016,96.4829,96.407,96.55,0.043,60,0.0056,96.8476,96.7716,96.9146,0.043,60,0.0056,23.7607,23.7459,23.7792,0.0095,60,0.0012,23.7623,23.7476,23.7809,0.0095,60,0.0012,9.8342,9.8327,9.8367,0.0011,60,0.0001
2016-01-09T22:30:00.000 ,23,31.0713,31.0204,31.103,0.0272,60,0.0035,1024.2359,1024.1962,1024.261,0.0214,60,0.0028,0.3195,0.2104,0.5199,0.1023,60,0.0132,13.9313,9.1731,22.6688,4.4595,60,0.5757,9.823,9.8197,9.8255,0.0017,60,0.0002,30.9219,30.8712,30.9534,0.0271,60,0.0035,96.5734,96.55,96.594,0.0111,60,0.0014,96.938,96.9146,96.9586,0.0111,60,0.0014,23.7963,23.7567,23.8214,0.0213,60,0.0028,23.798,23.7584,23.8231,0.0213,60,0.0028,9.8334,9.8302,9.8359,0.0017,60,0.0002
2016-01-09T23:30:00.000 ,23,31.0425,31.0097,31.1014,0.0313,60,0.004,1024.2132,1024.1882,1024.2592,0.0243,60,0.0031,0.4311,0.2215,0.5577,0.1174,60,0.0152,18.7992,9.6581,24.3194,5.1205,60,0.661,9.8248,9.8231,9.8277,0.001,60,0.0001,30.8931,30.8605,30.9518,0.0311,60,0.004,96.583,96.525,96.608,0.0249,60,0.0032,96.9476,96.8896,96.9726,0.0249,60,0.0032,23.7736,23.7484,23.8195,0.0243,60,0.0031,23.7753,23.7501,23.8212,0.0243,60,0.0031,9.8353,9.8336,9.8382,0.0011,60,0.0001
2016-01-10T00:30:00.000 ,23,31.0161,30.9781,31.0602,0.0216,60,0.0028,1024.1922,1024.1638,1024.2259,0.0164,60,0.0021,0.5311,0.3268,0.6918,0.0954,60,0.0123,23.158,14.2479,30.1672,4.1619,60,0.5373,9.8228,9.8176,9.8255,0.0016,60,0.0002,30.8669,30.8291,30.9108,0.0215,60,0.0028,96.3902,96.216,96.521,0.0909,60,0.0117,96.7548,96.5806,96.8856,0.0909,60,0.0117,23.7535,23.7248,23.7875,0.0166,60,0.0021,23.7551,23.7265,23.7891,0.0166,60,0.0021,9.8332,9.828,9.8359,0.0016,60,0.0002
2016-01-10T01:30:00.000 ,23,30.9922,30.9548,31.058,0.0281,60,0.0036,1024.1724,1024.1435,1024.2237,0.0219,60,0.0028,0.6498,0.3607,0.8421,0.1313,60,0.017,28.3338,15.7281,36.7215,5.7268,60,0.7393,9.8192,9.8133,9.8236,0.003,60,0.0004,30.8431,30.8059,30.9086,0.028,60,0.0036,95.9713,95.718,96.208,0.1446,60,0.0187,96.336,96.0826,96.5726,0.1446,60,0.0187,23.7355,23.7074,23.786,0.0214,60,0.0028,23.7372,23.7091,23.7877,0.0214,60,0.0028,9.8296,9.8236,9.834,0.003,60,0.0004
2016-01-10T02:30:00.000 ,23,30.9719,30.9528,31.0012,0.0132,60,0.0017,1024.1544,1024.1411,1024.1753,0.0093,60,0.0012,0.7488,0.6137,0.8494,0.068,60,0.0088,32.6532,26.7612,37.0388,2.9636,60,0.3826,9.8175,9.8123,9.8297,0.0036,60,0.0005,30.8229,30.8039,30.8521,0.0132,60,0.0017,95.4262,95.147,95.707,0.1652,60,0.0213,95.7908,95.5116,96.0716,0.1652,60,0.0213,23.72,23.706,23.7422,0.0097,60,0.0013,23.7217,23.7077,23.7439,0.0097,60,0.0013,9.8278,9.8226,9.84,0.0036,60,0.0005
2016-01-10T03:30:00.000 ,23,31.038,31.0039,31.0606,0.0138,60,0.0018,1024.2019,1024.1772,1024.2193,0.0106,60,0.0014,0.452,0.3693,0.5967,0.0559,60,0.0072,19.7086,16.1049,26.0197,2.4392,60,0.3149,9.8255,9.8225,9.8287,0.0011,60,0.0001,30.8887,30.8548,30.9112,0.0137,60,0.0018,94.8504,94.562,95.136,0.1721,60,0.0222,95.215,94.9266,95.5006,0.1721,60,0.0222,23.7701,23.7441,23.7877,0.0107,60,0.0014,23.7718,23.7457,23.7893,0.0107,60,0.0014,9.8357,9.8328,9.839,0.0011,60,0.0001
2016-01-10T04:30:00.000 ,23,31.0015,30.9924,31.031,0.0095,60,0.0012,1024.1715,1024.1646,1024.1931,0.0071,60,0.0009,0.5933,0.4869,0.6292,0.0359,60,0.0046,25.8701,21.2335,27.4366,1.5667,60,0.2023,9.8217,9.8198,9.8253,0.0014,60,0.0002,30.8524,30.8434,30.8818,0.0094,60,0.0012,94.2783,94.034,94.552,0.1562,60,0.0202,94.643,94.3986,94.9166,0.1562,60,0.0202,23.7424,23.7354,23.7651,0.0072,60,0.0009,23.744,23.737,23.7667,0.0072,60,0.0009,9.8319,9.83,9.8355,0.0014,60,0.0002
2016-01-10T05:30:00.000 ,23,31.0314,31.0185,31.0436,0.0065,60,0.0008,1024.1925,1024.1823,1024.2021,0.0053,60,0.0007,0.4752,0.4316,0.5088,0.0219,60,0.0028,20.722,18.8217,22.1862,0.9538,60,0.1231,9.8238,9.8226,9.8264,0.0008,60,0.0001,30.8821,30.8693,30.8943,0.0065,60,0.0008,93.8608,93.744,94.022,0.0841,60,0.0109,94.2254,94.1086,94.3866,0.0841,60,0.0109,23.7652,23.7554,23.7748,0.0051,60,0.0007,23.7669,23.757,23.7764,0.0051,60,0.0007,9.834,9.8327,9.8365,0.0008,60,0.0001
2016-01-10T06:30:00.000 ,23,31.0179,31.0025,31.0247,0.0057,60,0.0007,1024.1815,1024.17,1024.1866,0.0042,60,0.0005,0.5204,0.4946,0.5825,0.0224,60,0.0029,22.6924,21.5696,25.4026,0.976,60,0.126,9.8236,9.8208,9.8299,0.0019,60,0.0002,30.8688,30.8534,30.8755,0.0056,60,0.0007,93.7182,93.705,93.746,0.011,60,0.0014,94.0828,94.0696,94.1106,0.011,60,0.0014,23.7549,23.7433,23.7601,0.0042,60,0.0005,23.7565,23.7449,23.7617,0.0042,60,0.0005,9.8337,9.8309,9.84,0.0019,60,0.0002
2016-01-10T07:30:00.000 ,23,31.0081,30.9912,31.0201,0.0084,60,0.0011,1024.1748,1024.1627,1024.1837,0.006,60,0.0008,0.567,0.5199,0.6369,0.0343,60,0.0044,24.7257,22.6731,27.7749,1.4955,60,0.1931,9.8225,9.8204,9.8241,0.001,60,0.0001,30.859,30.8422,30.8709,0.0083,60,0.0011,93.8786,93.746,94.044,0.0898,60,0.0116,94.2432,94.1106,94.4086,0.0898,60,0.0116,23.7474,23.7346,23.7565,0.0064,60,0.0008,23.749,23.7362,23.7582,0.0064,60,0.0008,9.8326,9.8306,9.8342,0.001,60,0.0001
2016-01-10T08:30:00.000 ,23,30.9849,30.9764,30.9915,0.0034,60,0.0004,1024.159,1024.1533,1024.164,0.0022,60,0.0003,0.6604,0.6372,0.678,0.0101,60,0.0013,28.7998,27.7864,29.5679,0.4422,60,0.0571,9.819,9.8166,9.8209,0.0008,60,0.0001,30.8358,30.8274,30.8425,0.0034,60,0.0004,94.2675,94.05,94.49,0.1294,60,0.0167,94.6321,94.4146,94.8546,0.1294,60,0.0167,23.7299,23.7237,23.7349,0.0025,60,0.0003,23.7315,23.7253,23.7366,0.0025,60,0.0003,9.8292,9.8268,9.8311,0.0008,60,0.0001
2016-01-10T09:30:00.000 ,23,31.0218,30.9731,31.0809,0.0369,60,0.0048,1024.1897,1024.1519,1024.2366,0.0291,60,0.0038,0.5023,0.2947,0.6783,0.1345,60,0.0174,21.9038,12.8499,29.5807,5.8634,60,0.757,9.8205,9.8156,9.8231,0.0023,60,0.0003,30.8726,30.8241,30.9314,0.0367,60,0.0047,94.7711,94.502,95.04,0.1622,60,0.0209,95.1357,94.8666,95.4046,0.1622,60,0.0209,23.7583,23.7213,23.8042,0.0284,60,0.0037,23.76,23.7229,23.8058,0.0284,60,0.0037,9.8307,9.8258,9.8334,0.0024,60,0.0003
2016-01-10T10:30:00.000 ,23,31.0623,31.0325,31.076,0.0087,60,0.0011,1024.2237,1024.2018,1024.234,0.0063,60,0.0008,0.3614,0.3075,0.4597,0.0333,60,0.0043,15.7608,13.41,20.0448,1.45,60,0.1872,9.8206,9.8119,9.8252,0.0036,60,0.0005,30.9129,30.8832,30.9265,0.0087,60,0.0011,95.3433,95.048,95.651,0.1801,60,0.0232,95.708,95.4126,96.0156,0.1801,60,0.0232,23.7898,23.7669,23.8001,0.0066,60,0.0009,23.7914,23.7686,23.8018,0.0066,60,0.0009,9.8309,9.8222,9.8355,0.0036,60,0.0005
2016-01-10T11:30:00.000 ,23,31.0245,30.9972,31.0844,0.025,60,0.0032,1024.1975,1024.1765,1024.2439,0.0192,60,0.0025,0.5014,0.3079,0.6075,0.0904,60,0.0117,21.8656,13.424,26.4916,3.9433,60,0.5091,9.8179,9.8113,9.82,0.0018,60,0.0002,30.8753,30.8481,30.9349,0.0249,60,0.0032,95.9174,95.659,96.162,0.1465,60,0.0189,96.282,96.0236,96.5266,0.1465,60,0.0189,23.7608,23.7396,23.8084,0.0196,60,0.0025,23.7625,23.7413,23.8101,0.0196,60,0.0025,9.8283,9.8216,9.8304,0.0018,60,0.0002
2016-01-10T12:30:00.000 ,23,31.0171,31.0047,31.0358,0.0091,60,0.0012,1024.1935,1024.1846,1024.207,0.0065,60,0.0008,0.5252,0.4665,0.5714,0.0326,60,0.0042,22.9006,20.3417,24.915,1.4225,60,0.1836,9.8202,9.8193,9.8218,0.0005,60,0.0001,30.8679,30.8555,30.8865,0.0091,60,0.0012,96.3974,96.168,96.598,0.1301,60,0.0168,96.762,96.5326,96.9626,0.1301,60,0.0168,23.7547,23.745,23.7693,0.0071,60,0.0009,23.7564,23.7467,23.7709,0.0071,60,0.0009,9.8306,9.8297,9.8322,0.0005,60,0.0001
2016-01-10T13:30:00.000 ,23,31.0375,30.9919,31.0675,0.0221,60,0.0028,1024.2102,1024.1761,1024.2334,0.017,60,0.0022,0.4601,0.3486,0.6048,0.0823,60,0.0106,20.0615,15.1994,26.3727,3.5893,60,0.4634,9.824,9.818,9.8339,0.0023,60,0.0003,30.8882,30.8428,30.918,0.0219,60,0.0028,96.7402,96.604,96.854,0.0759,60,0.0098,97.1048,96.9686,97.2186,0.0759,60,0.0098,23.7699,23.7354,23.7932,0.017,60,0.0022,23.7716,23.7371,23.7949,0.017,60,0.0022,9.8344,9.8285,9.8444,0.0023,60,0.0003
2016-01-10T14:30:00.000 ,23,30.9993,30.9826,31.0279,0.0127,60,0.0016,1024.182,1024.1693,1024.2033,0.0094,60,0.0012,0.6057,0.5094,0.6707,0.047,60,0.0061,26.4123,22.2135,29.2488,2.0496,60,0.2646,9.8186,9.8152,9.8243,0.0029,60,0.0004,30.8502,30.8335,30.8786,0.0126,60,0.0016,96.856,96.817,96.879,0.0189,60,0.0024,97.2207,97.1816,97.2436,0.0189,60,0.0024,23.7411,23.7286,23.7624,0.0094,60,0.0012,23.7428,23.7303,23.764,0.0094,60,0.0012,9.829,9.8257,9.8348,0.0029,60,0.0004
2016-01-10T15:30:00.000 ,23,31.0039,30.964,31.0597,0.0272,60,0.0035,1024.185,1024.1552,1024.2273,0.0204,60,0.0026,0.5923,0.3782,0.7543,0.1037,60,0.0134,25.8275,16.4897,32.8936,4.5228,60,0.5839,9.8195,9.8129,9.8242,0.0038,60,0.0005,30.8548,30.815,30.9103,0.027,60,0.0035,96.7595,96.689,96.814,0.0342,60,0.0044,97.1241,97.0536,97.1786,0.0342,60,0.0044,23.7445,23.7145,23.7871,0.0205,60,0.0026,23.7462,23.7162,23.7888,0.0205,60,0.0026,9.83,9.8234,9.8347,0.0038,60,0.0005
2016-01-10T16:30:00.000 ,23,31.0833,31.0529,31.1077,0.0121,60,0.0016,1024.2467,1024.2219,1024.2667,0.0098,60,0.0013,0.311,0.246,0.3995,0.0385,60,0.005,13.5619,10.7284,17.4204,1.6798,60,0.2169,9.814,9.809,9.8241,0.0035,60,0.0005,30.9338,30.9035,30.958,0.0121,60,0.0016,96.5788,96.494,96.691,0.0585,60,0.0076,96.9434,96.8586,97.0556,0.0585,60,0.0076,23.8071,23.7818,23.8268,0.0097,60,0.0013,23.8088,23.7835,23.8284,0.0098,60,0.0013,9.8244,9.8195,9.8346,0.0035,60,0.0005
2016-01-10T17:30:00.000 ,23,31.0716,31.0098,31.1298,0.0448,60,0.0058,1024.2374,1024.1884,1024.2844,0.0357,60,0.0046,0.3652,0.1893,0.5587,0.1385,60,0.0179,15.9239,8.2559,24.3648,6.0407,60,0.7799,9.8104,9.7963,9.8195,0.0077,60,0.001,30.9221,30.8606,30.98,0.0446,60,0.0058,96.4022,96.312,96.492,0.0574,60,0.0074,96.7668,96.6766,96.8566,0.0574,60,0.0074,23.7986,23.7494,23.846,0.0359,60,0.0046,23.8002,23.751,23.8476,0.0359,60,0.0046,9.8208,9.8067,9.8299,0.0077,60,0.001
2016-01-10T18:30:00.000 ,23,31.0776,31.0546,31.1132,0.0167,60,0.0022,1024.2408,1024.2225,1024.2702,0.0137,60,0.0018,0.327,0.2342,0.3915,0.0455,60,0.0059,14.2565,10.2109,17.0733,1.9838,60,0.2561,9.814,9.8041,9.8207,0.0046,60,0.0006,30.9281,30.9052,30.9635,0.0166,60,0.0021,96.2715,96.24,96.31,0.0199,60,0.0026,96.6362,96.6046,96.6746,0.0199,60,0.0026,23.8026,23.7843,23.8318,0.0137,60,0.0018,23.8043,23.786,23.8335,0.0137,60,0.0018,9.8245,9.8145,9.8311,0.0046,60,0.0006
2016-01-10T19:30:00.000 ,23,31.0489,31.0165,31.0642,0.0127,60,0.0016,1024.2169,1024.1921,1024.2293,0.0098,60,0.0013,0.4201,0.3636,0.5381,0.046,60,0.0059,18.318,15.8553,23.4629,2.0077,60,0.2592,9.8225,9.8197,9.8318,0.0026,60,0.0003,30.8995,30.8673,30.9148,0.0126,60,0.0016,96.2199,96.209,96.239,0.0073,60,0.0009,96.5845,96.5736,96.6036,0.0073,60,0.0009,23.779,23.7541,23.7913,0.0098,60,0.0013,23.7806,23.7558,23.7929,0.0098,60,0.0013,9.8329,9.8301,9.8422,0.0026,60,0.0003
2016-01-10T20:30:00.000 ,23,31.0406,31.0115,31.0765,0.0212,60,0.0027,1024.2108,1024.1882,1024.2388,0.0166,60,0.0021,0.4511,0.3331,0.5514,0.0777,60,0.01,19.6718,14.5235,24.0446,3.3873,60,0.4373,9.8209,9.817,9.8225,0.0015,60,0.0002,30.8913,30.8623,30.927,0.0211,60,0.0027,96.2349,96.213,96.267,0.0152,60,0.002,96.5995,96.5776,96.6316,0.0152,60,0.002,23.7728,23.7499,23.8008,0.0166,60,0.0021,23.7745,23.7516,23.8025,0.0166,60,0.0021,9.8313,9.8274,9.8329,0.0015,60,0.0002
2016-01-10T21:30:00.000 ,23,31.0029,30.9801,31.0186,0.0099,60,0.0013,1024.1823,1024.1652,1024.1939,0.0073,60,0.0009,0.5839,0.5361,0.6675,0.0333,60,0.0043,25.4637,23.3777,29.109,1.4519,60,0.1874,9.8202,9.8172,9.8234,0.0014,60,0.0002,30.8538,30.8311,30.8694,0.0098,60,0.0013,96.3488,96.268,96.438,0.0518,60,0.0067,96.7135,96.6326,96.8026,0.0518,60,0.0067,23.7437,23.7264,23.7556,0.0075,60,0.001,23.7454,23.7281,23.7573,0.0075,60,0.001,9.8306,9.8276,9.8338,0.0014,60,0.0002
2016-01-10T22:30:00.000 ,23,31.015,30.9418,31.0533,0.0317,60,0.0041,1024.1923,1024.1375,1024.2221,0.0242,60,0.0031,0.5485,0.4088,0.8569,0.1224,60,0.0158,23.918,17.8238,37.3685,5.3393,60,0.6893,9.8198,9.8076,9.8243,0.0033,60,0.0004,30.8658,30.7929,30.9039,0.0315,60,0.0041,96.4894,96.433,96.536,0.03,60,0.0039,96.8541,96.7976,96.9006,0.03,60,0.0039,23.7531,23.6982,23.7828,0.0241,60,0.0031,23.7548,23.6999,23.7844,0.0241,60,0.0031,9.8302,9.818,9.8347,0.0033,60,0.0004
2016-01-10T23:30:00.000 ,23,31.0542,31.044,31.0631,0.0051,60,0.0007,1024.2231,1024.2151,1024.2303,0.004,60,0.0005,0.399,0.3697,0.4279,0.0172,60,0.0022,17.4001,16.1216,18.6598,0.7508,60,0.0969,9.8195,9.8169,9.8252,0.0015,60,0.0002,30.9048,30.8946,30.9137,0.005,60,0.0007,96.5615,96.539,96.57,0.0082,60,0.0011,96.9261,96.9036,96.9346,0.0082,60,0.0011,23.7836,23.7757,23.7908,0.004,60,0.0005,23.7853,23.7773,23.7924,0.004,60,0.0005,9.8299,9.8273,9.8357,0.0015,60,0.0002
2016-01-11T00:30:00.000 ,23,31.0604,31.0478,31.0718,0.0057,60,0.0007,1024.2272,1024.2178,1024.2358,0.0044,60,0.0006,0.3773,0.3515,0.4145,0.0172,60,0.0022,16.4504,15.3259,18.0755,0.7487,60,0.0967,9.8222,9.8179,9.8275,0.0018,60,0.0002,30.9109,30.8984,30.9223,0.0056,60,0.0007,96.5074,96.426,96.562,0.039,60,0.005,96.872,96.7906,96.9266,0.039,60,0.005,23.7879,23.7784,23.7969,0.0045,60,0.0006,23.7896,23.7801,23.7986,0.0045,60,0.0006,9.8327,9.8283,9.8379,0.0018,60,0.0002
2016-01-11T01:30:00.000 ,23,31.0437,31.0042,31.0833,0.0209,60,0.0027,1024.2141,1024.1831,1024.2456,0.0165,60,0.0021,0.4461,0.3059,0.5864,0.0789,60,0.0102,19.4517,13.3401,25.5711,3.4419,60,0.4443,9.8157,9.8093,9.8218,0.0032,60,0.0004,30.8943,30.8551,30.9338,0.0208,60,0.0027,96.2416,96.027,96.425,0.1203,60,0.0155,96.6062,96.3916,96.7896,0.1203,60,0.0155,23.776,23.7455,23.8069,0.0161,60,0.0021,23.7777,23.7471,23.8086,0.0161,60,0.0021,9.8261,9.8197,9.8322,0.0032,60,0.0004
2016-01-11T02:30:00.000 ,23,31.0028,30.9794,31.0271,0.011,60,0.0014,1024.1805,1024.1622,1024.1996,0.0088,60,0.0011,0.6111,0.5214,0.6993,0.0419,60,0.0054,26.6469,22.734,30.4955,1.8292,60,0.2362,9.8142,9.8124,9.8163,0.0011,60,0.0001,30.8537,30.8304,30.8778,0.011,60,0.0014,95.76,95.488,96.015,0.1577,60,0.0204,96.1246,95.8526,96.3796,0.1577,60,0.0204,23.7446,23.7267,23.7634,0.0085,60,0.0011,23.7462,23.7283,23.765,0.0085,60,0.0011,9.8245,9.8227,9.8266,0.0011,60,0.0001
2016-01-11T03:30:00.000 ,23,30.9993,30.9861,31.0157,0.0071,60,0.0009,1024.175,1024.164,1024.1876,0.0057,60,0.0007,0.6247,0.5725,0.6788,0.0271,60,0.0035,27.243,24.9639,29.6018,1.1837,60,0.1528,9.8153,9.8132,9.8217,0.0021,60,0.0003,30.8502,30.8371,30.8665,0.0071,60,0.0009,95.1846,94.888,95.476,0.1745,60,0.0225,95.5492,95.2526,95.8406,0.1745,60,0.0225,23.7417,23.7318,23.7542,0.0055,60,0.0007,23.7434,23.7334,23.7559,0.0055,60,0.0007,9.8256,9.8235,9.832,0.0021,60,0.0003
2016-01-11T04:30:00.000 ,23,31.0009,30.992,31.0165,0.0057,60,0.0007,1024.1735,1024.1656,1024.1861,0.0049,60,0.0006,0.6085,0.531,0.652,0.0275,60,0.0035,26.5344,23.1548,28.4316,1.1985,60,0.1547,9.8151,9.8135,9.8237,0.0019,60,0.0002,30.8518,30.843,30.8673,0.0057,60,0.0007,94.5741,94.279,94.878,0.1765,60,0.0228,94.9387,94.6436,95.2426,0.1765,60,0.0228,23.743,23.7352,23.755,0.0045,60,0.0006,23.7446,23.7368,23.7566,0.0045,60,0.0006,9.8254,9.8237,9.834,0.0019,60,0.0002
2016-01-11T05:30:00.000 ,23,30.9961,30.9849,31.0238,0.0109,60,0.0014,1024.1672,1024.1582,1024.1875,0.0081,60,0.001,0.6228,0.4999,0.6657,0.0487,60,0.0063,27.1566,21.7975,29.0282,2.1219,60,0.2739,9.8158,9.8133,9.8184,0.0012,60,0.0002,30.8471,30.8359,30.8746,0.0109,60,0.0014,94.0114,93.796,94.271,0.1421,60,0.0183,94.376,94.1606,94.6356,0.1421,60,0.0183,23.7392,23.7305,23.7606,0.0085,60,0.0011,23.7408,23.7321,23.7622,0.0085,60,0.0011,9.8259,9.8235,9.8286,0.0012,60,0.0002
2016-01-11T06:30:00.000 ,23,30.989,30.9787,31.023,0.0112,60,0.0014,1024.1599,1024.1517,1024.1868,0.0088,60,0.0011,0.6423,0.5011,0.692,0.0491,60,0.0063,28.0069,21.8502,30.1785,2.1399,60,0.2763,9.8173,9.8157,9.8185,0.0007,60,0.0001,30.84,30.8297,30.8738,0.0111,60,0.0014,93.6838,93.631,93.79,0.049,60,0.0063,94.0484,93.9956,94.1546,0.049,60,0.0063,23.7334,23.7254,23.7599,0.0087,60,0.0011,23.735,23.7271,23.7615,0.0087,60,0.0011,9.8274,9.8258,9.8286,0.0007,60,0.0001
2016-01-11T07:30:00.000 ,23,30.977,30.9719,30.9812,0.0027,60,0.0003,1024.1507,1024.147,1024.1539,0.002,60,0.0003,0.7033,0.6782,0.7292,0.0153,60,0.002,30.669,29.5763,31.7981,0.6672,60,0.0861,9.8164,9.8153,9.8175,0.0005,60,0.0001,30.8281,30.823,30.8322,0.0027,60,0.0003,93.668,93.628,93.751,0.0365,60,0.0047,94.0326,93.9926,94.1156,0.0365,60,0.0047,23.7242,23.7204,23.7276,0.0021,60,0.0003,23.7259,23.7221,23.7292,0.0021,60,0.0003,9.8265,9.8254,9.8276,0.0005,60,0.0001
2016-01-11T08:30:00.000 ,23,30.9902,30.9748,31.0073,0.0117,60,0.0015,1024.1622,1024.1496,1024.1757,0.0094,60,0.0012,0.6308,0.5545,0.6986,0.0532,60,0.0069,27.5087,24.1793,30.4661,2.3192,60,0.2994,9.8165,9.8148,9.8204,0.0013,60,0.0002,30.8412,30.8259,30.8582,0.0116,60,0.0015,93.9506,93.754,94.155,0.121,60,0.0156,94.3152,94.1186,94.5196,0.121,60,0.0156,23.7345,23.7226,23.7472,0.0089,60,0.0012,23.7361,23.7243,23.7488,0.0089,60,0.0012,9.8267,9.8249,9.8306,0.0014,60,0.0002
2016-01-11T09:30:00.000 ,23,30.9909,30.9778,31.0028,0.007,60,0.0009,1024.1642,1024.1558,1024.1732,0.0047,60,0.0006,0.6271,0.5795,0.6832,0.0296,60,0.0038,27.344,25.2681,29.7915,1.2912,60,0.1667,9.8197,9.8158,9.8294,0.0031,60,0.0004,30.8418,30.8288,30.8537,0.007,60,0.0009,94.3997,94.161,94.663,0.1479,60,0.0191,94.7644,94.5256,95.0276,0.1479,60,0.0191,23.7345,23.7248,23.7433,0.0052,60,0.0007,23.7361,23.7264,23.7449,0.0052,60,0.0007,9.8299,9.826,9.8396,0.0031,60,0.0004
2016-01-11T10:30:00.000 ,23,30.9662,30.9504,30.9906,0.011,60,0.0014,1024.1486,1024.1377,1024.1686,0.0083,60,0.0011,0.7591,0.6323,0.8319,0.0579,60,0.0075,33.1045,27.5727,36.2788,2.5234,60,0.3258,9.8129,9.8087,9.8184,0.0023,60,0.0003,30.8172,30.8015,30.8415,0.011,60,0.0014,94.9473,94.669,95.244,0.1697,60,0.0219,95.3119,95.0336,95.6086,0.1697,60,0.0219,23.7163,23.7047,23.7351,0.0083,60,0.0011,23.718,23.7064,23.7367,0.0083,60,0.0011,9.8232,9.819,9.8286,0.0023,60,0.0003
2016-01-11T11:30:00.000 ,23,30.9644,30.9416,30.9862,0.0136,60,0.0017,1024.1504,1024.1345,1024.168,0.0098,60,0.0013,0.747,0.6418,0.8583,0.066,60,0.0085,32.5762,27.9853,37.4269,2.8781,60,0.3716,9.8108,9.8057,9.8247,0.0031,60,0.0004,30.8154,30.7928,30.8372,0.0135,60,0.0017,95.5646,95.253,95.873,0.1843,60,0.0238,95.9293,95.6176,96.2376,0.1843,60,0.0238,23.7153,23.6983,23.7318,0.0102,60,0.0013,23.7169,23.7,23.7335,0.0102,60,0.0013,9.8211,9.816,9.8351,0.0031,60,0.0004
2016-01-11T12:30:00.000 ,23,30.9823,30.9408,31.0084,0.0145,60,0.0019,1024.1664,1024.1344,1024.1858,0.0108,60,0.0014,0.6715,0.5653,0.8554,0.0645,60,0.0083,29.2839,24.6488,37.3035,2.8108,60,0.3629,9.8136,9.8053,9.8211,0.0033,60,0.0004,30.8332,30.792,30.8592,0.0144,60,0.0019,96.1401,95.881,96.38,0.1489,60,0.0192,96.5048,96.2456,96.7446,0.1489,60,0.0192,23.7287,23.6979,23.7484,0.0107,60,0.0014,23.7304,23.6995,23.7501,0.0107,60,0.0014,9.824,9.8156,9.8315,0.0033,60,0.0004
2016-01-11T13:30:00.000 ,23,31.0095,30.9758,31.0274,0.0129,60,0.0017,1024.1889,1024.1628,1024.2027,0.01,60,0.0013,0.5487,0.4731,0.7028,0.0588,60,0.0076,23.925,20.6294,30.6454,2.5646,60,0.3311,9.8176,9.8122,9.8257,0.0027,60,0.0004,30.8604,30.8268,30.8781,0.0129,60,0.0017,96.5795,96.388,96.737,0.1035,60,0.0134,96.9441,96.7526,97.1016,0.1035,60,0.0134,23.7492,23.7239,23.7628,0.0097,60,0.0013,23.7509,23.7256,23.7644,0.0097,60,0.0013,9.828,9.8226,9.8362,0.0027,60,0.0004
2016-01-11T14:30:00.000 ,23,30.9851,30.9767,31.0074,0.006,60,0.0008,1024.1718,1024.1656,1024.1885,0.0045,60,0.0006,0.6644,0.5858,0.6992,0.0258,60,0.0033,28.9703,25.5424,30.4889,1.124,60,0.1451,9.813,9.812,9.8143,0.0005,60,0.0001,30.836,30.8277,30.8582,0.006,60,0.0008,96.8221,96.741,96.866,0.0368,60,0.0048,97.1867,97.1056,97.2306,0.0368,60,0.0048,23.731,23.7246,23.7481,0.0046,60,0.0006,23.7327,23.7263,23.7498,0.0046,60,0.0006,9.8234,9.8225,9.8248,0.0005,60,0.0001
2016-01-11T15:30:00.000 ,23,31.0203,30.9796,31.0366,0.0146,60,0.0019,1024.1981,1024.1677,1024.2104,0.011,60,0.0014,0.5147,0.4476,0.6919,0.065,60,0.0084,22.442,19.5181,30.172,2.8337,60,0.3658,9.8184,9.8123,9.8217,0.002,60,0.0003,30.8711,30.8305,30.8873,0.0146,60,0.0019,96.8166,96.748,96.866,0.0366,60,0.0047,97.1813,97.1126,97.2306,0.0366,60,0.0047,23.7574,23.7268,23.7698,0.0111,60,0.0014,23.7591,23.7284,23.7714,0.0111,60,0.0014,9.8289,9.8228,9.8322,0.002,60,0.0003
2016-01-11T16:30:00.000 ,23,31.0222,30.9911,31.0755,0.0242,60,0.0031,1024.1988,1024.1746,1024.2411,0.019,60,0.0024,0.513,0.3518,0.636,0.0848,60,0.0109,22.3698,15.3385,27.7325,3.6988,60,0.4775,9.8187,9.8149,9.8218,0.0013,60,0.0002,30.8729,30.842,30.926,0.0241,60,0.0031,96.6504,96.542,96.747,0.0606,60,0.0078,97.015,96.9066,97.1116,0.0606,60,0.0078,23.7588,23.7349,23.8008,0.0187,60,0.0024,23.7605,23.7366,23.8025,0.0187,60,0.0024,9.8291,9.8254,9.8323,0.0014,60,0.0002
2016-01-11T17:30:00.000 ,23,31.0414,30.998,31.091,0.0262,60,0.0034,1024.213,1024.1797,1024.2525,0.0205,60,0.0027,0.4598,0.3176,0.5998,0.0795,60,0.0103,20.0505,13.8482,26.1548,3.4675,60,0.4477,9.8173,9.81,9.8214,0.0026,60,0.0003,30.8921,30.8489,30.9414,0.0261,60,0.0034,96.4396,96.341,96.538,0.0563,60,0.0073,96.8042,96.7056,96.9026,0.0563,60,0.0073,23.774,23.7402,23.8137,0.0207,60,0.0027,23.7757,23.7419,23.8153,0.0207,60,0.0027,9.8277,9.8204,9.8318,0.0026,60,0.0003
2016-01-11T18:30:00.000 ,23,31.098,31.0487,31.1404,0.0281,60,0.0036,1024.2572,1024.2179,1024.2922,0.0228,60,0.0029,0.3047,0.2053,0.4362,0.0738,60,0.0095,13.2859,8.9524,19.0188,3.2184,60,0.4155,9.8097,9.7951,9.8215,0.0069,60,0.0009,30.9484,30.8993,30.9906,0.028,60,0.0036,96.244,96.167,96.337,0.0492,60,0.0063,96.6086,96.5316,96.7016,0.0492,60,0.0063,23.8191,23.7794,23.8544,0.0229,60,0.003,23.8208,23.7811,23.8561,0.0229,60,0.003,9.8201,9.8055,9.8319,0.0069,60,0.0009
2016-01-11T19:30:00.000 ,23,31.0847,31.0551,31.1514,0.0326,60,0.0042,1024.2465,1024.222,1024.3021,0.027,60,0.0035,0.3333,0.2034,0.3976,0.0743,60,0.0096,14.5312,8.8693,17.3371,3.2385,60,0.4181,9.8082,9.7853,9.817,0.0094,60,0.0012,30.9351,30.9057,31.0015,0.0325,60,0.0042,96.0967,96.061,96.164,0.031,60,0.004,96.4614,96.4256,96.5286,0.031,60,0.004,23.8091,23.7847,23.8645,0.0268,60,0.0035,23.8107,23.7864,23.8662,0.0268,60,0.0035,9.8186,9.7957,9.8274,0.0093,60,0.0012
2016-01-11T20:30:00.000 ,23,31.0502,31.0408,31.0574,0.004,60,0.0005,1024.2181,1024.2108,1024.2238,0.0031,60,0.0004,0.4063,0.3935,0.4308,0.0092,60,0.0012,17.7165,17.1574,18.7869,0.3998,60,0.0516,9.8171,9.8161,9.8176,0.0003,60,0,30.9009,30.8915,30.908,0.004,60,0.0005,96.0542,96.042,96.064,0.0048,60,0.0006,96.4189,96.4066,96.4286,0.0048,60,0.0006,23.7809,23.7735,23.7866,0.0031,60,0.0004,23.7826,23.7752,23.7882,0.0031,60,0.0004,9.8275,9.8265,9.828,0.0003,60,0
2016-01-11T21:30:00.000 ,23,31.0281,30.9978,31.0429,0.0095,60,0.0012,1024.2013,1024.178,1024.2135,0.0073,60,0.0009,0.4804,0.4262,0.5835,0.0371,60,0.0048,20.9464,18.5865,25.4434,1.6191,60,0.209,9.8173,9.8152,9.8185,0.0006,60,0.0001,30.8788,30.8487,30.8936,0.0095,60,0.0012,96.1331,96.061,96.22,0.0492,60,0.0064,96.4977,96.4256,96.5846,0.0492,60,0.0064,23.7637,23.7402,23.7755,0.0074,60,0.001,23.7654,23.7418,23.7772,0.0074,60,0.001,9.8277,9.8256,9.8289,0.0006,60,0.0001
2016-01-11T22:30:00.000 ,23,31.0155,30.9987,31.0432,0.0128,60,0.0016,1024.1925,1024.1799,1024.2136,0.0098,60,0.0013,0.5355,0.4328,0.5928,0.0449,60,0.0058,23.3504,18.8732,25.849,1.9599,60,0.253,9.8157,9.8138,9.8179,0.0013,60,0.0002,30.8663,30.8496,30.8939,0.0127,60,0.0016,96.3083,96.224,96.384,0.0479,60,0.0062,96.6729,96.5886,96.7486,0.0479,60,0.0062,23.7541,23.7411,23.7756,0.01,60,0.0013,23.7558,23.7428,23.7773,0.01,60,0.0013,9.8261,9.8242,9.8283,0.0013,60,0.0002
2016-01-11T23:30:00.000 ,23,30.9583,30.9024,31.0043,0.0281,60,0.0036,1024.15,1024.1092,1024.184,0.0206,60,0.0027,0.7785,0.5862,1.0389,0.1276,60,0.0165,33.9489,25.5614,45.3038,5.5666,60,0.7187,9.8082,9.7938,9.817,0.0067,60,0.0009,30.8093,30.7537,30.8551,0.028,60,0.0036,96.4452,96.382,96.49,0.033,60,0.0043,96.8098,96.7466,96.8546,0.033,60,0.0043,23.7109,23.6698,23.7452,0.0208,60,0.0027,23.7126,23.6715,23.7469,0.0208,60,0.0027,9.8187,9.8042,9.8274,0.0067,60,0.0009
2016-01-12T00:30:00.000 ,23,30.8949,30.8787,30.9156,0.0088,60,0.0011,1024.104,1024.0922,1024.1192,0.0064,60,0.0008,1.0973,1.025,1.1953,0.0406,60,0.0052,47.851,44.6981,52.1253,1.7723,60,0.2288,9.7908,9.7856,9.7961,0.0026,60,0.0003,30.7463,30.7301,30.7669,0.0088,60,0.0011,96.5168,96.493,96.53,0.0101,60,0.0013,96.8814,96.8576,96.8946,0.0101,60,0.0013,23.6645,23.6527,23.6798,0.0065,60,0.0008,23.6662,23.6544,23.6814,0.0065,60,0.0008,9.8012,9.796,9.8065,0.0026,60,0.0003
2016-01-12T01:30:00.000 ,23,30.9246,30.8835,30.9729,0.0297,60,0.0038,1024.1264,1024.0957,1024.1628,0.0225,60,0.0029,1.0093,0.833,1.1752,0.1167,60,0.0151,44.0152,36.3231,51.2498,5.0904,60,0.6572,9.7932,9.7875,9.7979,0.0024,60,0.0003,30.7758,30.7349,30.8239,0.0296,60,0.0038,96.4675,96.364,96.525,0.0478,60,0.0062,96.8322,96.7286,96.8896,0.0478,60,0.0062,23.6872,23.6562,23.7239,0.0227,60,0.0029,23.6889,23.6578,23.7256,0.0227,60,0.0029,9.8036,9.7979,9.8083,0.0024,60,0.0003
2016-01-12T02:30:00.000 ,23,30.9507,30.9106,30.9729,0.0142,60,0.0018,1024.1443,1024.1153,1024.1607,0.0101,60,0.0013,0.8794,0.7884,1.0591,0.0668,60,0.0086,38.3493,34.3801,46.1855,2.9116,60,0.3759,9.7988,9.7889,9.8031,0.0043,60,0.0006,30.8018,30.7619,30.8239,0.0141,60,0.0018,96.1604,95.933,96.361,0.1295,60,0.0167,96.525,96.2976,96.7256,0.1295,60,0.0167,23.7065,23.6768,23.7231,0.0105,60,0.0014,23.7082,23.6785,23.7248,0.0105,60,0.0014,9.8092,9.7993,9.8135,0.0043,60,0.0006
2016-01-12T03:30:00.000 ,23,30.9325,30.915,30.9628,0.0124,60,0.0016,1024.128,1024.1144,1024.152,0.0097,60,0.0013,0.9546,0.8221,1.0419,0.0583,60,0.0075,41.6269,35.8503,45.4354,2.5433,60,0.3283,9.7986,9.7945,9.8036,0.0024,60,0.0003,30.7837,30.7663,30.8139,0.0123,60,0.0016,95.6587,95.375,95.927,0.1633,60,0.0211,96.0234,95.7396,96.2916,0.1633,60,0.0211,23.6925,23.6794,23.7154,0.0093,60,0.0012,23.6941,23.6811,23.717,0.0093,60,0.0012,9.8089,9.8048,9.8139,0.0024,60,0.0003
2016-01-12T04:30:00.000 ,23,30.9906,30.9442,31.0341,0.0264,60,0.0034,1024.1692,1024.1354,1024.2028,0.0196,60,0.0025,0.6959,0.526,0.9105,0.1149,60,0.0148,30.3453,22.9348,39.706,5.0103,60,0.6468,9.8063,9.8011,9.8126,0.0024,60,0.0003,30.8416,30.7954,30.8848,0.0263,60,0.0034,95.0673,94.771,95.365,0.1754,60,0.0226,95.4319,95.1356,95.7296,0.1754,60,0.0226,23.7364,23.7012,23.7699,0.0202,60,0.0026,23.7381,23.7029,23.7716,0.0202,60,0.0026,9.8165,9.8114,9.8229,0.0024,60,0.0003
2016-01-12T05:30:00.000 ,23,31.0059,30.9865,31.0385,0.014,60,0.0018,1024.1779,1024.1644,1024.202,0.0102,60,0.0013,0.6242,0.4963,0.7017,0.0536,60,0.0069,27.2204,21.6412,30.5998,2.3395,60,0.302,9.8095,9.8072,9.8118,0.0007,60,0.0001,30.8568,30.8375,30.8892,0.0139,60,0.0018,94.482,94.206,94.763,0.1651,60,0.0213,94.8466,94.5706,95.1276,0.1651,60,0.0213,23.7478,23.7331,23.773,0.0108,60,0.0014,23.7494,23.7347,23.7746,0.0108,60,0.0014,9.8197,9.8174,9.822,0.0007,60,0.0001
2016-01-12T06:30:00.000 ,23,31.0278,31.0181,31.0469,0.0079,60,0.001,1024.1929,1024.1851,1024.2081,0.0063,60,0.0008,0.5274,0.4681,0.5664,0.0282,60,0.0036,22.9958,20.4135,24.6998,1.2305,60,0.1589,9.8085,9.8068,9.8106,0.0008,60,0.0001,30.8786,30.8689,30.8976,0.0078,60,0.001,93.9943,93.834,94.204,0.1111,60,0.0143,94.3589,94.1986,94.5686,0.1111,60,0.0143,23.765,23.7574,23.7797,0.006,60,0.0008,23.7666,23.759,23.7813,0.006,60,0.0008,9.8186,9.8169,9.8208,0.0008,60,0.0001
2016-01-12T07:30:00.000 ,23,30.9941,30.9415,31.0454,0.0331,60,0.0043,1024.1659,1024.1257,1024.2057,0.0254,60,0.0033,0.6647,0.4611,0.8986,0.1486,60,0.0192,28.9856,20.1067,39.1873,6.4817,60,0.8368,9.8071,9.8031,9.8102,0.0023,60,0.0003,30.8451,30.7927,30.8961,0.0329,60,0.0042,93.7657,93.744,93.826,0.0235,60,0.003,94.1303,94.1086,94.1906,0.0235,60,0.003,23.739,23.6988,23.7786,0.0253,60,0.0033,23.7407,23.7004,23.7803,0.0253,60,0.0033,9.8172,9.8132,9.8203,0.0023,60,0.0003
2016-01-12T08:30:00.000 ,23,31.0072,30.9667,31.0214,0.0098,60,0.0013,1024.1761,1024.1448,1024.1866,0.0076,60,0.001,0.5997,0.5397,0.7186,0.0347,60,0.0045,26.1519,23.535,31.3359,1.5113,60,0.1951,9.8085,9.8059,9.8096,0.0006,60,0.0001,30.8581,30.8178,30.8722,0.0098,60,0.0013,93.8199,93.75,93.946,0.0577,60,0.0074,94.1845,94.1146,94.3106,0.0577,60,0.0074,23.749,23.7179,23.7598,0.0076,60,0.001,23.7506,23.7196,23.7614,0.0076,60,0.001,9.8187,9.816,9.8197,0.0006,60,0.0001
2016-01-12T09:30:00.000 ,23,30.9656,30.9323,31.0016,0.0191,60,0.0025,1024.1459,1024.1223,1024.1722,0.0138,60,0.0018,0.783,0.6157,0.8972,0.0898,60,0.0116,34.144,26.849,39.1258,3.9164,60,0.5056,9.8053,9.7975,9.8096,0.0028,60,0.0004,30.8167,30.7835,30.8525,0.019,60,0.0024,94.172,93.951,94.39,0.1325,60,0.0171,94.5366,94.3156,94.7546,0.1325,60,0.0171,23.7172,23.6925,23.7445,0.0144,60,0.0019,23.7188,23.6941,23.7461,0.0144,60,0.0019,9.8155,9.8077,9.8198,0.0027,60,0.0004
2016-01-12T10:30:00.000 ,23,30.9274,30.9204,30.9386,0.0055,60,0.0007,1024.1199,1024.1148,1024.1289,0.0039,60,0.0005,0.9354,0.896,0.9842,0.0324,60,0.0042,40.7917,39.0732,42.9216,1.4135,60,0.1825,9.7965,9.7947,9.7993,0.0013,60,0.0002,30.7787,30.7717,30.7898,0.0055,60,0.0007,94.6526,94.398,94.941,0.1633,60,0.0211,95.0172,94.7626,95.3056,0.1633,60,0.0211,23.6889,23.6836,23.6971,0.0041,60,0.0005,23.6905,23.6852,23.6988,0.0041,60,0.0005,9.8068,9.8049,9.8095,0.0013,60,0.0002
2016-01-12T11:30:00.000 ,23,30.9586,30.9212,31.067,0.0439,60,0.0057,1024.146,1024.1168,1024.2299,0.034,60,0.0044,0.8032,0.3869,0.9629,0.1675,60,0.0216,35.0281,16.8718,41.9908,7.3053,60,0.9431,9.8006,9.7945,9.8107,0.0052,60,0.0007,30.8097,30.7725,30.9176,0.0437,60,0.0056,95.2315,94.949,95.536,0.1721,60,0.0222,95.5961,95.3136,95.9006,0.1721,60,0.0222,23.7124,23.6844,23.795,0.0333,60,0.0043,23.7141,23.686,23.7967,0.0333,60,0.0043,9.8109,9.8047,9.821,0.0052,60,0.0007
2016-01-12T12:30:00.000 ,23,31.0481,31.0014,31.0693,0.0177,60,0.0023,1024.2169,1024.1826,1024.2337,0.0128,60,0.0017,0.4544,0.3801,0.596,0.0699,60,0.009,19.8129,16.5762,25.9898,3.0496,60,0.3937,9.8083,9.8027,9.8123,0.0033,60,0.0004,30.8987,30.8523,30.9198,0.0176,60,0.0023,95.8478,95.545,96.117,0.1683,60,0.0217,96.2124,95.9096,96.4816,0.1683,60,0.0217,23.7806,23.7452,23.7971,0.0133,60,0.0017,23.7823,23.7469,23.7987,0.0133,60,0.0017,9.8187,9.8131,9.8227,0.0032,60,0.0004
2016-01-12T13:30:00.000 ,23,31.0312,30.9667,31.0805,0.0325,60,0.0042,1024.2067,1024.1579,1024.2453,0.0249,60,0.0032,0.523,0.3407,0.7692,0.118,60,0.0152,22.8063,14.8544,33.5438,5.1447,60,0.6642,9.8052,9.8019,9.8093,0.0019,60,0.0002,30.8819,30.8177,30.931,0.0324,60,0.0042,96.3677,96.124,96.562,0.132,60,0.017,96.7324,96.4886,96.9266,0.132,60,0.017,23.768,23.7185,23.8061,0.0252,60,0.0033,23.7697,23.7201,23.8078,0.0252,60,0.0033,9.8156,9.8123,9.8197,0.0019,60,0.0002
2016-01-12T14:30:00.000 ,23,30.9657,30.9228,31.0032,0.0186,60,0.0024,1024.1577,1024.1262,1024.1863,0.0139,60,0.0018,0.7739,0.6245,0.9398,0.0775,60,0.01,33.7462,27.2307,40.9826,3.3789,60,0.4362,9.8042,9.7972,9.8081,0.0023,60,0.0003,30.8167,30.774,30.854,0.0185,60,0.0024,96.7355,96.569,96.871,0.0962,60,0.0124,97.1001,96.9336,97.2356,0.0962,60,0.0124,23.7173,23.6851,23.7458,0.0141,60,0.0018,23.719,23.6868,23.7474,0.0141,60,0.0018,9.8146,9.8076,9.8186,0.0023,60,0.0003
2016-01-12T15:30:00.000 ,23,30.9416,30.9065,30.9803,0.023,60,0.003,1024.1401,1024.1142,1024.1689,0.0169,60,0.0022,0.8915,0.7097,1.0503,0.1071,60,0.0138,38.8765,30.9474,45.8043,4.6712,60,0.603,9.8017,9.7934,9.8106,0.0058,60,0.0008,30.7928,30.7578,30.8312,0.0229,60,0.003,96.8782,96.864,96.886,0.0047,60,0.0006,97.2428,97.2286,97.2506,0.0047,60,0.0006,23.699,23.6731,23.7279,0.0169,60,0.0022,23.7007,23.6747,23.7296,0.0169,60,0.0022,9.8121,9.8038,9.8211,0.0058,60,0.0008
2016-01-12T16:30:00.000 ,23,30.9896,30.9684,31.0068,0.0098,60,0.0013,1024.1751,1024.1595,1024.1883,0.0075,60,0.001,0.6561,0.5848,0.7635,0.0435,60,0.0056,28.61,25.5007,33.2961,1.8969,60,0.2449,9.8122,9.8098,9.8142,0.001,60,0.0001,30.8405,30.8194,30.8576,0.0097,60,0.0013,96.7779,96.685,96.861,0.0538,60,0.0069,97.1425,97.0496,97.2256,0.0538,60,0.0069,23.7346,23.7185,23.7478,0.0075,60,0.001,23.7362,23.7202,23.7495,0.0075,60,0.001,9.8227,9.8203,9.8247,0.001,60,0.0001
2016-01-12T17:30:00.000 ,23,31.0424,31.0124,31.0934,0.0228,60,0.0029,1024.2152,1024.1923,1024.2552,0.0177,60,0.0023,0.4687,0.3229,0.5879,0.0701,60,0.009,20.4381,14.0815,25.6373,3.0567,60,0.3946,9.8113,9.805,9.8132,0.0022,60,0.0003,30.8931,30.8632,30.9438,0.0227,60,0.0029,96.5458,96.418,96.684,0.0853,60,0.011,96.9104,96.7826,97.0486,0.0853,60,0.011,23.7757,23.7522,23.8163,0.018,60,0.0023,23.7774,23.7539,23.8179,0.018,60,0.0023,9.8217,9.8154,9.8236,0.0022,60,0.0003
2016-01-12T18:30:00.000 ,23,31.0914,31.0505,31.154,0.0299,60,0.0039,1024.2535,1024.2207,1024.3047,0.0243,60,0.0031,0.321,0.1753,0.4268,0.0757,60,0.0098,13.9985,7.6428,18.6098,3.2996,60,0.426,9.803,9.7879,9.8089,0.0059,60,0.0008,30.9418,30.9011,31.0041,0.0298,60,0.0038,96.3218,96.201,96.411,0.0641,60,0.0083,96.6864,96.5656,96.7756,0.0641,60,0.0083,23.8151,23.7824,23.8661,0.0242,60,0.0031,23.8167,23.7841,23.8678,0.0242,60,0.0031,9.8134,9.7983,9.8193,0.0059,60,0.0008
2016-01-12T19:30:00.000 ,23,31.0774,31.0284,31.1186,0.0204,60,0.0026,1024.2409,1024.2017,1024.2739,0.0163,60,0.0021,0.3541,0.2594,0.4687,0.0535,60,0.0069,15.439,11.3104,20.4385,2.3351,60,0.3015,9.8078,9.8003,9.8133,0.0031,60,0.0004,30.9279,30.8791,30.9689,0.0203,60,0.0026,96.0916,96.023,96.192,0.051,60,0.0066,96.4562,96.3876,96.5566,0.051,60,0.0066,23.8035,23.7645,23.8367,0.0163,60,0.0021,23.8052,23.7662,23.8383,0.0163,60,0.0021,9.8182,9.8107,9.8237,0.0031,60,0.0004
2016-01-12T20:30:00.000 ,23,31.0584,31.0336,31.1034,0.0169,60,0.0022,1024.2245,1024.2051,1024.261,0.0135,60,0.0017,0.407,0.303,0.4871,0.0531,60,0.0069,17.7485,13.2127,21.2422,2.3171,60,0.2991,9.8148,9.8065,9.8185,0.0025,60,0.0003,30.909,30.8843,30.9538,0.0168,60,0.0022,95.9813,95.934,96.024,0.0279,60,0.0036,96.3459,96.2986,96.3886,0.0279,60,0.0036,23.7876,23.7684,23.8239,0.0134,60,0.0017,23.7892,23.7701,23.8256,0.0134,60,0.0017,9.8252,9.8169,9.8289,0.0025,60,0.0003
2016-01-12T21:30:00.000 ,23,31.0351,31.0174,31.0768,0.0122,60,0.0016,1024.207,1024.1925,1024.2404,0.0099,60,0.0013,0.4823,0.3708,0.5432,0.039,60,0.005,21.03,16.1664,23.6867,1.702,60,0.2197,9.8106,9.8031,9.8169,0.004,60,0.0005,30.8858,30.8682,30.9273,0.0122,60,0.0016,95.9464,95.924,95.986,0.02,60,0.0026,96.311,96.2886,96.3506,0.02,60,0.0026,23.7702,23.7556,23.8038,0.01,60,0.0013,23.7719,23.7573,23.8054,0.01,60,0.0013,9.821,9.8135,9.8273,0.004,60,0.0005
2016-01-12T22:30:00.000 ,23,31.0027,30.9704,31.0213,0.0139,60,0.0018,1024.1818,1024.1574,1024.1968,0.0106,60,0.0014,0.6124,0.5471,0.7472,0.0557,60,0.0072,26.7037,23.8564,32.5856,2.4291,60,0.3136,9.8136,9.8085,9.8174,0.002,60,0.0003,30.8536,30.8214,30.8721,0.0138,60,0.0018,96.0417,95.984,96.129,0.0434,60,0.0056,96.4063,96.3486,96.4936,0.0434,60,0.0056,23.7446,23.7202,23.7595,0.0106,60,0.0014,23.7463,23.7218,23.7611,0.0106,60,0.0014,9.824,9.8189,9.8278,0.002,60,0.0003
2016-01-12T23:30:00.000 ,23,30.9691,30.9377,31.0068,0.0176,60,0.0023,1024.1574,1024.1345,1024.1852,0.0127,60,0.0016,0.7581,0.601,0.8941,0.0777,60,0.01,33.06,26.2068,38.9915,3.3899,60,0.4376,9.808,9.8012,9.8168,0.0047,60,0.0006,30.8201,30.7889,30.8576,0.0175,60,0.0023,96.2098,96.132,96.289,0.048,60,0.0062,96.5744,96.4966,96.6536,0.048,60,0.0062,23.7194,23.6961,23.7476,0.0129,60,0.0017,23.721,23.6978,23.7493,0.0129,60,0.0017,9.8184,9.8116,9.8272,0.0047,60,0.0006
2016-01-13T00:30:00.000 ,23,30.9404,30.8788,30.9873,0.025,60,0.0032,1024.1371,1024.0921,1024.1718,0.0183,60,0.0024,0.8813,0.704,1.1431,0.1065,60,0.0137,38.4339,30.6989,49.8497,4.6434,60,0.5995,9.8001,9.7845,9.8091,0.0056,60,0.0007,30.7916,30.7302,30.8382,0.0248,60,0.0032,96.371,96.294,96.436,0.0422,60,0.0055,96.7357,96.6586,96.8006,0.0422,60,0.0055,23.6984,23.653,23.7333,0.0185,60,0.0024,23.7,23.6546,23.735,0.0185,60,0.0024,9.8105,9.7949,9.8195,0.0056,60,0.0007
2016-01-13T01:30:00.000 ,23,30.9297,30.8755,31.0205,0.039,60,0.005,1024.1304,1024.0896,1024.2009,0.03,60,0.0039,0.9851,0.6697,1.184,0.1442,60,0.0186,42.9595,29.2029,51.633,6.2905,60,0.8121,9.7927,9.7847,9.8003,0.004,60,0.0005,30.7809,30.727,30.8713,0.0389,60,0.005,96.4553,96.441,96.463,0.0057,60,0.0007,96.8199,96.8056,96.8276,0.0057,60,0.0007,23.6912,23.6504,23.7618,0.03,60,0.0039,23.6929,23.6521,23.7634,0.03,60,0.0039,9.8031,9.7951,9.8107,0.004,60,0.0005
2016-01-13T02:30:00.000 ,23,31.0252,30.9859,31.0838,0.0267,60,0.0034,1024.2025,1024.1726,1024.2495,0.0215,60,0.0028,0.5927,0.4235,0.7767,0.0849,60,0.011,25.8432,18.4643,33.8674,3.7025,60,0.478,9.8023,9.7907,9.8089,0.0061,60,0.0008,30.8759,30.8368,30.9343,0.0265,60,0.0034,96.3657,96.235,96.447,0.0665,60,0.0086,96.7303,96.5996,96.8116,0.0665,60,0.0086,23.7638,23.7345,23.8105,0.0212,60,0.0027,23.7655,23.7361,23.8122,0.0212,60,0.0027,9.8128,9.8011,9.8193,0.0061,60,0.0008
2016-01-13T03:30:00.000 ,23,30.9887,30.9474,31.0162,0.021,60,0.0027,1024.1715,1024.1394,1024.1935,0.0165,60,0.0021,0.6959,0.5874,0.8792,0.0871,60,0.0113,30.3467,25.6153,38.34,3.8007,60,0.4907,9.8099,9.8031,9.8127,0.0026,60,0.0003,30.8396,30.7985,30.867,0.0209,60,0.0027,96.0272,95.796,96.226,0.1283,60,0.0166,96.3919,96.1606,96.5906,0.1283,60,0.0166,23.7343,23.7032,23.7556,0.016,60,0.0021,23.736,23.7049,23.7572,0.016,60,0.0021,9.8203,9.8134,9.8231,0.0026,60,0.0003
2016-01-13T04:30:00.000 ,23,30.9343,30.9192,30.9821,0.0146,60,0.0019,1024.1286,1024.1168,1024.1635,0.0108,60,0.0014,0.9403,0.7435,1.0037,0.0573,60,0.0074,41.0054,32.4225,43.7709,2.4972,60,0.3224,9.7999,9.7966,9.8068,0.0023,60,0.0003,30.7855,30.7705,30.8331,0.0146,60,0.0019,95.5182,95.253,95.786,0.1568,60,0.0202,95.8828,95.6176,96.1506,0.1568,60,0.0202,23.6937,23.6824,23.7297,0.011,60,0.0014,23.6953,23.684,23.7314,0.011,60,0.0014,9.8102,9.8069,9.8171,0.0023,60,0.0003
2016-01-13T05:30:00.000 ,23,30.9908,30.9753,31.0364,0.0115,60,0.0015,1024.1689,1024.1576,1024.204,0.0086,60,0.0011,0.6967,0.5364,0.7586,0.0476,60,0.0061,30.3819,23.3918,33.0797,2.0751,60,0.2679,9.8067,9.8056,9.8093,0.001,60,0.0001,30.8418,30.8263,30.8871,0.0115,60,0.0015,94.9767,94.709,95.246,0.1587,60,0.0205,95.3413,95.0736,95.6106,0.1587,60,0.0205,23.7365,23.7245,23.772,0.0089,60,0.0012,23.7381,23.7262,23.7737,0.0089,60,0.0012,9.817,9.8159,9.8195,0.001,60,0.0001
2016-01-13T06:30:00.000 ,23,31.0176,31.0035,31.0254,0.0056,60,0.0007,1024.1863,1024.1769,1024.1912,0.0035,60,0.0005,0.5842,0.5513,0.6342,0.0211,60,0.0027,25.4746,24.0403,27.6551,0.9197,60,0.1187,9.8129,9.8062,9.8174,0.0026,60,0.0003,30.8684,30.8544,30.8762,0.0056,60,0.0007,94.4655,94.25,94.699,0.133,60,0.0172,94.8301,94.6146,95.0636,0.133,60,0.0172,23.7563,23.7459,23.762,0.004,60,0.0005,23.7579,23.7475,23.7636,0.004,60,0.0005,9.8231,9.8164,9.8276,0.0026,60,0.0003
2016-01-13T07:30:00.000 ,23,31.0243,30.9784,31.0673,0.0242,60,0.0031,1024.1901,1024.1547,1024.2239,0.019,60,0.0025,0.5573,0.4036,0.7401,0.0938,60,0.0121,24.301,17.6006,32.275,4.0927,60,0.5284,9.8112,9.8053,9.8169,0.0039,60,0.0005,30.8751,30.8294,30.9179,0.0241,60,0.0031,94.0815,93.98,94.244,0.081,60,0.0105,94.4461,94.3446,94.6086,0.081,60,0.0105,23.7618,23.726,23.7961,0.0193,60,0.0025,23.7634,23.7277,23.7977,0.0193,60,0.0025,9.8213,9.8155,9.8271,0.0039,60,0.0005
2016-01-13T08:30:00.000 ,23,31.042,31.0256,31.0541,0.0075,60,0.001,1024.2038,1024.1914,1024.2136,0.0059,60,0.0008,0.4815,0.4349,0.5276,0.0258,60,0.0033,20.9962,18.9657,23.0046,1.1243,60,0.1452,9.8076,9.805,9.8104,0.002,60,0.0003,30.8927,30.8764,30.9048,0.0075,60,0.001,93.955,93.943,93.979,0.0088,60,0.0011,94.3196,94.3076,94.3436,0.0088,60,0.0011,23.7761,23.7637,23.7859,0.0059,60,0.0008,23.7777,23.7653,23.7876,0.0059,60,0.0008,9.8177,9.8152,9.8206,0.002,60,0.0003
2016-01-13T09:30:00.000 ,23,30.9948,30.9586,31.0233,0.0165,60,0.0021,1024.1678,1024.1409,1024.1896,0.0123,60,0.0016,0.6654,0.5264,0.7849,0.0695,60,0.009,29.0152,22.9555,34.2291,3.0301,60,0.3912,9.8083,9.805,9.811,0.0017,60,0.0002,30.8457,30.8097,30.8741,0.0164,60,0.0021,94.118,93.974,94.304,0.101,60,0.013,94.4826,94.3386,94.6686,0.101,60,0.013,23.7393,23.7117,23.7618,0.0128,60,0.0016,23.741,23.7133,23.7634,0.0128,60,0.0016,9.8185,9.8152,9.8212,0.0017,60,0.0002
2016-01-13T10:30:00.000 ,23,30.9462,30.9295,30.9935,0.0133,60,0.0017,1024.1331,1024.12,1024.1695,0.0103,60,0.0013,0.8761,0.6722,0.9409,0.0583,60,0.0075,38.2053,29.3105,41.0313,2.5441,60,0.3284,9.8007,9.797,9.8048,0.0019,60,0.0002,30.7974,30.7808,30.8444,0.0133,60,0.0017,94.5124,94.306,94.743,0.1318,60,0.017,94.8771,94.6706,95.1076,0.1318,60,0.017,23.7028,23.6904,23.7389,0.0101,60,0.0013,23.7044,23.692,23.7405,0.0101,60,0.0013,9.8108,9.8072,9.815,0.0019,60,0.0003
2016-01-13T11:30:00.000 ,23,30.9424,30.9245,30.9705,0.0115,60,0.0015,1024.1329,1024.1196,1024.1547,0.009,60,0.0012,0.8936,0.7864,0.9658,0.0482,60,0.0062,38.9701,34.2914,42.1181,2.1023,60,0.2714,9.7986,9.795,9.8064,0.0025,60,0.0003,30.7936,30.7758,30.8215,0.0115,60,0.0015,95.0283,94.758,95.298,0.1586,60,0.0205,95.3929,95.1226,95.6626,0.1586,60,0.0205,23.7002,23.6868,23.7215,0.0086,60,0.0011,23.7018,23.6885,23.7231,0.0086,60,0.0011,9.8088,9.8052,9.8166,0.0025,60,0.0003
2016-01-13T12:30:00.000 ,23,31.0126,30.9492,31.0698,0.0374,60,0.0048,1024.1896,1024.1394,1024.2352,0.0299,60,0.0039,0.6257,0.4334,0.8384,0.1261,60,0.0163,27.2859,18.8967,36.5625,5.5013,60,0.7102,9.8012,9.7979,9.8031,0.0014,60,0.0002,30.8634,30.8003,30.9203,0.0372,60,0.0048,95.6193,95.306,95.941,0.1891,60,0.0244,95.9839,95.6706,96.3056,0.1891,60,0.0244,23.7543,23.7052,23.7991,0.0291,60,0.0038,23.7559,23.7068,23.8008,0.0291,60,0.0038,9.8115,9.8083,9.8134,0.0014,60,0.0002
2016-01-13T13:30:00.000 ,23,31.0431,31.0122,31.0905,0.0164,60,0.0021,1024.2154,1024.191,1024.253,0.0128,60,0.0017,0.506,0.3642,0.63,0.0584,60,0.0075,22.0642,15.88,27.4724,2.5465,60,0.3287,9.805,9.7998,9.814,0.0047,60,0.0006,30.8938,30.863,30.9409,0.0163,60,0.0021,96.225,95.95,96.477,0.1547,60,0.02,96.5896,96.3146,96.8416,0.1547,60,0.02,23.7773,23.7541,23.8147,0.0126,60,0.0016,23.779,23.7558,23.8164,0.0126,60,0.0016,9.8154,9.8102,9.8244,0.0047,60,0.0006
2016-01-13T14:30:00.000 ,23,31.0056,30.922,31.0605,0.0321,60,0.0041,1024.1885,1024.1256,1024.2298,0.0239,60,0.0031,0.6288,0.4399,0.8911,0.1049,60,0.0135,27.418,19.1805,38.8588,4.5762,60,0.5908,9.8033,9.7915,9.8115,0.0044,60,0.0006,30.8564,30.7732,30.9111,0.032,60,0.0041,96.6762,96.485,96.849,0.1062,60,0.0137,97.0409,96.8496,97.2136,0.1062,60,0.0137,23.7484,23.6854,23.7902,0.0242,60,0.0031,23.7501,23.6871,23.7919,0.0242,60,0.0031,9.8138,9.8019,9.8219,0.0044,60,0.0006
2016-01-13T15:30:00.000 ,23,30.9668,30.9423,31.0153,0.0254,60,0.0033,1024.1599,1024.1412,1024.1971,0.0195,60,0.0025,0.7985,0.6205,0.8884,0.0962,60,0.0124,34.8189,27.0589,38.7412,4.1964,60,0.5418,9.8024,9.7968,9.8098,0.0034,60,0.0004,30.8179,30.7934,30.8661,0.0252,60,0.0033,96.9645,96.855,97.026,0.053,60,0.0068,97.3291,97.2196,97.3906,0.053,60,0.0068,23.7185,23.6999,23.7555,0.0194,60,0.0025,23.7202,23.7016,23.7572,0.0194,60,0.0025,9.8128,9.8072,9.8203,0.0034,60,0.0004
2016-01-13T16:30:00.000 ,23,30.9517,30.9103,31.0174,0.0256,60,0.0033,1024.1488,1024.1182,1024.1987,0.0191,60,0.0025,0.8633,0.6665,1.0347,0.0969,60,0.0125,37.6454,29.0654,45.1225,4.2282,60,0.5459,9.7991,9.7899,9.8061,0.0043,60,0.0006,30.8028,30.7616,30.8682,0.0255,60,0.0033,96.9877,96.912,97.026,0.034,60,0.0044,97.3523,97.2766,97.3906,0.034,60,0.0044,23.7072,23.6766,23.7572,0.0192,60,0.0025,23.7089,23.6783,23.7588,0.0192,60,0.0025,9.8095,9.8004,9.8166,0.0043,60,0.0006
2016-01-13T17:30:00.000 ,23,31.0356,30.9848,31.1135,0.0363,60,0.0047,1024.2119,1024.1733,1024.2737,0.0283,60,0.0036,0.5502,0.3114,0.7367,0.1211,60,0.0156,23.9915,13.5758,32.1233,5.2811,60,0.6818,9.8058,9.7944,9.8101,0.0041,60,0.0005,30.8863,30.8357,30.9638,0.0361,60,0.0047,96.781,96.647,96.907,0.0771,60,0.01,97.1456,97.0116,97.2716,0.0771,60,0.01,23.7713,23.7321,23.8336,0.0286,60,0.0037,23.773,23.7338,23.8353,0.0286,60,0.0037,9.8162,9.8048,9.8206,0.0041,60,0.0005
2016-01-13T18:30:00.000 ,23,31.1003,31.0184,31.1731,0.0516,60,0.0067,1024.2623,1024.1971,1024.3221,0.0417,60,0.0054,0.3482,0.1622,0.5826,0.1465,60,0.0189,15.1812,7.0735,25.4031,6.3905,60,0.825,9.7963,9.7727,9.8139,0.0133,60,0.0017,30.9507,30.8692,31.0231,0.0514,60,0.0066,96.4957,96.356,96.641,0.0871,60,0.0112,96.8604,96.7206,97.0056,0.0871,60,0.0112,23.8231,23.7572,23.8834,0.0421,60,0.0054,23.8248,23.7589,23.8851,0.0421,60,0.0054,9.8068,9.7831,9.8243,0.0133,60,0.0017
2016-01-13T19:30:00.000 ,23,31.1381,31.1137,31.1671,0.0153,60,0.002,1024.2918,1024.2711,1024.3169,0.0131,60,0.0017,0.2278,0.1748,0.2832,0.0303,60,0.0039,9.9315,7.6232,12.3488,1.3211,60,0.1706,9.7872,9.7752,9.7979,0.0067,60,0.0009,30.9883,30.964,31.0172,0.0152,60,0.002,96.1954,96.038,96.345,0.0924,60,0.0119,96.56,96.4026,96.7096,0.0924,60,0.0119,23.8539,23.8332,23.8784,0.0129,60,0.0017,23.8556,23.8349,23.8801,0.0129,60,0.0017,9.7976,9.7856,9.8083,0.0067,60,0.0009
2016-01-13T20:30:00.000 ,23,31.1097,31.0738,31.1592,0.0252,60,0.0033,1024.2675,1024.2378,1024.3085,0.0208,60,0.0027,0.2968,0.1753,0.4011,0.0664,60,0.0086,12.9434,7.6434,17.4883,2.8946,60,0.3737,9.7936,9.7792,9.8026,0.0065,60,0.0008,30.96,30.9243,31.0093,0.0251,60,0.0032,95.9205,95.841,96.034,0.0553,60,0.0071,96.2851,96.2056,96.3986,0.0553,60,0.0071,23.8308,23.8015,23.8716,0.0206,60,0.0027,23.8325,23.8032,23.8732,0.0206,60,0.0027,9.8039,9.7896,9.813,0.0065,60,0.0008
2016-01-13T21:30:00.000 ,23,31.0327,30.9571,31.1148,0.0482,60,0.0062,1024.2061,1024.1472,1024.2714,0.038,60,0.0049,0.5543,0.2985,0.8111,0.1603,60,0.0207,24.1706,13.0154,35.3703,6.9919,60,0.9027,9.7998,9.7892,9.8042,0.0044,60,0.0006,30.8835,30.8082,30.9651,0.048,60,0.0062,95.7795,95.738,95.836,0.0292,60,0.0038,96.1442,96.1026,96.2006,0.0292,60,0.0038,23.7701,23.7111,23.8355,0.038,60,0.0049,23.7718,23.7127,23.8372,0.038,60,0.0049,9.8101,9.7995,9.8145,0.0044,60,0.0006
2016-01-13T22:30:00.000 ,23,31.0192,30.9686,31.0687,0.0284,60,0.0037,1024.195,1024.1562,1024.234,0.0221,60,0.0029,0.5955,0.4101,0.7687,0.1009,60,0.013,25.9667,17.8809,33.5223,4.4003,60,0.5681,9.8021,9.799,9.8056,0.0016,60,0.0002,30.87,30.8196,30.9193,0.0282,60,0.0036,95.7335,95.718,95.772,0.0138,60,0.0018,96.0982,96.0826,96.1366,0.0138,60,0.0018,23.7592,23.7202,23.7982,0.0222,60,0.0029,23.7609,23.7219,23.7998,0.0222,60,0.0029,9.8124,9.8093,9.8159,0.0016,60,0.0002
2016-01-13T23:30:00.000 ,23,30.9843,30.9605,31.0674,0.0205,60,0.0027,1024.1684,1024.1501,1024.2346,0.0163,60,0.0021,0.7364,0.4637,0.8221,0.0675,60,0.0087,32.1112,20.2203,35.8516,2.9417,60,0.3798,9.8029,9.795,9.8073,0.0021,60,0.0003,30.8353,30.8116,30.918,0.0204,60,0.0026,95.8526,95.775,95.945,0.0502,60,0.0065,96.2172,96.1396,96.3096,0.0502,60,0.0065,23.732,23.7138,23.7978,0.0162,60,0.0021,23.7337,23.7155,23.7995,0.0162,60,0.0021,9.8132,9.8054,9.8177,0.0021,60,0.0003
2016-01-14T00:30:00.000 ,23,31.0506,30.9956,31.1228,0.0397,60,0.0051,1024.2217,1024.1787,1024.2787,0.0312,60,0.004,0.5017,0.2667,0.6725,0.1293,60,0.0167,21.8784,11.63,29.3273,5.6378,60,0.7278,9.7965,9.7886,9.8005,0.0037,60,0.0005,30.9013,30.8465,30.9731,0.0395,60,0.0051,96.0284,95.949,96.098,0.0439,60,0.0057,96.393,96.3136,96.4626,0.0439,60,0.0057,23.7845,23.7412,23.8418,0.0314,60,0.0041,23.7862,23.7428,23.8435,0.0314,60,0.0041,9.8069,9.799,9.8109,0.0037,60,0.0005
2016-01-14T01:30:00.000 ,23,30.9736,30.955,30.9951,0.0113,60,0.0015,1024.1618,1024.1476,1024.1783,0.0087,60,0.0011,0.7665,0.6924,0.8268,0.0394,60,0.0051,33.4262,30.195,36.0563,1.7167,60,0.2216,9.801,9.7987,9.8036,0.0011,60,0.0001,30.8246,30.8061,30.846,0.0112,60,0.0014,96.1637,96.102,96.213,0.0327,60,0.0042,96.5283,96.4666,96.5776,0.0327,60,0.0042,23.724,23.7098,23.7408,0.0087,60,0.0011,23.7256,23.7115,23.7425,0.0087,60,0.0011,9.8114,9.8091,9.814,0.0011,60,0.0001
2016-01-14T02:30:00.000 ,23,30.9718,30.9473,30.9937,0.0117,60,0.0015,1024.161,1024.1422,1024.1779,0.009,60,0.0012,0.7736,0.7024,0.8684,0.0429,60,0.0055,33.7366,30.6309,37.8707,1.8716,60,0.2416,9.7988,9.7974,9.8004,0.0007,60,0.0001,30.8228,30.7984,30.8446,0.0116,60,0.0015,96.2248,96.21,96.235,0.0068,60,0.0009,96.5895,96.5746,96.5996,0.0068,60,0.0009,23.7229,23.7041,23.7399,0.009,60,0.0012,23.7246,23.7058,23.7415,0.009,60,0.0012,9.8092,9.8078,9.8108,0.0007,60,0.0001
2016-01-14T03:30:00.000 ,23,30.9891,30.9356,31.0157,0.0295,60,0.0038,1024.1734,1024.1334,1024.1927,0.0219,60,0.0028,0.7094,0.5915,0.918,0.1203,60,0.0155,30.9362,25.795,40.0331,5.2472,60,0.6774,9.8035,9.7955,9.8113,0.005,60,0.0006,30.8401,30.7868,30.8665,0.0293,60,0.0038,96.1423,96.03,96.214,0.0549,60,0.0071,96.5069,96.3946,96.5786,0.0549,60,0.0071,23.7357,23.6954,23.7553,0.0221,60,0.0029,23.7373,23.697,23.7569,0.0221,60,0.0029,9.8138,9.8059,9.8217,0.005,60,0.0006
2016-01-14T04:30:00.000 ,23,30.9488,30.919,30.9914,0.0217,60,0.0028,1024.1416,1024.1198,1024.1743,0.0162,60,0.0021,0.8849,0.7026,1.0148,0.0952,60,0.0123,38.5874,30.6393,44.2529,4.1532,60,0.5362,9.7982,9.7926,9.8051,0.0039,60,0.0005,30.8,30.7703,30.8423,0.0216,60,0.0028,95.8425,95.651,96.024,0.111,60,0.0143,96.2072,96.0156,96.3886,0.111,60,0.0143,23.7052,23.683,23.7373,0.0162,60,0.0021,23.7069,23.6846,23.739,0.0162,60,0.0021,9.8085,9.8029,9.8154,0.0039,60,0.0005
2016-01-14T05:30:00.000 ,23,31.0297,30.9643,31.0624,0.0309,60,0.004,1024.2007,1024.152,1024.226,0.0232,60,0.003,0.5614,0.443,0.8187,0.1177,60,0.0152,24.4785,19.3146,35.7004,5.1316,60,0.6625,9.8087,9.8029,9.8132,0.002,60,0.0003,30.8805,30.8154,30.913,0.0308,60,0.004,95.4077,95.177,95.641,0.1391,60,0.018,95.7724,95.5416,96.0056,0.1391,60,0.018,23.7664,23.7165,23.7921,0.0238,60,0.0031,23.768,23.7182,23.7937,0.0238,60,0.0031,9.819,9.8132,9.8235,0.002,60,0.0003
2016-01-14T06:30:00.000 ,23,31.0609,31.0013,31.0741,0.0179,60,0.0023,1024.2222,1024.1761,1024.2322,0.014,60,0.0018,0.4451,0.3961,0.6655,0.0637,60,0.0082,19.4064,17.2705,29.0214,2.7791,60,0.3588,9.8121,9.8064,9.8159,0.0018,60,0.0002,30.9115,30.8522,30.9246,0.0178,60,0.0023,94.9437,94.72,95.166,0.132,60,0.017,95.3083,95.0846,95.5306,0.132,60,0.017,23.79,23.7447,23.8002,0.0137,60,0.0018,23.7917,23.7463,23.8019,0.0137,60,0.0018,9.8224,9.8166,9.8261,0.0018,60,0.0002
2016-01-14T07:30:00.000 ,23,31.0203,30.9738,31.072,0.0215,60,0.0028,1024.1894,1024.155,1024.2294,0.0163,60,0.0021,0.6006,0.4407,0.7887,0.0733,60,0.0095,26.1902,19.2148,34.3931,3.1963,60,0.4126,9.8081,9.8016,9.8133,0.0028,60,0.0004,30.8711,30.8248,30.9226,0.0214,60,0.0028,94.5043,94.318,94.716,0.1203,60,0.0155,94.8689,94.6826,95.0806,0.1203,60,0.0155,23.7592,23.7241,23.7985,0.0163,60,0.0021,23.7608,23.7257,23.8001,0.0163,60,0.0021,9.8183,9.8118,9.8235,0.0028,60,0.0004
2016-01-14T08:30:00.000 ,23,31.0538,31.0271,31.0724,0.0154,60,0.002,1024.2134,1024.1932,1024.2274,0.0116,60,0.0015,0.4659,0.3984,0.5576,0.0541,60,0.007,20.3154,17.3742,24.3159,2.3578,60,0.3044,9.812,9.8066,9.8153,0.0016,60,0.0002,30.9045,30.8779,30.923,0.0153,60,0.002,94.2083,94.145,94.311,0.0501,60,0.0065,94.5729,94.5096,94.6756,0.0501,60,0.0065,23.7846,23.7639,23.7988,0.0118,60,0.0015,23.7862,23.7655,23.8005,0.0118,60,0.0015,9.8221,9.8168,9.8255,0.0016,60,0.0002
2016-01-14T09:30:00.000 ,23,31.0395,31.0014,31.0711,0.0195,60,0.0025,1024.202,1024.1736,1024.2264,0.0147,60,0.0019,0.5108,0.4006,0.6531,0.0694,60,0.009,22.2749,17.47,28.4797,3.0275,60,0.3909,9.8123,9.8069,9.8189,0.0035,60,0.0005,30.8902,30.8523,30.9217,0.0194,60,0.0025,94.1635,94.14,94.224,0.0246,60,0.0032,94.5281,94.5046,94.5886,0.0246,60,0.0032,23.7734,23.7446,23.7978,0.0148,60,0.0019,23.775,23.7463,23.7995,0.0148,60,0.0019,9.8225,9.8171,9.8291,0.0035,60,0.0005
2016-01-14T10:30:00.000 ,23,31.0107,30.9962,31.057,0.0122,60,0.0016,1024.1813,1024.1703,1024.2183,0.0096,60,0.0012,0.6256,0.4842,0.6815,0.0426,60,0.0055,27.2796,21.1115,29.7176,1.859,60,0.24,9.809,9.807,9.8141,0.0012,60,0.0002,30.8616,30.8471,30.9076,0.0121,60,0.0016,94.3992,94.229,94.591,0.1117,60,0.0144,94.7638,94.5936,94.9556,0.1117,60,0.0144,23.7516,23.7403,23.7877,0.0094,60,0.0012,23.7532,23.742,23.7893,0.0094,60,0.0012,9.8191,9.8172,9.8243,0.0012,60,0.0002
2016-01-14T11:30:00.000 ,23,31.0482,31.024,31.0771,0.0162,60,0.0021,1024.2122,1024.1938,1024.2347,0.0124,60,0.0016,0.4835,0.3893,0.5723,0.0563,60,0.0073,21.084,16.977,24.955,2.4541,60,0.3168,9.8091,9.8027,9.813,0.0024,60,0.0003,30.8989,30.8748,30.9276,0.0161,60,0.0021,94.8045,94.597,95.048,0.1309,60,0.0169,95.1691,94.9616,95.4126,0.1309,60,0.0169,23.7806,23.7619,23.8041,0.0129,60,0.0017,23.7823,23.7636,23.8057,0.0129,60,0.0017,9.8193,9.8129,9.8232,0.0024,60,0.0003
2016-01-14T12:30:00.000 ,23,31.0487,31.0239,31.0836,0.0109,60,0.0014,1024.2154,1024.196,1024.2427,0.0086,60,0.0011,0.4815,0.3998,0.5689,0.0346,60,0.0045,20.9944,17.4346,24.8086,1.5087,60,0.1948,9.8062,9.7985,9.8092,0.0018,60,0.0002,30.8993,30.8747,30.9341,0.0108,60,0.0014,95.3267,95.053,95.605,0.1614,60,0.0208,95.6913,95.4176,95.9696,0.1614,60,0.0208,23.7815,23.7621,23.8098,0.0087,60,0.0011,23.7831,23.7637,23.8115,0.0087,60,0.0011,9.8165,9.8088,9.8195,0.0018,60,0.0002
2016-01-14T13:30:00.000 ,23,31.0602,31.0265,31.0854,0.0183,60,0.0024,1024.2275,1024.2022,1024.2476,0.0146,60,0.0019,0.448,0.3657,0.577,0.0627,60,0.0081,19.5349,15.9445,25.1615,2.733,60,0.3528,9.8034,9.7984,9.8094,0.0032,60,0.0004,30.9108,30.8772,30.9359,0.0182,60,0.0024,95.9237,95.614,96.22,0.1827,60,0.0236,96.2883,95.9786,96.5846,0.1827,60,0.0236,23.7909,23.7643,23.8112,0.0146,60,0.0019,23.7925,23.7659,23.8129,0.0146,60,0.0019,9.8137,9.8088,9.8198,0.0032,60,0.0004
2016-01-14T14:30:00.000 ,23,31.0255,31.0037,31.0483,0.0101,60,0.0013,1024.2027,1024.1867,1024.2211,0.0079,60,0.001,0.5856,0.5166,0.6616,0.0361,60,0.0047,25.5339,22.528,28.8484,1.5765,60,0.2035,9.805,9.8023,9.8111,0.0019,60,0.0002,30.8763,30.8545,30.8989,0.0101,60,0.0013,96.4482,96.232,96.647,0.1206,60,0.0156,96.8128,96.5966,97.0116,0.1206,60,0.0156,23.7636,23.7469,23.7816,0.0079,60,0.001,23.7653,23.7485,23.7833,0.0079,60,0.001,9.8155,9.8127,9.8215,0.0019,60,0.0002
2016-01-14T15:30:00.000 ,23,31.0048,30.99,31.0202,0.0087,60,0.0011,1024.1881,1024.1772,1024.2002,0.0067,60,0.0009,0.665,0.6086,0.7223,0.035,60,0.0045,28.997,26.5403,31.4965,1.5254,60,0.1969,9.8059,9.8034,9.811,0.0014,60,0.0002,30.8556,30.8409,30.871,0.0087,60,0.0011,96.8133,96.656,96.947,0.0886,60,0.0114,97.1779,97.0206,97.3116,0.0886,60,0.0114,23.7474,23.7358,23.7592,0.0069,60,0.0009,23.7491,23.7375,23.7609,0.0069,60,0.0009,9.8164,9.8138,9.8215,0.0014,60,0.0002
2016-01-14T16:30:00.000 ,23,31.037,30.9893,31.0809,0.0291,60,0.0038,1024.214,1024.1766,1024.2496,0.0231,60,0.003,0.5407,0.3679,0.7288,0.1145,60,0.0148,23.5753,16.0429,31.782,4.9953,60,0.6449,9.8053,9.7968,9.8113,0.0045,60,0.0006,30.8876,30.8402,30.9314,0.0289,60,0.0037,97.0055,96.95,97.026,0.0212,60,0.0027,97.3701,97.3146,97.3906,0.0212,60,0.0027,23.7725,23.7352,23.808,0.0231,60,0.003,23.7741,23.7369,23.8096,0.0231,60,0.003,9.8158,9.8073,9.8218,0.0045,60,0.0006
2016-01-14T17:30:00.000 ,23,31.0781,31.0646,31.0849,0.006,60,0.0008,1024.2469,1024.2359,1024.2526,0.0049,60,0.0006,0.3837,0.3594,0.4278,0.0199,60,0.0026,16.7287,15.6727,18.6545,0.87,60,0.1123,9.7976,9.7953,9.8033,0.0021,60,0.0003,30.9285,30.9151,30.9353,0.006,60,0.0008,96.9369,96.831,97.012,0.0544,60,0.007,97.3015,97.1956,97.3766,0.0544,60,0.007,23.8056,23.7943,23.8112,0.005,60,0.0006,23.8073,23.796,23.8129,0.005,60,0.0006,9.8081,9.8058,9.8138,0.0021,60,0.0003
2016-01-14T18:30:00.000 ,23,31.053,31.0371,31.0685,0.0083,60,0.0011,1024.2251,1024.2123,1024.2384,0.007,60,0.0009,0.473,0.4244,0.5326,0.0307,60,0.004,20.6258,18.5068,23.2242,1.3393,60,0.1729,9.8046,9.8007,9.8097,0.0018,60,0.0002,30.9036,30.8878,30.919,0.0083,60,0.0011,96.675,96.511,96.825,0.0959,60,0.0124,97.0396,96.8756,97.1896,0.0959,60,0.0124,23.785,23.7727,23.7977,0.0066,60,0.0009,23.7867,23.7744,23.7993,0.0066,60,0.0009,9.815,9.8112,9.8201,0.0018,60,0.0002
2016-01-14T19:30:00.000 ,23,31.1057,31.0559,31.1263,0.0161,60,0.0021,1024.2675,1024.2266,1024.2856,0.0133,60,0.0017,0.3115,0.2634,0.4698,0.0437,60,0.0056,13.5824,11.4856,20.4835,1.9048,60,0.2459,9.7864,9.7752,9.8045,0.0064,60,0.0008,30.956,30.9065,30.9766,0.016,60,0.0021,96.3503,96.172,96.508,0.0943,60,0.0122,96.7149,96.5366,96.8726,0.0943,60,0.0122,23.8289,23.7873,23.8467,0.0135,60,0.0017,23.8305,23.789,23.8484,0.0135,60,0.0017,9.7968,9.7856,9.8149,0.0064,60,0.0008
2016-01-14T20:30:00.000 ,23,31.0703,31.0374,31.1182,0.0199,60,0.0026,1024.2365,1024.2103,1024.2764,0.0162,60,0.0021,0.4104,0.2838,0.5297,0.0667,60,0.0086,17.897,12.3726,23.0972,2.9097,60,0.3756,9.7971,9.7804,9.8044,0.0056,60,0.0007,30.9208,30.8881,30.9685,0.0198,60,0.0026,95.9678,95.805,96.17,0.1096,60,0.0142,96.3325,96.1696,96.5346,0.1096,60,0.0142,23.7997,23.7732,23.8396,0.0163,60,0.0021,23.8013,23.7748,23.8412,0.0163,60,0.0021,9.8075,9.7908,9.8148,0.0056,60,0.0007
2016-01-14T21:30:00.000 ,23,31.0283,30.9748,31.0827,0.0277,60,0.0036,1024.2021,1024.1604,1024.2456,0.0218,60,0.0028,0.5562,0.3786,0.7582,0.1008,60,0.013,24.2539,16.5078,33.063,4.3965,60,0.5676,9.8006,9.7894,9.8036,0.0032,60,0.0004,30.8791,30.8258,30.9332,0.0276,60,0.0036,95.6712,95.555,95.799,0.0752,60,0.0097,96.0358,95.9196,96.1636,0.0752,60,0.0097,23.7666,23.7249,23.8106,0.0219,60,0.0028,23.7682,23.7265,23.8122,0.0219,60,0.0028,9.8109,9.7997,9.8139,0.0032,60,0.0004
2016-01-14T22:30:00.000 ,23,31.0675,30.9501,31.1201,0.05,60,0.0065,1024.2339,1024.1409,1024.2769,0.0401,60,0.0052,0.4515,0.2969,0.876,0.1569,60,0.0203,19.6866,12.945,38.2016,6.8423,60,0.8833,9.7874,9.7727,9.8009,0.0087,60,0.0011,30.9181,30.8012,30.9704,0.0498,60,0.0064,95.4975,95.464,95.549,0.0236,60,0.003,95.8622,95.8286,95.9136,0.0236,60,0.003,23.7991,23.7062,23.8423,0.0401,60,0.0052,23.8008,23.7078,23.8439,0.0401,60,0.0052,9.7977,9.783,9.8112,0.0087,60,0.0011
2016-01-14T23:30:00.000 ,23,31.0576,30.9945,31.1109,0.03,60,0.0039,1024.226,1024.1757,1024.2703,0.0245,60,0.0032,0.4911,0.3299,0.6937,0.0898,60,0.0116,21.4121,14.3836,30.2486,3.9169,60,0.5057,9.7879,9.7706,9.8007,0.0081,60,0.001,30.9082,30.8454,30.9613,0.0299,60,0.0039,95.4819,95.461,95.526,0.0201,60,0.0026,95.8465,95.8256,95.8906,0.0201,60,0.0026,23.7913,23.7411,23.8355,0.0245,60,0.0032,23.793,23.7427,23.8372,0.0245,60,0.0032,9.7982,9.7809,9.811,0.0081,60,0.001
2016-01-15T00:30:00.000 ,23,31.0888,31.0224,31.1302,0.0215,60,0.0028,1024.2518,1024.1977,1024.2864,0.0178,60,0.0023,0.3869,0.2751,0.5909,0.0666,60,0.0086,16.8689,11.994,25.7679,2.9058,60,0.3751,9.7821,9.7674,9.7969,0.0065,60,0.0008,30.9393,30.8732,30.9805,0.0214,60,0.0028,95.6081,95.525,95.697,0.0537,60,0.0069,95.9727,95.8896,96.0616,0.0537,60,0.0069,23.8165,23.7626,23.851,0.0176,60,0.0023,23.8182,23.7642,23.8526,0.0176,60,0.0023,9.7924,9.7777,9.8072,0.0065,60,0.0008
2016-01-15T01:30:00.000 ,23,31.049,30.9993,31.0674,0.0175,60,0.0023,1024.2193,1024.1808,1024.234,0.0136,60,0.0018,0.5027,0.4419,0.6939,0.0618,60,0.008,21.9183,19.2687,30.2578,2.6967,60,0.3481,9.7964,9.7937,9.7999,0.0017,60,0.0002,30.8996,30.8502,30.918,0.0174,60,0.0022,95.7805,95.699,95.865,0.0488,60,0.0063,96.1452,96.0636,96.2296,0.0488,60,0.0063,23.7833,23.7443,23.798,0.0138,60,0.0018,23.7849,23.746,23.7996,0.0138,60,0.0018,9.8068,9.804,9.8102,0.0017,60,0.0002
2016-01-15T02:30:00.000 ,23,30.9666,30.9375,30.9962,0.0159,60,0.002,1024.1562,1024.1341,1024.1785,0.012,60,0.0015,0.8338,0.7039,0.962,0.0667,60,0.0086,36.3581,30.6927,41.9509,2.9097,60,0.3756,9.7951,9.793,9.7981,0.0015,60,0.0002,30.8176,30.7887,30.8471,0.0158,60,0.002,95.923,95.868,95.975,0.0292,60,0.0038,96.2877,96.2326,96.3396,0.0292,60,0.0038,23.7195,23.6972,23.742,0.0121,60,0.0016,23.7212,23.6988,23.7437,0.0121,60,0.0016,9.8055,9.8033,9.8084,0.0015,60,0.0002
2016-01-15T03:30:00.000 ,23,30.9388,30.9256,30.9738,0.0132,60,0.0017,1024.1352,1024.1253,1024.1619,0.0101,60,0.0013,0.9553,0.8023,1.0143,0.0543,60,0.007,41.6604,34.9847,44.2312,2.3701,60,0.306,9.7942,9.7921,9.7969,0.0011,60,0.0001,30.79,30.7768,30.8248,0.0131,60,0.0017,96.0048,95.973,96.02,0.0126,60,0.0016,96.3694,96.3376,96.3846,0.0126,60,0.0016,23.6981,23.6881,23.7248,0.0101,60,0.0013,23.6998,23.6898,23.7265,0.0101,60,0.0013,9.8045,9.8024,9.8073,0.0011,60,0.0001
2016-01-15T04:30:00.000 ,23,30.9409,30.9319,30.9651,0.0078,60,0.001,1024.1364,1024.1294,1024.1552,0.006,60,0.0008,0.9448,0.8281,0.9865,0.0354,60,0.0046,41.2013,36.1092,43.0212,1.5436,60,0.1993,9.7958,9.7934,9.7988,0.0013,60,0.0002,30.7921,30.7831,30.8161,0.0077,60,0.001,95.9746,95.9,96.01,0.0321,60,0.0041,96.3392,96.2646,96.3746,0.0321,60,0.0041,23.6995,23.6926,23.7181,0.006,60,0.0008,23.7011,23.6942,23.7198,0.006,60,0.0008,9.8062,9.8037,9.8091,0.0013,60,0.0002
2016-01-15T05:30:00.000 ,23,31.0118,30.9635,31.0635,0.0286,60,0.0037,1024.1902,1024.1529,1024.2311,0.0223,60,0.0029,0.6547,0.4713,0.8508,0.1069,60,0.0138,28.5468,20.5509,37.1004,4.6639,60,0.6021,9.7975,9.7888,9.8011,0.0033,60,0.0004,30.8626,30.8146,30.9141,0.0285,60,0.0037,95.7614,95.612,95.9,0.0851,60,0.011,96.126,95.9766,96.2646,0.0851,60,0.011,23.7542,23.7163,23.7957,0.0227,60,0.0029,23.7559,23.7179,23.7974,0.0227,60,0.0029,9.8078,9.7991,9.8114,0.0033,60,0.0004
2016-01-15T06:30:00.000 ,23,31.0386,30.9577,31.1294,0.0549,60,0.0071,1024.211,1024.146,1024.2862,0.0451,60,0.0058,0.5691,0.2882,0.8568,0.1782,60,0.023,24.817,12.5666,37.3637,7.7704,60,1.0032,9.788,9.7619,9.8001,0.0134,60,0.0017,30.8893,30.8088,30.9797,0.0546,60,0.0071,95.4293,95.251,95.601,0.1036,60,0.0134,95.7939,95.6156,95.9656,0.1036,60,0.0134,23.7766,23.7123,23.8513,0.0447,60,0.0058,23.7782,23.7139,23.8529,0.0447,60,0.0058,9.7983,9.7722,9.8104,0.0134,60,0.0017
2016-01-15T07:30:00.000 ,23,30.9988,30.9712,31.0226,0.0111,60,0.0014,1024.1769,1024.1563,1024.1946,0.0083,60,0.0011,0.7054,0.6132,0.825,0.0415,60,0.0054,30.761,26.7383,35.9763,1.8094,60,0.2336,9.7979,9.7953,9.8005,0.0012,60,0.0001,30.8498,30.8222,30.8734,0.0111,60,0.0014,95.069,94.898,95.245,0.1028,60,0.0133,95.4336,95.2626,95.6096,0.1028,60,0.0133,23.7441,23.7227,23.7626,0.0086,60,0.0011,23.7458,23.7243,23.7642,0.0086,60,0.0011,9.8082,9.8056,9.8108,0.0011,60,0.0001
2016-01-15T08:30:00.000 ,23,31.0313,31.0239,31.0355,0.003,60,0.0004,1024.2002,1024.195,1024.2032,0.0022,60,0.0003,0.5724,0.5583,0.6108,0.0131,60,0.0017,24.9609,24.3432,26.6323,0.5697,60,0.0735,9.8009,9.7972,9.8029,0.0019,60,0.0002,30.8821,30.8747,30.8862,0.003,60,0.0004,94.7421,94.615,94.893,0.086,60,0.0111,95.1067,94.9796,95.2576,0.086,60,0.0111,23.7689,23.7636,23.7719,0.0022,60,0.0003,23.7705,23.7653,23.7736,0.0022,60,0.0003,9.8111,9.8074,9.8131,0.0019,60,0.0002
2016-01-15T09:30:00.000 ,23,31.0346,31.0229,31.0506,0.0082,60,0.0011,1024.2025,1024.1927,1024.2158,0.0068,60,0.0009,0.5569,0.5105,0.598,0.0272,60,0.0035,24.2855,22.2622,26.0781,1.1858,60,0.1531,9.797,9.7913,9.8035,0.0039,60,0.0005,30.8854,30.8737,30.9013,0.0081,60,0.001,94.5534,94.523,94.606,0.0247,60,0.0032,94.918,94.8876,94.9706,0.0247,60,0.0032,23.7721,23.762,23.7854,0.0069,60,0.0009,23.7737,23.7637,23.787,0.0069,60,0.0009,9.8073,9.8015,9.8137,0.0039,60,0.0005
2016-01-15T10:30:00.000 ,23,31.0256,30.9988,31.0349,0.0083,60,0.0011,1024.1953,1024.1743,1024.2027,0.0066,60,0.0008,0.5791,0.5321,0.6627,0.0357,60,0.0046,25.2532,23.2047,28.8985,1.556,60,0.2009,9.7985,9.7942,9.8013,0.0022,60,0.0003,30.8764,30.8497,30.8856,0.0083,60,0.0011,94.5659,94.52,94.658,0.0423,60,0.0055,94.9305,94.8846,95.0226,0.0423,60,0.0055,23.7648,23.7438,23.7723,0.0066,60,0.0009,23.7665,23.7454,23.774,0.0066,60,0.0009,9.8087,9.8044,9.8115,0.0022,60,0.0003
2016-01-15T11:30:00.000 ,23,31.0129,30.9912,31.0357,0.0144,60,0.0019,1024.1866,1024.1694,1024.2051,0.0116,60,0.0015,0.6361,0.5469,0.714,0.0528,60,0.0068,27.7395,23.8488,31.1336,2.3029,60,0.2973,9.7987,9.7975,9.7998,0.0005,60,0.0001,30.8638,30.8422,30.8864,0.0143,60,0.0019,94.8167,94.658,94.993,0.1003,60,0.013,95.1813,95.0226,95.3576,0.1003,60,0.013,23.7549,23.7381,23.7727,0.0112,60,0.0014,23.7566,23.7398,23.7743,0.0112,60,0.0014,9.809,9.8078,9.8101,0.0005,60,0.0001
2016-01-15T12:30:00.000 ,23,31.0663,31.0385,31.0885,0.0181,60,0.0023,1024.2313,1024.2075,1024.2501,0.0154,60,0.002,0.4589,0.3908,0.5409,0.0553,60,0.0071,20.0081,17.0382,23.5845,2.4135,60,0.3116,9.7887,9.7817,9.7969,0.0057,60,0.0007,30.9169,30.8892,30.939,0.018,60,0.0023,95.1983,95.003,95.426,0.1239,60,0.016,95.5629,95.3676,95.7906,0.1239,60,0.016,23.798,23.7751,23.8162,0.015,60,0.0019,23.7996,23.7767,23.8178,0.015,60,0.0019,9.799,9.792,9.8072,0.0057,60,0.0007
2016-01-15T13:30:00.000 ,23,31.035,31.0015,31.0556,0.0156,60,0.002,1024.2082,1024.1826,1024.2241,0.0118,60,0.0015,0.5563,0.4917,0.6752,0.0476,60,0.0061,24.2584,21.44,29.4426,2.0757,60,0.268,9.7955,9.7907,9.799,0.0022,60,0.0003,30.8858,30.8524,30.9062,0.0155,60,0.002,95.6969,95.438,95.943,0.1494,60,0.0193,96.0615,95.8026,96.3076,0.1494,60,0.0193,23.7726,23.746,23.7887,0.0124,60,0.0016,23.7742,23.7476,23.7904,0.0124,60,0.0016,9.8058,9.801,9.8094,0.0022,60,0.0003
2016-01-15T14:30:00.000 ,23,31.0179,30.9867,31.0379,0.0132,60,0.0017,1024.1972,1024.1732,1024.2132,0.0102,60,0.0013,0.6168,0.5441,0.7411,0.0524,60,0.0068,26.8958,23.7263,32.315,2.2858,60,0.2951,9.7967,9.7942,9.7988,0.0011,60,0.0001,30.8687,30.8376,30.8886,0.0132,60,0.0017,96.2279,95.955,96.479,0.1561,60,0.0201,96.5926,96.3196,96.8436,0.1561,60,0.0201,23.7591,23.7346,23.775,0.0104,60,0.0013,23.7607,23.7363,23.7767,0.0104,60,0.0013,9.8071,9.8046,9.8092,0.0011,60,0.0001
2016-01-15T15:30:00.000 ,23,31.0063,30.9937,31.0353,0.0081,60,0.001,1024.1896,1024.18,1024.2121,0.0062,60,0.0008,0.6651,0.5645,0.725,0.0314,60,0.0041,29.0033,24.6163,31.6142,1.3689,60,0.1767,9.799,9.7951,9.8024,0.0016,60,0.0002,30.8571,30.8446,30.886,0.008,60,0.001,96.6445,96.484,96.787,0.088,60,0.0114,97.0091,96.8486,97.1516,0.088,60,0.0114,23.7496,23.7394,23.7728,0.0064,60,0.0008,23.7513,23.741,23.7745,0.0064,60,0.0008,9.8095,9.8055,9.8128,0.0016,60,0.0002
2016-01-15T16:30:00.000 ,23,30.9681,30.9359,30.9917,0.0132,60,0.0017,1024.161,1024.1369,1024.1785,0.0098,60,0.0013,0.8367,0.7362,0.9834,0.059,60,0.0076,36.4854,32.1018,42.8843,2.5715,60,0.332,9.8002,9.7971,9.8029,0.0016,60,0.0002,30.8191,30.7871,30.8426,0.0132,60,0.0017,96.9085,96.786,97,0.065,60,0.0084,97.2731,97.1506,97.3646,0.065,60,0.0084,23.7198,23.6953,23.7379,0.01,60,0.0013,23.7215,23.697,23.7396,0.01,60,0.0013,9.8107,9.8076,9.8134,0.0016,60,0.0002
2016-01-15T17:30:00.000 ,23,31.0034,30.9741,31.0206,0.0136,60,0.0018,1024.1888,1024.166,1024.2022,0.0106,60,0.0014,0.6836,0.616,0.8118,0.0565,60,0.0073,29.8087,26.8611,35.3984,2.4637,60,0.3181,9.8003,9.7984,9.8032,0.0009,60,0.0001,30.8542,30.8251,30.8713,0.0135,60,0.0017,96.993,96.951,97.022,0.0211,60,0.0027,97.3576,97.3156,97.3866,0.0211,60,0.0027,23.7472,23.7244,23.7607,0.0106,60,0.0014,23.7489,23.726,23.7624,0.0106,60,0.0014,9.8108,9.8089,9.8137,0.0009,60,0.0001
2016-01-15T18:30:00.000 ,23,30.999,30.9394,31.0291,0.0251,60,0.0032,1024.1848,1024.1387,1024.2077,0.0195,60,0.0025,0.7057,0.5956,0.9508,0.1019,60,0.0132,30.7712,25.9708,41.4644,4.4458,60,0.574,9.7996,9.797,9.8026,0.0014,60,0.0002,30.8499,30.7905,30.8798,0.0249,60,0.0032,96.8343,96.665,96.953,0.0869,60,0.0112,97.1989,97.0296,97.3176,0.0869,60,0.0112,23.7439,23.698,23.7676,0.0194,60,0.0025,23.7456,23.6997,23.7693,0.0194,60,0.0025,9.81,9.8074,9.813,0.0014,60,0.0002
2016-01-15T19:30:00.000 ,23,31.0602,30.9895,31.1092,0.0334,60,0.0043,1024.2329,1024.1767,1024.2729,0.0268,60,0.0035,0.5008,0.354,0.7287,0.1091,60,0.0141,21.8374,15.4342,31.7768,4.7596,60,0.6145,9.7857,9.7701,9.7983,0.0087,60,0.0011,30.9108,30.8404,30.9595,0.0332,60,0.0043,96.4786,96.306,96.656,0.1027,60,0.0133,96.8433,96.6706,97.0206,0.1027,60,0.0133,23.7937,23.7369,23.8342,0.0273,60,0.0035,23.7953,23.7386,23.8358,0.0273,60,0.0035,9.7961,9.7805,9.8087,0.0087,60,0.0011
2016-01-15T20:30:00.000 ,23,31.0841,31.0452,31.0993,0.0138,60,0.0018,1024.2503,1024.217,1024.2624,0.0117,60,0.0015,0.4097,0.3663,0.53,0.0393,60,0.0051,17.8657,15.9714,23.111,1.7132,60,0.2212,9.7821,9.7769,9.7948,0.0045,60,0.0006,30.9346,30.8959,30.9497,0.0137,60,0.0018,96.0916,95.869,96.304,0.1299,60,0.0168,96.4562,96.2336,96.6686,0.1299,60,0.0168,23.8128,23.7806,23.8254,0.0114,60,0.0015,23.8145,23.7823,23.8271,0.0114,60,0.0015,9.7925,9.7873,9.8052,0.0045,60,0.0006
2016-01-15T21:30:00.000 ,23,31.0407,31.0047,31.0996,0.0333,60,0.0043,1024.2131,1024.1839,1024.2615,0.0273,60,0.0035,0.5471,0.366,0.6652,0.1051,60,0.0136,23.8561,15.9604,29.0075,4.5849,60,0.5919,9.7926,9.7774,9.7987,0.0073,60,0.0009,30.8914,30.8556,30.95,0.0331,60,0.0043,95.6915,95.527,95.864,0.0975,60,0.0126,96.0562,95.8916,96.2286,0.0975,60,0.0126,23.7774,23.7486,23.8256,0.027,60,0.0035,23.7791,23.7503,23.8272,0.027,60,0.0035,9.8029,9.7877,9.809,0.0073,60,0.0009
2016-01-15T22:30:00.000 ,23,31.0091,30.9772,31.0737,0.0243,60,0.0031,1024.1865,1024.1612,1024.2379,0.0193,60,0.0025,0.6591,0.4655,0.7713,0.0812,60,0.0105,28.7398,20.296,33.6357,3.5424,60,0.4573,9.7965,9.7854,9.7995,0.0039,60,0.0005,30.8599,30.8282,30.9242,0.0242,60,0.0031,95.3819,95.269,95.526,0.076,60,0.0098,95.7465,95.6336,95.8906,0.076,60,0.0098,23.7523,23.7271,23.8042,0.0194,60,0.0025,23.7539,23.7288,23.8059,0.0194,60,0.0025,9.8067,9.7957,9.8098,0.0039,60,0.0005
2016-01-15T23:30:00.000 ,23,31.105,31.0315,31.1651,0.0352,60,0.0045,1024.264,1024.2034,1024.3153,0.0295,60,0.0038,0.3558,0.2099,0.5812,0.0999,60,0.0129,15.5134,9.1507,25.3432,4.3561,60,0.5624,9.7728,9.7438,9.7941,0.0139,60,0.0018,30.9553,30.8822,31.0152,0.035,60,0.0045,95.2058,95.149,95.27,0.0371,60,0.0048,95.5705,95.5136,95.6346,0.0371,60,0.0048,23.8305,23.7701,23.8819,0.0295,60,0.0038,23.8322,23.7718,23.8835,0.0295,60,0.0038,9.7831,9.7541,9.8044,0.0139,60,0.0018
2016-01-16T00:30:00.000 ,23,31.0833,31.0568,31.1221,0.0167,60,0.0022,1024.2456,1024.2234,1024.279,0.0142,60,0.0018,0.4146,0.3142,0.4907,0.043,60,0.0056,18.0792,13.6978,21.3947,1.8763,60,0.2422,9.7817,9.7602,9.7955,0.0087,60,0.0011,30.9338,30.9074,30.9724,0.0166,60,0.0021,95.1815,95.14,95.23,0.0269,60,0.0035,95.5461,95.5046,95.5946,0.0269,60,0.0035,23.8123,23.7899,23.8458,0.0143,60,0.0018,23.8139,23.7915,23.8475,0.0143,60,0.0018,9.792,9.7705,9.8058,0.0087,60,0.0011
2016-01-16T01:30:00.000 ,23,31.0878,31.0494,31.1159,0.021,60,0.0027,1024.2494,1024.217,1024.2729,0.0176,60,0.0023,0.3984,0.3173,0.5185,0.062,60,0.008,17.3731,13.8338,22.6101,2.7047,60,0.3492,9.7832,9.7717,9.7984,0.0079,60,0.001,30.9383,30.9001,30.9662,0.0209,60,0.0027,95.3076,95.232,95.402,0.0518,60,0.0067,95.6723,95.5966,95.7666,0.0518,60,0.0067,23.8155,23.7834,23.8392,0.0175,60,0.0023,23.8172,23.7851,23.8408,0.0175,60,0.0023,9.7935,9.782,9.8087,0.0079,60,0.001
2016-01-16T02:30:00.000 ,23,31.07,31.0445,31.0998,0.015,60,0.0019,1024.2359,1024.2156,1024.2601,0.012,60,0.0015,0.4455,0.3624,0.5157,0.0424,60,0.0055,19.4245,15.801,22.4872,1.8495,60,0.2388,9.787,9.7782,9.7929,0.0039,60,0.0005,30.9206,30.8952,30.9502,0.0149,60,0.0019,95.4999,95.399,95.597,0.0587,60,0.0076,95.8645,95.7636,95.9616,0.0587,60,0.0076,23.8011,23.7804,23.8256,0.0122,60,0.0016,23.8028,23.782,23.8273,0.0122,60,0.0016,9.7973,9.7885,9.8032,0.0039,60,0.0005
2016-01-16T03:30:00.000 ,23,31.0333,31.0228,31.0448,0.0071,60,0.0009,1024.2069,1024.1988,1024.216,0.0056,60,0.0007,0.5583,0.513,0.6087,0.0311,60,0.004,24.3447,22.3712,26.5409,1.3559,60,0.175,9.7949,9.7921,9.7977,0.0014,60,0.0002,30.884,30.8736,30.8955,0.0071,60,0.0009,95.6815,95.603,95.759,0.0469,60,0.0061,96.0461,95.9676,96.1236,0.0469,60,0.0061,23.7713,23.763,23.7807,0.0057,60,0.0007,23.773,23.7647,23.7824,0.0057,60,0.0007,9.8052,9.8024,9.808,0.0014,60,0.0002
2016-01-16T04:30:00.000 ,23,30.9796,30.9483,31.0242,0.0256,60,0.0033,1024.1654,1024.1415,1024.1999,0.0195,60,0.0025,0.7763,0.5992,0.9053,0.1042,60,0.0135,33.8537,26.1271,39.4787,4.5455,60,0.5868,9.7974,9.7961,9.8006,0.0012,60,0.0002,30.8306,30.7994,30.875,0.0254,60,0.0033,95.8153,95.763,95.848,0.0277,60,0.0036,96.1799,96.1276,96.2126,0.0277,60,0.0036,23.7292,23.7051,23.7639,0.0197,60,0.0025,23.7309,23.7068,23.7656,0.0197,60,0.0025,9.8078,9.8064,9.8109,0.0012,60,0.0002
2016-01-16T05:30:00.000 ,23,30.9523,30.9414,30.9767,0.0105,60,0.0014,1024.1446,1024.1364,1024.163,0.008,60,0.001,0.8942,0.7831,0.9435,0.0476,60,0.0062,38.9949,34.148,41.1426,2.0778,60,0.2682,9.7964,9.7949,9.7992,0.001,60,0.0001,30.8034,30.7926,30.8277,0.0105,60,0.0014,95.8431,95.822,95.851,0.0081,60,0.001,96.2077,96.1866,96.2156,0.0081,60,0.001,23.7082,23.7,23.7267,0.0081,60,0.001,23.7099,23.7016,23.7284,0.0081,60,0.001,9.8068,9.8052,9.8095,0.001,60,0.0001
2016-01-16T06:30:00.000 ,23,30.9816,30.9705,30.9896,0.0051,60,0.0007,1024.1665,1024.1577,1024.1727,0.0041,60,0.0005,0.7677,0.7272,0.8209,0.0264,60,0.0034,33.479,31.7098,35.7959,1.1524,60,0.1488,9.7982,9.7963,9.8039,0.0016,60,0.0002,30.8325,30.8215,30.8405,0.0051,60,0.0007,95.741,95.647,95.816,0.0502,60,0.0065,96.1056,96.0116,96.1806,0.0502,60,0.0065,23.7306,23.7221,23.7369,0.004,60,0.0005,23.7323,23.7238,23.7386,0.004,60,0.0005,9.8086,9.8066,9.8142,0.0016,60,0.0002
2016-01-16T07:30:00.000 ,23,31.0291,30.9845,31.0815,0.023,60,0.003,1024.2029,1024.1681,1024.2453,0.0184,60,0.0024,0.5956,0.4371,0.7754,0.081,60,0.0105,25.9693,19.0596,33.8142,3.5316,60,0.4559,9.7952,9.7813,9.8023,0.0054,60,0.0007,30.8798,30.8355,30.932,0.0229,60,0.003,95.5228,95.421,95.643,0.0673,60,0.0087,95.8875,95.7856,96.0076,0.0673,60,0.0087,23.768,23.7326,23.8109,0.0187,60,0.0024,23.7696,23.7343,23.8126,0.0187,60,0.0024,9.8056,9.7916,9.8126,0.0054,60,0.0007
2016-01-16T08:30:00.000 ,23,31.0123,30.9471,31.0795,0.0416,60,0.0054,1024.1892,1024.1381,1024.2437,0.0333,60,0.0043,0.6587,0.4235,0.9126,0.1565,60,0.0202,28.7245,18.4673,39.7947,6.8231,60,0.8809,9.7934,9.7817,9.8,0.0054,60,0.0007,30.8631,30.7982,30.93,0.0414,60,0.0053,95.3027,95.195,95.411,0.0656,60,0.0085,95.6673,95.5596,95.7756,0.0656,60,0.0085,23.7553,23.7043,23.8093,0.033,60,0.0043,23.7569,23.706,23.811,0.033,60,0.0043,9.8037,9.792,9.8103,0.0054,60,0.0007
2016-01-16T09:30:00.000 ,23,30.9996,30.9822,31.0187,0.0078,60,0.001,1024.1777,1024.1643,1024.1931,0.0062,60,0.0008,0.6993,0.6504,0.7686,0.0289,60,0.0037,30.4944,28.3592,33.5174,1.2597,60,0.1626,9.7972,9.7953,9.8002,0.001,60,0.0001,30.8505,30.8332,30.8695,0.0078,60,0.001,95.0919,95.011,95.19,0.0536,60,0.0069,95.4566,95.3756,95.5546,0.0536,60,0.0069,23.7448,23.7312,23.7598,0.0061,60,0.0008,23.7464,23.7329,23.7614,0.0061,60,0.0008,9.8075,9.8056,9.8105,0.001,60,0.0001
2016-01-16T10:30:00.000 ,23,30.9921,30.9682,31.0333,0.0194,60,0.0025,1024.1716,1024.1528,1024.2042,0.0153,60,0.002,0.7005,0.5739,0.7913,0.0641,60,0.0083,30.5446,25.0264,34.5054,2.7977,60,0.3612,9.7961,9.7923,9.7999,0.0013,60,0.0002,30.8431,30.8193,30.884,0.0193,60,0.0025,94.964,94.934,95.012,0.0235,60,0.003,95.3287,95.2986,95.3766,0.0235,60,0.003,23.7392,23.7205,23.7717,0.0152,60,0.002,23.7408,23.7222,23.7734,0.0152,60,0.002,9.8064,9.8026,9.8102,0.0013,60,0.0002
2016-01-16T11:30:00.000 ,23,30.992,30.9603,31.0791,0.0346,60,0.0045,1024.1719,1024.147,1024.2421,0.0278,60,0.0036,0.7159,0.4182,0.8391,0.1188,60,0.0153,31.2193,18.2344,36.5922,5.18,60,0.6687,9.7946,9.7807,9.7979,0.005,60,0.0006,30.8429,30.8114,30.9296,0.0345,60,0.0044,95.0093,94.936,95.101,0.0501,60,0.0065,95.3739,95.3006,95.4656,0.0501,60,0.0065,23.7393,23.7143,23.8092,0.0277,60,0.0036,23.741,23.716,23.8108,0.0277,60,0.0036,9.8049,9.791,9.8081,0.005,60,0.0006
2016-01-16T12:30:00.000 ,23,31.0745,31.0033,31.1285,0.0377,60,0.0049,1024.2396,1024.182,1024.2841,0.0306,60,0.0039,0.4367,0.2807,0.6577,0.1146,60,0.0148,19.0398,12.2384,28.6811,4.9965,60,0.645,9.7785,9.7615,9.7947,0.0099,60,0.0013,30.9251,30.8542,30.9788,0.0375,60,0.0048,95.2516,95.099,95.429,0.0998,60,0.0129,95.6162,95.4636,95.7936,0.0998,60,0.0129,23.806,23.7481,23.8506,0.0308,60,0.004,23.8076,23.7498,23.8523,0.0308,60,0.004,9.7888,9.7718,9.805,0.0099,60,0.0013
2016-01-16T13:30:00.000 ,23,31.065,31.0029,31.0839,0.0234,60,0.003,1024.2338,1024.1836,1024.2495,0.0192,60,0.0025,0.4709,0.4119,0.6758,0.0797,60,0.0103,20.5346,17.9622,29.4674,3.4752,60,0.4486,9.7797,9.7754,9.7886,0.0039,60,0.0005,30.9156,30.8538,30.9344,0.0233,60,0.003,95.6346,95.435,95.844,0.1193,60,0.0154,95.9992,95.7996,96.2086,0.1193,60,0.0154,23.7984,23.7488,23.8137,0.0188,60,0.0024,23.8,23.7504,23.8154,0.0188,60,0.0024,9.79,9.7857,9.7989,0.0039,60,0.0005
2016-01-16T14:30:00.000 ,23,31.0452,31.0151,31.0821,0.02,60,0.0026,1024.2193,1024.1953,1024.2483,0.0157,60,0.002,0.5337,0.4122,0.6335,0.0681,60,0.0088,23.2709,17.9724,27.6256,2.968,60,0.3832,9.7866,9.7775,9.7918,0.0043,60,0.0006,30.8959,30.8659,30.9326,0.0199,60,0.0026,96.0765,95.85,96.303,0.1343,60,0.0173,96.4411,96.2146,96.6676,0.1343,60,0.0173,23.7819,23.7579,23.812,0.0162,60,0.0021,23.7836,23.7595,23.8136,0.0162,60,0.0021,9.7969,9.7878,9.8022,0.0043,60,0.0006
2016-01-16T15:30:00.000 ,23,31.0303,30.9741,31.0677,0.0293,60,0.0038,1024.2091,1024.1658,1024.239,0.0228,60,0.0029,0.5908,0.4636,0.7946,0.1054,60,0.0136,25.7639,20.2157,34.6513,4.5971,60,0.5935,9.7904,9.7845,9.7948,0.0034,60,0.0004,30.881,30.8251,30.9182,0.0292,60,0.0038,96.5204,96.307,96.721,0.1239,60,0.016,96.8851,96.6716,97.0856,0.1239,60,0.016,23.7697,23.7255,23.7996,0.0232,60,0.003,23.7713,23.7272,23.8013,0.0232,60,0.003,9.8008,9.7949,9.8052,0.0034,60,0.0004
2016-01-16T16:30:00.000 ,23,30.9905,30.964,31.0721,0.029,60,0.0037,1024.1796,1024.1594,1024.2437,0.0227,60,0.0029,0.7427,0.4549,0.8498,0.1099,60,0.0142,32.3879,19.8354,37.0586,4.7911,60,0.6185,9.7918,9.7824,9.7954,0.0025,60,0.0003,30.8414,30.815,30.9226,0.0288,60,0.0037,96.8826,96.732,97.013,0.0842,60,0.0109,97.2472,97.0966,97.3776,0.0842,60,0.0109,23.7385,23.7179,23.8033,0.0229,60,0.003,23.7402,23.7195,23.805,0.0229,60,0.003,9.8023,9.7928,9.8059,0.0025,60,0.0003
2016-01-16T17:30:00.000 ,23,30.9901,30.9647,31.0183,0.0118,60,0.0015,1024.1801,1024.1607,1024.2021,0.0091,60,0.0012,0.7397,0.6582,0.8443,0.0455,60,0.0059,32.2573,28.6994,36.8162,1.9853,60,0.2563,9.7922,9.79,9.7936,0.0007,60,0.0001,30.841,30.8157,30.8691,0.0118,60,0.0015,97.076,97.017,97.115,0.0286,60,0.0037,97.4407,97.3816,97.4796,0.0286,60,0.0037,23.7382,23.7186,23.7604,0.0092,60,0.0012,23.7398,23.7203,23.7621,0.0092,60,0.0012,9.8027,9.8005,9.8041,0.0007,60,0.0001
2016-01-16T18:30:00.000 ,23,30.9747,30.96,30.9966,0.0092,60,0.0012,1024.168,1024.1566,1024.1847,0.007,60,0.0009,0.8076,0.7249,0.8659,0.0364,60,0.0047,35.2181,31.6102,37.7584,1.5878,60,0.205,9.7929,9.7916,9.7945,0.0007,60,0.0001,30.8256,30.811,30.8475,0.0092,60,0.0012,97.0545,96.949,97.115,0.0506,60,0.0065,97.4192,97.3136,97.4796,0.0506,60,0.0065,23.7261,23.7146,23.7431,0.0071,60,0.0009,23.7278,23.7162,23.7448,0.0071,60,0.0009,9.8033,9.8021,9.805,0.0007,60,0.0001
2016-01-16T19:30:00.000 ,23,31.0269,30.9816,31.0913,0.0388,60,0.005,1024.2082,1024.173,1024.2595,0.0308,60,0.004,0.6149,0.3923,0.7697,0.1312,60,0.0169,26.8145,17.1066,33.562,5.7212,60,0.7386,9.7875,9.7751,9.7935,0.0068,60,0.0009,30.8777,30.8325,30.9417,0.0386,60,0.005,96.7909,96.631,96.942,0.0922,60,0.0119,97.1555,96.9956,97.3066,0.0922,60,0.0119,23.7675,23.7317,23.8195,0.0312,60,0.004,23.7692,23.7333,23.8211,0.0312,60,0.004,9.7979,9.7855,9.804,0.0068,60,0.0009
2016-01-16T20:30:00.000 ,23,31.0498,31.0117,31.0879,0.019,60,0.0025,1024.2247,1024.1937,1024.2566,0.0158,60,0.002,0.5299,0.4096,0.661,0.0648,60,0.0084,23.1063,17.8579,28.8229,2.8267,60,0.3649,9.7851,9.7755,9.7916,0.0038,60,0.0005,30.9004,30.8625,30.9383,0.019,60,0.0024,96.4299,96.21,96.623,0.1234,60,0.0159,96.7946,96.5746,96.9876,0.1234,60,0.0159,23.7857,23.7552,23.8168,0.0154,60,0.002,23.7873,23.7569,23.8184,0.0154,60,0.002,9.7955,9.7859,9.802,0.0038,60,0.0005
2016-01-16T21:30:00.000 ,23,31.0391,31.0116,31.0712,0.0217,60,0.0028,1024.2143,1024.1925,1024.2396,0.0172,60,0.0022,0.5697,0.4573,0.6644,0.0739,60,0.0095,24.8417,19.9405,28.9703,3.2238,60,0.4162,9.7855,9.7795,9.7912,0.0039,60,0.0005,30.8898,30.8624,30.9217,0.0216,60,0.0028,95.9793,95.739,96.205,0.1367,60,0.0177,96.3439,96.1036,96.5696,0.1367,60,0.0177,23.7774,23.7552,23.8031,0.0175,60,0.0023,23.779,23.7568,23.8048,0.0175,60,0.0023,9.7959,9.7898,9.8016,0.0039,60,0.0005
2016-01-16T22:30:00.000 ,23,31.064,31.0477,31.0806,0.0102,60,0.0013,1024.2321,1024.2181,1024.2456,0.0086,60,0.0011,0.4787,0.4245,0.5344,0.0351,60,0.0045,20.8716,18.5112,23.3042,1.5295,60,0.1975,9.7818,9.7781,9.7855,0.0022,60,0.0003,30.9146,30.8984,30.9311,0.0101,60,0.0013,95.5092,95.33,95.731,0.1173,60,0.0151,95.8739,95.6946,96.0956,0.1173,60,0.0151,23.7973,23.7841,23.8107,0.0082,60,0.0011,23.7989,23.7857,23.8124,0.0082,60,0.0011,9.7921,9.7884,9.7958,0.0021,60,0.0003
2016-01-16T23:30:00.000 ,23,31.0199,30.8955,31.0476,0.0356,60,0.0046,1024.1955,1024.1024,1024.218,0.0277,60,0.0036,0.6271,0.532,0.9854,0.1166,60,0.0151,27.3448,23.1984,42.9719,5.0855,60,0.6565,9.7873,9.7633,9.7947,0.005,60,0.0006,30.8707,30.7469,30.8983,0.0355,60,0.0046,95.1731,95.038,95.326,0.089,60,0.0115,95.5377,95.4026,95.6906,0.089,60,0.0115,23.7622,23.6694,23.784,0.0274,60,0.0035,23.7638,23.6711,23.7856,0.0274,60,0.0035,9.7976,9.7735,9.805,0.005,60,0.0006
2016-01-17T00:30:00.000 ,23,30.9605,30.8854,31.0091,0.0325,60,0.0042,1024.149,1024.0949,1024.1857,0.0237,60,0.0031,0.8538,0.6697,1.1011,0.1136,60,0.0147,37.2305,29.2011,48.0186,4.9562,60,0.6398,9.7838,9.7602,9.7941,0.0089,60,0.0011,30.8116,30.7369,30.86,0.0323,60,0.0042,94.9723,94.924,95.035,0.032,60,0.0041,95.337,95.2886,95.3996,0.032,60,0.0041,23.7166,23.6621,23.7535,0.0239,60,0.0031,23.7182,23.6637,23.7552,0.0239,60,0.0031,9.7941,9.7704,9.8043,0.0089,60,0.0011
2016-01-17T01:30:00.000 ,23,31.024,30.9877,31.0654,0.0194,60,0.0025,1024.198,1024.1688,1024.2315,0.0156,60,0.002,0.6224,0.4808,0.7694,0.0707,60,0.0091,27.1419,20.9668,33.553,3.0829,60,0.398,9.7844,9.7767,9.7933,0.0034,60,0.0004,30.8748,30.8387,30.916,0.0193,60,0.0025,94.9286,94.906,94.977,0.0202,60,0.0026,95.2932,95.2706,95.3416,0.0202,60,0.0026,23.7659,23.7367,23.7992,0.0155,60,0.002,23.7675,23.7383,23.8009,0.0155,60,0.002,9.7946,9.7869,9.8035,0.0034,60,0.0004
2016-01-17T02:30:00.000 ,23,30.9907,30.9654,31.0364,0.0165,60,0.0021,1024.1738,1024.1547,1024.2105,0.0128,60,0.0016,0.7456,0.6491,0.8312,0.0561,60,0.0072,32.5145,28.3061,36.2481,2.4459,60,0.3158,9.7784,9.7726,9.7833,0.0019,60,0.0002,30.8417,30.8165,30.8871,0.0165,60,0.0021,95.0706,94.979,95.156,0.0534,60,0.0069,95.4352,95.3436,95.5206,0.0534,60,0.0069,23.741,23.7217,23.7773,0.0129,60,0.0017,23.7426,23.7233,23.7789,0.0129,60,0.0017,9.7886,9.7829,9.7936,0.0019,60,0.0002
2016-01-17T03:30:00.000 ,23,31.0237,31.0052,31.0645,0.0148,60,0.0019,1024.2007,1024.186,1024.2327,0.0116,60,0.0015,0.628,0.5021,0.6783,0.0474,60,0.0061,27.3845,21.8918,29.5787,2.0666,60,0.2668,9.7752,9.7706,9.7808,0.0027,60,0.0004,30.8744,30.8561,30.9151,0.0148,60,0.0019,95.2607,95.156,95.362,0.0634,60,0.0082,95.6253,95.5206,95.7266,0.0634,60,0.0082,23.767,23.7518,23.7995,0.0119,60,0.0015,23.7687,23.7535,23.8011,0.0119,60,0.0015,9.7855,9.7809,9.7911,0.0027,60,0.0004
2016-01-17T04:30:00.000 ,23,30.9824,30.9681,31.0059,0.011,60,0.0014,1024.1688,1024.1579,1024.1866,0.0084,60,0.0011,0.7695,0.6875,0.8181,0.0385,60,0.005,33.5572,29.9812,35.674,1.6784,60,0.2167,9.7805,9.7793,9.7846,0.0013,60,0.0002,30.8334,30.8191,30.8568,0.0109,60,0.0014,95.4687,95.366,95.563,0.0588,60,0.0076,95.8333,95.7306,95.9276,0.0588,60,0.0076,23.7341,23.723,23.7524,0.0085,60,0.0011,23.7358,23.7246,23.754,0.0085,60,0.0011,9.7908,9.7896,9.7949,0.0013,60,0.0002
2016-01-17T05:30:00.000 ,23,30.9849,30.9707,31.0032,0.0103,60,0.0013,1024.1713,1024.1606,1024.1848,0.0075,60,0.001,0.7584,0.6961,0.812,0.0344,60,0.0044,33.0732,30.3541,35.4087,1.5011,60,0.1938,9.7823,9.7803,9.7901,0.0024,60,0.0003,30.8358,30.8217,30.8541,0.0102,60,0.0013,95.6566,95.563,95.735,0.0508,60,0.0066,96.0212,95.9276,96.0996,0.0508,60,0.0066,23.7357,23.725,23.7497,0.0077,60,0.001,23.7374,23.7266,23.7514,0.0077,60,0.001,9.7926,9.7906,9.8004,0.0024,60,0.0003
2016-01-17T06:30:00.000 ,23,30.9622,30.9437,30.9787,0.0089,60,0.0011,1024.1544,1024.1406,1024.1666,0.0065,60,0.0008,0.8397,0.7816,0.9093,0.0331,60,0.0043,36.6169,34.0817,39.6526,1.4419,60,0.1861,9.7809,9.7773,9.785,0.0024,60,0.0003,30.8132,30.7949,30.8297,0.0088,60,0.0011,95.7816,95.74,95.823,0.0245,60,0.0032,96.1462,96.1046,96.1876,0.0245,60,0.0032,23.7183,23.7044,23.7307,0.0066,60,0.0009,23.72,23.706,23.7323,0.0066,60,0.0009,9.7912,9.7876,9.7953,0.0024,60,0.0003
2016-01-17T07:30:00.000 ,23,30.9621,30.9123,30.9917,0.024,60,0.0031,1024.1542,1024.1172,1024.1764,0.0177,60,0.0023,0.8405,0.7266,1.0371,0.0943,60,0.0122,36.6508,31.686,45.2274,4.1134,60,0.531,9.783,9.7728,9.7915,0.0061,60,0.0008,30.8131,30.7636,30.8426,0.0239,60,0.0031,95.8132,95.768,95.838,0.02,60,0.0026,96.1778,96.1326,96.2026,0.02,60,0.0026,23.7179,23.6808,23.7402,0.0178,60,0.0023,23.7196,23.6824,23.7418,0.0178,60,0.0023,9.7933,9.7831,9.8018,0.0061,60,0.0008
2016-01-17T08:30:00.000 ,23,30.9774,30.9687,30.9929,0.0058,60,0.0007,1024.1646,1024.158,1024.1766,0.0044,60,0.0006,0.7956,0.7302,0.8306,0.025,60,0.0032,34.6949,31.8405,36.2184,1.089,60,0.1406,9.7891,9.7873,9.7909,0.001,60,0.0001,30.8284,30.8197,30.8438,0.0057,60,0.0007,95.71,95.655,95.764,0.0315,60,0.0041,96.0747,96.0196,96.1286,0.0315,60,0.0041,23.7288,23.7223,23.7408,0.0044,60,0.0006,23.7305,23.724,23.7425,0.0044,60,0.0006,9.7994,9.7976,9.8012,0.001,60,0.0001
2016-01-17T09:30:00.000 ,23,30.9836,30.9696,30.9964,0.0069,60,0.0009,1024.1683,1024.1573,1024.1781,0.0054,60,0.0007,0.7575,0.6993,0.8171,0.0306,60,0.0039,33.0325,30.4937,35.6323,1.3342,60,0.1722,9.7924,9.7907,9.7956,0.0013,60,0.0002,30.8345,30.8206,30.8473,0.0069,60,0.0009,95.5819,95.505,95.656,0.0433,60,0.0056,95.9465,95.8696,96.0206,0.0433,60,0.0056,23.7331,23.7221,23.7432,0.0054,60,0.0007,23.7348,23.7238,23.7448,0.0054,60,0.0007,9.8027,9.801,9.8059,0.0013,60,0.0002
2016-01-17T10:30:00.000 ,23,30.9864,30.9711,30.9954,0.0062,60,0.0008,1024.1695,1024.1582,1024.1769,0.0048,60,0.0006,0.7208,0.6668,0.7725,0.0288,60,0.0037,31.4321,29.0753,33.6853,1.2562,60,0.1622,9.7945,9.7918,9.7976,0.0011,60,0.0001,30.8373,30.8221,30.8463,0.0062,60,0.0008,95.4395,95.381,95.504,0.0357,60,0.0046,95.8041,95.7456,95.8686,0.0357,60,0.0046,23.735,23.7235,23.7421,0.0048,60,0.0006,23.7366,23.7252,23.7438,0.0048,60,0.0006,9.8048,9.8021,9.8079,0.0011,60,0.0001
2016-01-17T11:30:00.000 ,23,30.9562,30.9107,30.9952,0.0336,60,0.0043,1024.147,1024.1135,1024.1762,0.025,60,0.0032,0.8088,0.6551,0.9846,0.1299,60,0.0168,35.272,28.5683,42.9358,5.6652,60,0.7314,9.7869,9.7753,9.7937,0.0066,60,0.0009,30.8073,30.762,30.8461,0.0334,60,0.0043,95.3603,95.352,95.375,0.0051,60,0.0007,95.7249,95.7166,95.7396,0.0051,60,0.0007,23.7128,23.6793,23.742,0.0251,60,0.0032,23.7144,23.6809,23.7437,0.0251,60,0.0032,9.7972,9.7856,9.804,0.0067,60,0.0009
2016-01-17T12:30:00.000 ,23,31.0133,30.9186,31.059,0.0421,60,0.0054,1024.1921,1024.1191,1024.2282,0.0329,60,0.0043,0.6064,0.4498,0.9531,0.1501,60,0.0194,26.441,19.6127,41.5644,6.5443,60,0.8449,9.7831,9.7787,9.7914,0.0038,60,0.0005,30.8641,30.7699,30.9096,0.0419,60,0.0054,95.4093,95.35,95.5,0.047,60,0.0061,95.774,95.7146,95.8646,0.047,60,0.0061,23.7577,23.6848,23.7937,0.0329,60,0.0042,23.7594,23.6865,23.7953,0.0329,60,0.0042,9.7934,9.789,9.8017,0.0038,60,0.0005
2016-01-17T13:30:00.000 ,23,30.9972,30.9817,31.01,0.0066,60,0.0009,1024.1795,1024.1672,1024.1888,0.0049,60,0.0006,0.6623,0.6134,0.7166,0.0262,60,0.0034,28.8805,26.7476,31.2508,1.1413,60,0.1473,9.7898,9.7868,9.7952,0.0017,60,0.0002,30.8481,30.8327,30.8608,0.0066,60,0.0008,95.624,95.503,95.764,0.078,60,0.0101,95.9886,95.8676,96.1286,0.078,60,0.0101,23.7441,23.7324,23.7538,0.0051,60,0.0007,23.7457,23.734,23.7555,0.0051,60,0.0007,9.8001,9.7971,9.8055,0.0017,60,0.0002
2016-01-17T14:30:00.000 ,23,30.998,30.9819,31.0089,0.0087,60,0.0011,1024.1814,1024.1682,1024.1897,0.007,60,0.0009,0.6922,0.6479,0.7516,0.0312,60,0.004,30.1833,28.2513,32.774,1.3596,60,0.1755,9.7905,9.7874,9.7974,0.0016,60,0.0002,30.8488,30.8329,30.8597,0.0087,60,0.0011,95.9451,95.77,96.115,0.1031,60,0.0133,96.3097,96.1346,96.4796,0.1031,60,0.0133,23.7446,23.7321,23.7531,0.0069,60,0.0009,23.7462,23.7337,23.7548,0.0069,60,0.0009,9.8008,9.7978,9.8077,0.0016,60,0.0002
2016-01-17T15:30:00.000 ,23,31.0025,30.9941,31.0145,0.0061,60,0.0008,1024.1867,1024.1804,1024.1959,0.0047,60,0.0006,0.68,0.63,0.7098,0.0263,60,0.0034,29.6506,27.4696,30.9534,1.1465,60,0.148,9.7892,9.7869,9.7914,0.0012,60,0.0002,30.8534,30.845,30.8653,0.0061,60,0.0008,96.2954,96.118,96.477,0.105,60,0.0136,96.6601,96.4826,96.8416,0.105,60,0.0136,23.7483,23.7414,23.7578,0.0049,60,0.0006,23.75,23.7431,23.7595,0.0049,60,0.0006,9.7996,9.7973,9.8018,0.0012,60,0.0002
2016-01-17T16:30:00.000 ,23,30.9932,30.9623,31.0079,0.0119,60,0.0015,1024.1814,1024.1576,1024.1925,0.0089,60,0.0011,0.709,0.6492,0.8173,0.0435,60,0.0056,30.9178,28.3085,35.6412,1.8965,60,0.2448,9.788,9.7857,9.7907,0.0013,60,0.0002,30.8441,30.8133,30.8587,0.0119,60,0.0015,96.6626,96.482,96.832,0.1056,60,0.0136,97.0272,96.8466,97.1966,0.1056,60,0.0136,23.7413,23.7169,23.7529,0.0093,60,0.0012,23.7429,23.7186,23.7545,0.0093,60,0.0012,9.7984,9.7961,9.8011,0.0013,60,0.0002
2016-01-17T17:30:00.000 ,23,30.9747,30.9342,31.0177,0.0175,60,0.0023,1024.1688,1024.1371,1024.2032,0.0141,60,0.0018,0.7866,0.658,0.9332,0.0685,60,0.0088,34.3012,28.6928,40.6938,2.9884,60,0.3858,9.7856,9.7807,9.7906,0.0029,60,0.0004,30.8257,30.7854,30.8685,0.0174,60,0.0022,96.9585,96.837,97.044,0.062,60,0.008,97.3231,97.2016,97.4086,0.062,60,0.008,23.7273,23.6959,23.7614,0.0139,60,0.0018,23.729,23.6976,23.7631,0.0139,60,0.0018,9.796,9.7912,9.8011,0.0029,60,0.0004
2016-01-17T18:30:00.000 ,23,31.0139,30.984,31.026,0.0097,60,0.0012,1024.1998,1024.1765,1024.2091,0.0076,60,0.001,0.6309,0.5936,0.7273,0.0325,60,0.0042,27.5099,25.8847,31.7143,1.4166,60,0.1829,9.7847,9.7811,9.7885,0.0017,60,0.0002,30.8647,30.8349,30.8767,0.0096,60,0.0012,97.0774,97.044,97.101,0.0181,60,0.0023,97.4421,97.4086,97.4656,0.0181,60,0.0023,23.7579,23.7346,23.7671,0.0076,60,0.001,23.7595,23.7363,23.7688,0.0076,60,0.001,9.7952,9.7916,9.799,0.0018,60,0.0002
2016-01-17T19:30:00.000 ,23,30.9664,30.9382,31.0018,0.017,60,0.0022,1024.1625,1024.1403,1024.1901,0.0132,60,0.0017,0.8072,0.6825,0.9237,0.0649,60,0.0084,35.1995,29.7614,40.281,2.8293,60,0.3653,9.7854,9.7823,9.7874,0.0014,60,0.0002,30.8175,30.7893,30.8526,0.0169,60,0.0022,96.9833,96.84,97.093,0.0826,60,0.0107,97.3479,97.2046,97.4576,0.0826,60,0.0107,23.7209,23.6993,23.748,0.013,60,0.0017,23.7226,23.701,23.7497,0.013,60,0.0017,9.7958,9.7927,9.7979,0.0014,60,0.0002
2016-01-17T20:30:00.000 ,23,30.9611,30.9253,31.0009,0.0281,60,0.0036,1024.1569,1024.1305,1024.1868,0.0209,60,0.0027,0.8454,0.7036,0.9751,0.1002,60,0.0129,36.866,30.6794,42.5208,4.3701,60,0.5642,9.7861,9.7805,9.7911,0.0035,60,0.0005,30.8121,30.7765,30.8518,0.028,60,0.0036,96.6921,96.508,96.836,0.0929,60,0.012,97.0568,96.8726,97.2006,0.0929,60,0.012,23.7166,23.6897,23.7471,0.0213,60,0.0028,23.7183,23.6914,23.7487,0.0213,60,0.0028,9.7966,9.7909,9.8015,0.0035,60,0.0005
2016-01-17T21:30:00.000 ,23,31.0043,30.9908,31.015,0.0075,60,0.001,1024.1878,1024.1783,1024.1965,0.0061,60,0.0008,0.6813,0.6489,0.7417,0.0273,60,0.0035,29.7106,28.2949,32.3415,1.1909,60,0.1537,9.7899,9.7874,9.7978,0.0023,60,0.0003,30.8552,30.8417,30.8658,0.0074,60,0.001,96.2484,96.002,96.502,0.1511,60,0.0195,96.613,96.3666,96.8666,0.1511,60,0.0195,23.7496,23.739,23.7582,0.006,60,0.0008,23.7513,23.7406,23.7599,0.006,60,0.0008,9.8003,9.7978,9.8082,0.0023,60,0.0003
2016-01-17T22:30:00.000 ,23,31.0054,30.9892,31.0203,0.0091,60,0.0012,1024.1866,1024.1741,1024.1989,0.0074,60,0.0009,0.6735,0.618,0.7305,0.0325,60,0.0042,29.3682,26.9484,31.8526,1.4192,60,0.1832,9.7883,9.7865,9.7954,0.0015,60,0.0002,30.8562,30.8401,30.8711,0.009,60,0.0012,95.7378,95.464,95.992,0.1573,60,0.0203,96.1024,95.8286,96.3566,0.1573,60,0.0203,23.7507,23.7384,23.7625,0.0071,60,0.0009,23.7524,23.7401,23.7641,0.0071,60,0.0009,9.7986,9.7968,9.8058,0.0015,60,0.0002
2016-01-17T23:30:00.000 ,23,30.9946,30.9495,31.0147,0.0208,60,0.0027,1024.1762,1024.1406,1024.1927,0.0165,60,0.0021,0.7012,0.6187,0.8904,0.0868,60,0.0112,30.5754,26.981,38.8279,3.785,60,0.4886,9.7871,9.785,9.7881,0.0008,60,0.0001,30.8455,30.8006,30.8655,0.0206,60,0.0027,95.2403,95.039,95.455,0.1214,60,0.0157,95.605,95.4036,95.8196,0.1214,60,0.0157,23.7426,23.7079,23.7581,0.016,60,0.0021,23.7442,23.7095,23.7598,0.016,60,0.0021,9.7973,9.7952,9.7984,0.0008,60,0.0001
2016-01-18T00:30:00.000 ,23,30.9409,30.9275,30.979,0.0127,60,0.0016,1024.1333,1024.1224,1024.1616,0.0096,60,0.0012,0.9181,0.7554,0.9743,0.0514,60,0.0066,40.036,32.9425,42.4887,2.2405,60,0.2893,9.7841,9.7814,9.7896,0.0018,60,0.0002,30.7921,30.7788,30.83,0.0126,60,0.0016,94.864,94.736,95.032,0.0884,60,0.0114,95.2286,95.1006,95.3966,0.0884,60,0.0114,23.7014,23.6908,23.7303,0.0096,60,0.0012,23.703,23.6924,23.7319,0.0096,60,0.0012,9.7943,9.7916,9.7998,0.0018,60,0.0002
2016-01-18T01:30:00.000 ,23,31.0277,30.9801,31.0823,0.0283,60,0.0037,1024.2003,1024.1626,1024.2441,0.0226,60,0.0029,0.5895,0.4209,0.7426,0.0909,60,0.0117,25.7046,18.3529,32.382,3.9624,60,0.5115,9.7807,9.7721,9.7886,0.0046,60,0.0006,30.8784,30.8311,30.9328,0.0282,60,0.0036,94.6696,94.616,94.734,0.0365,60,0.0047,95.0342,94.9806,95.0986,0.0365,60,0.0047,23.7693,23.7313,23.8131,0.0226,60,0.0029,23.7709,23.7329,23.8147,0.0226,60,0.0029,9.7909,9.7823,9.7988,0.0046,60,0.0006
2016-01-18T02:30:00.000 ,23,31.0065,30.9814,31.0258,0.01,60,0.0013,1024.1835,1024.1639,1024.1988,0.0078,60,0.001,0.6532,0.602,0.737,0.0294,60,0.0038,28.4851,26.2498,32.14,1.2815,60,0.1654,9.782,9.7801,9.7848,0.0012,60,0.0002,30.8574,30.8324,30.8766,0.01,60,0.0013,94.6316,94.606,94.698,0.0262,60,0.0034,94.9962,94.9706,95.0626,0.0262,60,0.0034,23.7526,23.7327,23.7678,0.0079,60,0.001,23.7543,23.7344,23.7694,0.0079,60,0.001,9.7922,9.7903,9.795,0.0012,60,0.0002
2016-01-18T03:30:00.000 ,23,30.982,30.9586,31.0295,0.0164,60,0.0021,1024.1648,1024.1466,1024.2028,0.0131,60,0.0017,0.7396,0.6151,0.8279,0.0565,60,0.0073,32.2517,26.8227,36.1033,2.4644,60,0.3182,9.7846,9.7805,9.7867,0.0015,60,0.0002,30.833,30.8097,30.8803,0.0164,60,0.0021,94.7989,94.7,94.892,0.0562,60,0.0073,95.1636,95.0646,95.2566,0.0562,60,0.0073,23.7332,23.715,23.7708,0.013,60,0.0017,23.7348,23.7166,23.7724,0.013,60,0.0017,9.7948,9.7907,9.7969,0.0015,60,0.0002
2016-01-18T04:30:00.000 ,23,30.9664,30.9406,31.0348,0.0175,60,0.0023,1024.1538,1024.1337,1024.207,0.0136,60,0.0018,0.8058,0.5758,0.9023,0.0679,60,0.0088,35.1394,25.1067,39.3487,2.9626,60,0.3825,9.7841,9.7797,9.7863,0.0012,60,0.0002,30.8174,30.7918,30.8855,0.0174,60,0.0022,95.0321,94.894,95.175,0.0872,60,0.0113,95.3967,95.2586,95.5396,0.0872,60,0.0113,23.7211,23.7013,23.7749,0.0137,60,0.0018,23.7228,23.7029,23.7766,0.0137,60,0.0018,9.7943,9.7899,9.7965,0.0012,60,0.0002
2016-01-18T05:30:00.000 ,23,30.9324,30.8976,30.9865,0.0216,60,0.0028,1024.1288,1024.1016,1024.1702,0.0166,60,0.0021,0.9487,0.723,1.1139,0.0988,60,0.0128,41.3712,31.5276,48.5762,4.3101,60,0.5564,9.7832,9.782,9.7858,0.0009,60,0.0001,30.7836,30.749,30.8375,0.0215,60,0.0028,95.3,95.178,95.439,0.0761,60,0.0098,95.6646,95.5426,95.8036,0.0761,60,0.0098,23.6948,23.6679,23.7369,0.0166,60,0.0021,23.6965,23.6696,23.7385,0.0166,60,0.0021,9.7935,9.7923,9.7961,0.0009,60,0.0001
2016-01-18T06:30:00.000 ,23,30.9294,30.9083,30.9711,0.0103,60,0.0013,1024.1277,1024.1112,1024.1595,0.0079,60,0.001,0.963,0.8112,1.0716,0.0489,60,0.0063,41.9952,35.3749,46.7326,2.1329,60,0.2754,9.7838,9.7808,9.7948,0.0023,60,0.0003,30.7806,30.7596,30.8221,0.0103,60,0.0013,95.5812,95.443,95.7,0.0761,60,0.0098,95.9458,95.8076,96.0646,0.0761,60,0.0098,23.6925,23.6763,23.7249,0.008,60,0.001,23.6941,23.6779,23.7266,0.008,60,0.001,9.7941,9.7911,9.8051,0.0024,60,0.0003
2016-01-18T07:30:00.000 ,23,30.9261,30.912,30.9336,0.0048,60,0.0006,1024.1258,1024.1162,1024.1322,0.0033,60,0.0004,0.9803,0.9452,1.0516,0.0242,60,0.0031,42.7515,41.22,45.8575,1.0547,60,0.1362,9.7855,9.7793,9.8001,0.0047,60,0.0006,30.7773,30.7633,30.7848,0.0048,60,0.0006,95.8025,95.704,95.895,0.0557,60,0.0072,96.1671,96.0686,96.2596,0.0557,60,0.0072,23.6896,23.6796,23.6956,0.0034,60,0.0004,23.6912,23.6813,23.6972,0.0034,60,0.0004,9.7958,9.7896,9.8104,0.0047,60,0.0006
2016-01-18T08:30:00.000 ,23,30.9598,30.9285,30.9902,0.0212,60,0.0027,1024.1528,1024.1284,1024.1764,0.0164,60,0.0021,0.8397,0.7398,0.9661,0.0713,60,0.0092,36.616,32.2591,42.1319,3.109,60,0.4014,9.7844,9.7818,9.7881,0.0012,60,0.0001,30.8109,30.7797,30.8411,0.0211,60,0.0027,95.9477,95.894,95.99,0.0298,60,0.0038,96.3123,96.2586,96.3546,0.0298,60,0.0038,23.7159,23.6918,23.7394,0.0163,60,0.0021,23.7176,23.6934,23.7411,0.0163,60,0.0021,9.7948,9.7921,9.7984,0.0012,60,0.0001
2016-01-18T09:30:00.000 ,23,30.9747,30.961,30.99,0.009,60,0.0012,1024.1643,1024.1538,1024.1762,0.007,60,0.0009,0.7907,0.7441,0.8421,0.0297,60,0.0038,34.4811,32.4491,36.7221,1.2946,60,0.1671,9.786,9.7844,9.7885,0.0008,60,0.0001,30.8257,30.8121,30.8409,0.0089,60,0.0012,95.9847,95.955,96.001,0.0128,60,0.0017,96.3493,96.3196,96.3656,0.0128,60,0.0017,23.7273,23.7168,23.7391,0.0069,60,0.0009,23.7289,23.7184,23.7408,0.0069,60,0.0009,9.7963,9.7947,9.7989,0.0008,60,0.0001
2016-01-18T10:30:00.000 ,23,30.9757,30.9597,30.9927,0.0072,60,0.0009,1024.1649,1024.1524,1024.1782,0.0056,60,0.0007,0.7979,0.7291,0.8557,0.0275,60,0.0036,34.7961,31.7931,37.3154,1.2008,60,0.155,9.7856,9.7843,9.788,0.0006,60,0.0001,30.8267,30.8108,30.8436,0.0072,60,0.0009,95.9276,95.891,95.958,0.0196,60,0.0025,96.2923,96.2556,96.3226,0.0196,60,0.0025,23.7281,23.7158,23.7415,0.0056,60,0.0007,23.7298,23.7175,23.7432,0.0056,60,0.0007,9.7959,9.7946,9.7983,0.0006,60,0.0001
2016-01-18T11:30:00.000 ,23,30.9661,30.9525,30.9802,0.0058,60,0.0007,1024.1571,1024.1463,1024.1683,0.0046,60,0.0006,0.8372,0.7825,0.8965,0.0257,60,0.0033,36.5102,34.1243,39.0948,1.1216,60,0.1448,9.785,9.7841,9.7859,0.0005,60,0.0001,30.8172,30.8036,30.8312,0.0058,60,0.0007,95.8399,95.803,95.888,0.025,60,0.0032,96.2045,96.1676,96.2526,0.025,60,0.0032,23.7208,23.7101,23.7318,0.0045,60,0.0006,23.7224,23.7117,23.7335,0.0045,60,0.0006,9.7953,9.7944,9.7962,0.0005,60,0.0001
2016-01-18T12:30:00.000 ,23,31.0071,30.9645,31.0361,0.0189,60,0.0024,1024.1888,1024.1558,1024.212,0.0149,60,0.0019,0.6973,0.5969,0.8489,0.0681,60,0.0088,30.4072,26.0299,37.0174,2.9694,60,0.3833,9.7836,9.7799,9.7872,0.0017,60,0.0002,30.8579,30.8156,30.8868,0.0188,60,0.0024,95.7809,95.769,95.803,0.0093,60,0.0012,96.1455,96.1336,96.1676,0.0093,60,0.0012,23.7528,23.7196,23.7759,0.0149,60,0.0019,23.7544,23.7213,23.7776,0.0149,60,0.0019,9.794,9.7902,9.7975,0.0017,60,0.0002
2016-01-18T13:30:00.000 ,23,31.0435,30.9643,31.0983,0.0373,60,0.0048,1024.2183,1024.156,1024.2625,0.0298,60,0.0038,0.582,0.421,0.8642,0.119,60,0.0154,25.3774,18.3553,37.685,5.1902,60,0.6701,9.7769,9.7673,9.7855,0.0056,60,0.0007,30.8941,30.8154,30.9487,0.0371,60,0.0048,95.8099,95.772,95.872,0.0297,60,0.0038,96.1745,96.1366,96.2366,0.0297,60,0.0038,23.7821,23.7195,23.8262,0.0298,60,0.0038,23.7837,23.7212,23.8279,0.0298,60,0.0038,9.7872,9.7776,9.7958,0.0056,60,0.0007
2016-01-18T14:30:00.000 ,23,31.0106,30.9571,31.055,0.0266,60,0.0034,1024.1928,1024.1512,1024.2278,0.0207,60,0.0027,0.7117,0.5634,0.9286,0.1006,60,0.013,31.0355,24.5687,40.4934,4.3872,60,0.5664,9.7805,9.7762,9.7839,0.002,60,0.0003,30.8614,30.8082,30.9056,0.0264,60,0.0034,95.9545,95.871,96.06,0.0538,60,0.0069,96.3192,96.2356,96.4246,0.0538,60,0.0069,23.756,23.7139,23.7912,0.0209,60,0.0027,23.7576,23.7156,23.7928,0.0209,60,0.0027,9.7909,9.7865,9.7942,0.002,60,0.0003
2016-01-18T15:30:00.000 ,23,30.9994,30.9596,31.0746,0.038,60,0.0049,1024.1853,1024.1535,1024.2458,0.0305,60,0.0039,0.7727,0.5205,0.921,0.1332,60,0.0172,33.6944,22.6969,40.1644,5.8111,60,0.7502,9.7803,9.7698,9.7843,0.0046,60,0.0006,30.8503,30.8107,30.9251,0.0378,60,0.0049,96.1902,96.065,96.314,0.0737,60,0.0095,96.5548,96.4296,96.6786,0.0737,60,0.0095,23.7473,23.7158,23.8074,0.0302,60,0.0039,23.749,23.7175,23.809,0.0302,60,0.0039,9.7907,9.7802,9.7947,0.0046,60,0.0006
2016-01-18T16:30:00.000 ,23,30.9929,30.9664,31.0589,0.0252,60,0.0033,1024.1809,1024.1604,1024.234,0.0199,60,0.0026,0.7695,0.5587,0.879,0.0853,60,0.011,33.5539,24.3596,38.331,3.7221,60,0.4805,9.7836,9.7727,9.7869,0.0038,60,0.0005,30.8438,30.8174,30.9095,0.0251,60,0.0032,96.4496,96.318,96.581,0.079,60,0.0102,96.8142,96.6826,96.9456,0.079,60,0.0102,23.7418,23.7206,23.7946,0.0202,60,0.0026,23.7434,23.7223,23.7963,0.0202,60,0.0026,9.794,9.7831,9.7973,0.0038,60,0.0005
2016-01-18T17:30:00.000 ,23,30.9431,30.9287,30.9712,0.0093,60,0.0012,1024.1427,1024.1318,1024.1641,0.0071,60,0.0009,1.0141,0.8775,1.0834,0.0518,60,0.0067,44.2237,38.267,47.2462,2.2598,60,0.2917,9.7876,9.7863,9.7891,0.0005,60,0.0001,30.7942,30.7799,30.8222,0.0092,60,0.0012,96.692,96.58,96.787,0.0604,60,0.0078,97.0566,96.9446,97.1516,0.0604,60,0.0078,23.7024,23.6915,23.7244,0.0072,60,0.0009,23.7041,23.6931,23.7261,0.0072,60,0.0009,9.798,9.7967,9.7995,0.0005,60,0.0001
2016-01-18T18:30:00.000 ,23,31.0148,30.9542,31.0704,0.0449,60,0.0058,1024.2003,1024.1518,1024.2447,0.0359,60,0.0046,0.7494,0.5635,0.9694,0.1568,60,0.0202,32.6777,24.5703,42.2733,6.8368,60,0.8826,9.7806,9.773,9.7918,0.0059,60,0.0008,30.8656,30.8053,30.9209,0.0447,60,0.0058,96.8665,96.789,96.918,0.0404,60,0.0052,97.2311,97.1536,97.2826,0.0404,60,0.0052,23.7592,23.7111,23.8036,0.0358,60,0.0046,23.7609,23.7128,23.8053,0.0358,60,0.0046,9.7911,9.7834,9.8022,0.0059,60,0.0008
2016-01-18T19:30:00.000 ,23,31.0226,30.9072,31.0694,0.0398,60,0.0051,1024.2072,1024.1197,1024.244,0.031,60,0.004,0.7322,0.582,1.124,0.1307,60,0.0169,31.9285,25.3758,49.015,5.6983,60,0.7357,9.7762,9.762,9.7833,0.0036,60,0.0005,30.8734,30.7585,30.9199,0.0396,60,0.0051,96.9008,96.841,96.926,0.0254,60,0.0033,97.2654,97.2056,97.2906,0.0254,60,0.0033,23.766,23.6787,23.8028,0.031,60,0.004,23.7677,23.6803,23.8045,0.031,60,0.004,9.7867,9.7724,9.7937,0.0036,60,0.0005
2016-01-18T20:30:00.000 ,23,30.9624,30.9133,31.07,0.029,60,0.0037,1024.159,1024.1225,1024.2436,0.0224,60,0.0029,0.9672,0.6203,1.1562,0.1067,60,0.0138,42.175,27.0465,50.419,4.6517,60,0.6005,9.7801,9.7732,9.7857,0.0024,60,0.0003,30.8135,30.7646,30.9205,0.0289,60,0.0037,96.7172,96.572,96.838,0.0797,60,0.0103,97.0818,96.9366,97.2026,0.0797,60,0.0103,23.7186,23.6816,23.8029,0.0225,60,0.0029,23.7203,23.6833,23.8046,0.0225,60,0.0029,9.7906,9.7836,9.7961,0.0024,60,0.0003
2016-01-18T21:30:00.000 ,23,30.9475,30.9147,30.9912,0.0246,60,0.0032,1024.1453,1024.1213,1024.1777,0.0187,60,0.0024,1.025,0.858,1.1637,0.0938,60,0.0121,44.6995,37.4134,50.7465,4.0908,60,0.5281,9.7834,9.7753,9.7921,0.0028,60,0.0004,30.7986,30.766,30.8421,0.0245,60,0.0032,96.3602,96.113,96.567,0.1353,60,0.0175,96.7248,96.4776,96.9316,0.1353,60,0.0175,23.7065,23.6824,23.7401,0.0192,60,0.0025,23.7082,23.684,23.7418,0.0192,60,0.0025,9.7938,9.7857,9.8025,0.0028,60,0.0004
2016-01-18T22:30:00.000 ,23,31.0222,30.993,31.0448,0.019,60,0.0025,1024.2006,1024.1786,1024.2177,0.0144,60,0.0019,0.7434,0.6641,0.8526,0.0692,60,0.0089,32.4157,28.9576,37.1795,3.0183,60,0.3897,9.7853,9.7806,9.7886,0.0021,60,0.0003,30.8729,30.8439,30.8955,0.0189,60,0.0024,95.8504,95.583,96.106,0.1556,60,0.0201,96.215,95.9476,96.4706,0.1556,60,0.0201,23.7642,23.7412,23.7826,0.015,60,0.0019,23.7659,23.7429,23.7842,0.015,60,0.0019,9.7956,9.7909,9.799,0.0021,60,0.0003
2016-01-18T23:30:00.000 ,23,30.968,30.9191,31.0441,0.0556,60,0.0072,1024.1569,1024.1192,1024.2165,0.0433,60,0.0056,0.9544,0.6611,1.1538,0.22,60,0.0284,41.6184,28.8262,50.3141,9.5955,60,1.2388,9.7807,9.7749,9.7875,0.0036,60,0.0005,30.8191,30.7704,30.8948,0.0554,60,0.0071,95.3014,95.044,95.575,0.1573,60,0.0203,95.6661,95.4086,95.9396,0.1573,60,0.0203,23.7229,23.6859,23.7817,0.0427,60,0.0055,23.7246,23.6875,23.7833,0.0427,60,0.0055,9.791,9.7851,9.7978,0.0037,60,0.0005
2016-01-19T00:30:00.000 ,23,30.9577,30.9241,31.0001,0.0314,60,0.0041,1024.1465,1024.1216,1024.1776,0.0235,60,0.003,0.8499,0.296,1.1341,0.3108,60,0.0401,37.0628,12.9083,49.4583,13.555,60,1.7499,9.7819,9.7775,9.7877,0.0026,60,0.0003,30.8088,30.7754,30.851,0.0313,60,0.004,94.8192,94.624,95.033,0.1205,60,0.0156,95.1838,94.9886,95.3976,0.1205,60,0.0156,23.7147,23.6894,23.7467,0.0241,60,0.0031,23.7164,23.691,23.7484,0.0241,60,0.0031,9.7921,9.7877,9.7979,0.0026,60,0.0003
2016-01-19T01:30:00.000 ,23,30.9334,30.8989,31.0006,0.0288,60,0.0037,1024.127,1024.103,1024.1777,0.0215,60,0.0028,0.2784,0.1426,0.3979,0.069,60,0.0089,12.1397,6.2166,17.3537,3.0107,60,0.3887,9.7762,9.7565,9.7918,0.0081,60,0.001,30.7846,30.7503,30.8515,0.0286,60,0.0037,94.4738,94.363,94.618,0.074,60,0.0096,94.8384,94.7276,94.9826,0.074,60,0.0096,23.6968,23.6732,23.747,0.0212,60,0.0027,23.6984,23.6748,23.7486,0.0212,60,0.0027,9.7864,9.7666,9.802,0.0081,60,0.001
2016-01-19T02:30:00.000 ,23,30.9786,30.9134,31.0334,0.0374,60,0.0048,1024.1604,1024.1117,1024.2034,0.0287,60,0.0037,0.0716,0.0124,0.1421,0.0406,60,0.0052,3.1204,0.5399,6.1955,1.7705,60,0.2286,9.7825,9.7716,9.7866,0.0035,60,0.0004,30.8297,30.7647,30.8842,0.0372,60,0.0048,94.3101,94.28,94.358,0.025,60,0.0032,94.6747,94.6446,94.7226,0.025,60,0.0032,23.7309,23.682,23.7741,0.0289,60,0.0037,23.7326,23.6836,23.7757,0.0289,60,0.0037,9.7926,9.7818,9.7968,0.0035,60,0.0004
2016-01-19T03:30:00.000 ,23,31.0026,30.9627,31.0393,0.0228,60,0.0029,1024.1797,1024.1491,1024.2082,0.0176,60,0.0023,0.0699,0.0165,0.1636,0.0402,60,0.0052,3.0467,0.7197,7.1343,1.7512,60,0.2261,9.7794,9.7771,9.7822,0.001,60,0.0001,30.8535,30.8138,30.89,0.0227,60,0.0029,94.3643,94.284,94.473,0.0576,60,0.0074,94.729,94.6486,94.8376,0.0576,60,0.0074,23.75,23.719,23.7788,0.0178,60,0.0023,23.7517,23.7206,23.7804,0.0178,60,0.0023,9.7896,9.7873,9.7924,0.001,60,0.0001
2016-01-19T04:30:00.000 ,23,30.9523,30.926,30.9861,0.0139,60,0.0018,1024.1417,1024.123,1024.1673,0.0103,60,0.0013,0.2563,0.0701,0.3902,0.0626,60,0.0081,11.1783,3.0586,17.0179,2.7286,60,0.3523,9.7796,9.7725,9.7826,0.003,60,0.0004,30.8035,30.7773,30.8371,0.0138,60,0.0018,94.6067,94.476,94.772,0.0882,60,0.0114,94.9713,94.8406,95.1366,0.0882,60,0.0114,23.711,23.6916,23.7371,0.0105,60,0.0014,23.7126,23.6932,23.7388,0.0105,60,0.0014,9.7898,9.7827,9.7928,0.003,60,0.0004
2016-01-19T05:30:00.000 ,23,30.9497,30.9036,31.0213,0.0275,60,0.0036,1024.1417,1024.1087,1024.1971,0.0207,60,0.0027,0.3131,0.0454,0.5369,0.1208,60,0.0156,13.6545,1.9788,23.4121,5.268,60,0.6801,9.7774,9.7605,9.7825,0.0051,60,0.0007,30.8008,30.755,30.8721,0.0274,60,0.0035,94.9615,94.775,95.136,0.1064,60,0.0137,95.3262,95.1396,95.5006,0.1064,60,0.0137,23.7093,23.6758,23.7645,0.0208,60,0.0027,23.7109,23.6775,23.7661,0.0208,60,0.0027,9.7876,9.7707,9.7927,0.0051,60,0.0007
2016-01-19T06:30:00.000 ,23,30.9365,30.9069,30.9635,0.0144,60,0.0019,1024.134,1024.1131,1024.1546,0.0106,60,0.0014,0.3459,0.2387,0.4577,0.0633,60,0.0082,15.084,10.4083,19.9588,2.7611,60,0.3565,9.7721,9.7579,9.7782,0.0053,60,0.0007,30.7877,30.7582,30.8146,0.0143,60,0.0018,95.3449,95.142,95.554,0.1264,60,0.0163,95.7096,95.5066,95.9186,0.1264,60,0.0163,23.6998,23.679,23.7202,0.0104,60,0.0013,23.7015,23.6806,23.7218,0.0104,60,0.0013,9.7823,9.7681,9.7885,0.0054,60,0.0007
2016-01-19T07:30:00.000 ,23,30.9842,30.9117,31.0481,0.0381,60,0.0049,1024.1719,1024.1179,1024.2222,0.0296,60,0.0038,0.1771,0.0027,0.3692,0.1268,60,0.0164,7.7217,0.1164,16.0996,5.5286,60,0.7137,9.7774,9.7595,9.7831,0.0052,60,0.0007,30.8351,30.763,30.8987,0.0379,60,0.0049,95.7343,95.562,95.903,0.0996,60,0.0129,96.0989,95.9266,96.2676,0.0996,60,0.0129,23.736,23.6826,23.7858,0.0292,60,0.0038,23.7376,23.6842,23.7874,0.0292,60,0.0038,9.7877,9.7698,9.7934,0.0052,60,0.0007
2016-01-19T08:30:00.000 ,23,30.9897,30.9694,31.0112,0.0127,60,0.0016,1024.1773,1024.1609,1024.1935,0.0098,60,0.0013,0.1203,0.0032,0.1947,0.0482,60,0.0062,5.2478,0.1376,8.4899,2.1038,60,0.2716,9.7793,9.7769,9.7823,0.0012,60,0.0002,30.8406,30.8204,30.862,0.0126,60,0.0016,96.0515,95.91,96.177,0.0775,60,0.01,96.4162,96.2746,96.5416,0.0775,60,0.01,23.74,23.7237,23.7567,0.0099,60,0.0013,23.7416,23.7254,23.7584,0.0099,60,0.0013,9.7897,9.7873,9.7926,0.0012,60,0.0002
2016-01-19T09:30:00.000 ,23,30.9692,30.9365,30.9917,0.0166,60,0.0021,1024.1626,1024.1382,1024.1795,0.0125,60,0.0016,0.2018,0.0403,0.3827,0.0841,60,0.0109,8.8014,1.7579,16.6909,3.6692,60,0.4737,9.7784,9.7739,9.7817,0.0019,60,0.0002,30.8202,30.7877,30.8426,0.0166,60,0.0021,96.2853,96.18,96.367,0.0576,60,0.0074,96.6499,96.5446,96.7316,0.0576,60,0.0074,23.7242,23.6995,23.7414,0.0127,60,0.0016,23.7259,23.7012,23.7431,0.0127,60,0.0016,9.7888,9.7843,9.7921,0.0019,60,0.0002
2016-01-19T10:30:00.000 ,23,30.987,30.9375,31.0385,0.031,60,0.004,1024.1771,1024.1394,1024.2173,0.024,60,0.0031,0.1818,0.0153,0.3614,0.1074,60,0.0139,7.9265,0.6667,15.7596,4.6847,60,0.6048,9.7766,9.7723,9.7794,0.0015,60,0.0002,30.838,30.7887,30.8892,0.0308,60,0.004,96.378,96.364,96.387,0.0063,60,0.0008,96.7426,96.7286,96.7516,0.0063,60,0.0008,23.7383,23.7006,23.7785,0.024,60,0.0031,23.74,23.7022,23.7802,0.024,60,0.0031,9.787,9.7827,9.7898,0.0015,60,0.0002
2016-01-19T11:30:00.000 ,23,30.9486,30.925,30.9895,0.0194,60,0.0025,1024.1472,1024.1292,1024.1786,0.0147,60,0.0019,0.5886,0.3819,0.6912,0.0871,60,0.0112,25.6672,16.6544,30.1433,3.7989,60,0.4904,9.7758,9.7716,9.7825,0.0027,60,0.0003,30.7997,30.7762,30.8404,0.0193,60,0.0025,96.3197,96.26,96.365,0.0314,60,0.0041,96.6843,96.6246,96.7296,0.0314,60,0.0041,23.7086,23.6907,23.7402,0.0147,60,0.0019,23.7103,23.6923,23.7418,0.0147,60,0.0019,9.7861,9.782,9.7929,0.0027,60,0.0003
2016-01-19T12:30:00.000 ,23,30.981,30.9414,31.0005,0.0112,60,0.0014,1024.1716,1024.1419,1024.1867,0.0086,60,0.0011,0.6283,0.5758,0.7222,0.026,60,0.0034,27.3961,25.1079,31.4953,1.1345,60,0.1465,9.7769,9.7695,9.7795,0.0017,60,0.0002,30.832,30.7926,30.8514,0.0112,60,0.0014,96.1958,96.146,96.256,0.0314,60,0.0041,96.5604,96.5106,96.6206,0.0314,60,0.0041,23.7336,23.7041,23.7486,0.0086,60,0.0011,23.7352,23.7057,23.7503,0.0086,60,0.0011,9.7873,9.7798,9.7899,0.0017,60,0.0002
2016-01-19T13:30:00.000 ,23,30.9766,30.9143,31.0166,0.0362,60,0.0047,1024.1681,1024.1225,1024.1984,0.027,60,0.0035,0.6443,0.4876,0.9017,0.145,60,0.0187,28.0958,21.2626,39.3229,6.3248,60,0.8165,9.7748,9.7563,9.7836,0.007,60,0.0009,30.8276,30.7656,30.8674,0.036,60,0.0047,96.1022,96.072,96.149,0.0247,60,0.0032,96.4668,96.4366,96.5136,0.0247,60,0.0032,23.7305,23.6847,23.761,0.0271,60,0.0035,23.7322,23.6864,23.7626,0.0271,60,0.0035,9.7852,9.7666,9.794,0.007,60,0.0009
2016-01-19T14:30:00.000 ,23,31.0214,30.9724,31.0779,0.0337,60,0.0044,1024.202,1024.1643,1024.2462,0.0263,60,0.0034,0.5017,0.3304,0.6606,0.1088,60,0.0141,21.8758,14.4086,28.8056,4.7464,60,0.6128,9.7797,9.7762,9.7862,0.0022,60,0.0003,30.8722,30.8234,30.9284,0.0335,60,0.0043,96.088,96.078,96.096,0.0046,60,0.0006,96.4527,96.4426,96.4606,0.0046,60,0.0006,23.7645,23.7268,23.8088,0.0263,60,0.0034,23.7662,23.7284,23.8105,0.0263,60,0.0034,9.79,9.7866,9.7966,0.0022,60,0.0003
2016-01-19T15:30:00.000 ,23,31.1059,31.0792,31.1191,0.0096,60,0.0012,1024.2689,1024.2475,1024.2792,0.0077,60,0.001,0.2487,0.2159,0.3234,0.0265,60,0.0034,10.8439,9.4137,14.1021,1.1556,60,0.1492,9.7726,9.7699,9.7779,0.0018,60,0.0002,30.9563,30.9297,30.9694,0.0096,60,0.0012,96.1258,96.089,96.171,0.0257,60,0.0033,96.4904,96.4536,96.5356,0.0257,60,0.0033,23.8312,23.81,23.8418,0.0077,60,0.001,23.8329,23.8117,23.8434,0.0077,60,0.001,9.783,9.7803,9.7883,0.0018,60,0.0002
2016-01-19T16:30:00.000 ,23,31.0489,31.0276,31.0945,0.016,60,0.0021,1024.2241,1024.2074,1024.2593,0.0124,60,0.0016,0.3885,0.2678,0.4601,0.0475,60,0.0061,16.9405,11.6778,20.0634,2.07,60,0.2672,9.7794,9.7764,9.7839,0.0017,60,0.0002,30.8995,30.8783,30.9449,0.016,60,0.0021,96.24,96.172,96.327,0.0445,60,0.0057,96.6046,96.5366,96.6916,0.0445,60,0.0057,23.7859,23.7689,23.8215,0.0126,60,0.0016,23.7876,23.7706,23.8232,0.0126,60,0.0016,9.7898,9.7868,9.7943,0.0017,60,0.0002
2016-01-19T17:30:00.000 ,23,31.0581,31.0299,31.1119,0.0238,60,0.0031,1024.2322,1024.2101,1024.2759,0.0192,60,0.0025,0.3634,0.2094,0.4475,0.0673,60,0.0087,15.8448,9.1296,19.5132,2.9359,60,0.379,9.7784,9.7686,9.7832,0.0035,60,0.0004,30.9087,30.8806,30.9622,0.0237,60,0.0031,96.4296,96.328,96.519,0.0565,60,0.0073,96.7942,96.6926,96.8836,0.0565,60,0.0073,23.7932,23.7711,23.8365,0.019,60,0.0025,23.7949,23.7727,23.8382,0.019,60,0.0025,9.7888,9.779,9.7936,0.0035,60,0.0004
2016-01-19T18:30:00.000 ,23,31.0471,30.9865,31.1085,0.0365,60,0.0047,1024.2247,1024.1775,1024.2729,0.0284,60,0.0037,0.3938,0.2123,0.595,0.1152,60,0.0149,17.1735,9.2566,25.9464,5.0237,60,0.6486,9.7777,9.7702,9.7831,0.0031,60,0.0004,30.8977,30.8374,30.9588,0.0363,60,0.0047,96.6217,96.519,96.712,0.0593,60,0.0077,96.9863,96.8836,97.0766,0.0593,60,0.0077,23.7848,23.7373,23.8335,0.0287,60,0.0037,23.7864,23.7389,23.8352,0.0287,60,0.0037,9.7881,9.7806,9.7935,0.0031,60,0.0004
2016-01-19T19:30:00.000 ,23,30.9888,30.9569,31.0316,0.0185,60,0.0024,1024.1803,1024.1556,1024.2131,0.0142,60,0.0018,0.5981,0.4548,0.7098,0.0642,60,0.0083,26.0789,19.8337,30.9521,2.7994,60,0.3614,9.7761,9.7724,9.7787,0.0019,60,0.0002,30.8397,30.808,30.8823,0.0184,60,0.0024,96.747,96.715,96.768,0.0141,60,0.0018,97.1116,97.0796,97.1326,0.0141,60,0.0018,23.7398,23.7151,23.7726,0.0142,60,0.0018,23.7414,23.7168,23.7743,0.0142,60,0.0018,9.7865,9.7828,9.7891,0.0019,60,0.0002
2016-01-19T20:30:00.000 ,23,30.9783,30.9446,31.0029,0.0154,60,0.002,1024.1731,1024.1482,1024.1912,0.0115,60,0.0015,0.6392,0.5576,0.762,0.0563,60,0.0073,27.8722,24.3151,33.229,2.4551,60,0.317,9.7696,9.7624,9.7772,0.0032,60,0.0004,30.8293,30.7957,30.8537,0.0154,60,0.002,96.7304,96.658,96.77,0.0324,60,0.0042,97.095,97.0226,97.1346,0.0324,60,0.0042,23.7326,23.7076,23.7509,0.0117,60,0.0015,23.7343,23.7093,23.7526,0.0117,60,0.0015,9.78,9.7728,9.7876,0.0032,60,0.0004
2016-01-19T21:30:00.000 ,23,31.006,30.955,31.0282,0.0172,60,0.0022,1024.1921,1024.1528,1024.2088,0.0132,60,0.0017,0.5028,0.4271,0.6523,0.0519,60,0.0067,21.9233,18.6245,28.4437,2.2642,60,0.2923,9.779,9.7731,9.783,0.0028,60,0.0004,30.8568,30.8061,30.8789,0.0171,60,0.0022,96.5196,96.365,96.652,0.086,60,0.0111,96.8842,96.7296,97.0166,0.086,60,0.0111,23.7527,23.714,23.7693,0.013,60,0.0017,23.7543,23.7157,23.771,0.013,60,0.0017,9.7894,9.7835,9.7934,0.0028,60,0.0004
2016-01-19T22:30:00.000 ,23,30.9582,30.9202,31.0259,0.0227,60,0.0029,1024.1539,1024.1262,1024.205,0.0172,60,0.0022,0.6831,0.4533,0.8051,0.0803,60,0.0104,29.7905,19.7686,35.1104,3.5009,60,0.452,9.7757,9.7612,9.7813,0.0036,60,0.0005,30.8092,30.7715,30.8767,0.0226,60,0.0029,96.1516,95.917,96.36,0.1316,60,0.017,96.5162,96.2816,96.7246,0.1316,60,0.017,23.7161,23.6889,23.7682,0.0175,60,0.0023,23.7177,23.6906,23.7699,0.0175,60,0.0023,9.786,9.7715,9.7916,0.0036,60,0.0005
2016-01-19T23:30:00.000 ,23,30.9848,30.9419,31.0381,0.0281,60,0.0036,1024.1724,1024.1384,1024.2143,0.0221,60,0.0029,0.5706,0.3832,0.7336,0.0976,60,0.0126,24.8829,16.7086,31.9895,4.2565,60,0.5495,9.7747,9.7637,9.779,0.0035,60,0.0005,30.8358,30.7931,30.8888,0.028,60,0.0036,95.6446,95.38,95.907,0.1561,60,0.0201,96.0092,95.7446,96.2716,0.1561,60,0.0201,23.7369,23.7041,23.7779,0.0215,60,0.0028,23.7386,23.7057,23.7796,0.0215,60,0.0028,9.785,9.774,9.7893,0.0035,60,0.0005
2016-01-20T00:30:00.000 ,23,30.9509,30.9322,30.9829,0.0131,60,0.0017,1024.1453,1024.1307,1024.1699,0.0102,60,0.0013,0.6632,0.5513,0.7283,0.054,60,0.007,28.9219,24.0423,31.7592,2.3533,60,0.3038,9.7645,9.7568,9.7707,0.0042,60,0.0005,30.802,30.7834,30.8339,0.013,60,0.0017,95.0934,94.816,95.369,0.1633,60,0.0211,95.458,95.1806,95.7336,0.1633,60,0.0211,23.7122,23.6988,23.7361,0.0097,60,0.0013,23.7139,23.7005,23.7377,0.0097,60,0.0013,9.7747,9.767,9.781,0.0042,60,0.0005
2016-01-20T01:30:00.000 ,23,30.9448,30.8851,31.0072,0.0332,60,0.0043,1024.1387,1024.0972,1024.1844,0.0236,60,0.003,0.6931,0.4995,0.8923,0.1163,60,0.015,30.223,21.7827,38.911,5.0711,60,0.6547,9.7615,9.7321,9.7774,0.0125,60,0.0016,30.796,30.7366,30.8581,0.0331,60,0.0043,94.5696,94.357,94.81,0.1332,60,0.0172,94.9342,94.7216,95.1746,0.1332,60,0.0172,23.708,23.6664,23.7545,0.0239,60,0.0031,23.7096,23.668,23.7562,0.0239,60,0.0031,9.7717,9.7422,9.7876,0.0125,60,0.0016
2016-01-20T02:30:00.000 ,23,31.034,30.9893,31.0536,0.02,60,0.0026,1024.2038,1024.17,1024.2188,0.0151,60,0.002,0.3587,0.2792,0.5354,0.0791,60,0.0102,15.6409,12.1759,23.3482,3.4493,60,0.4453,9.7765,9.773,9.7798,0.0014,60,0.0002,30.8847,30.8403,30.9043,0.0199,60,0.0026,94.2196,94.127,94.353,0.067,60,0.0087,94.5843,94.4916,94.7176,0.067,60,0.0087,23.7748,23.7404,23.79,0.0154,60,0.002,23.7765,23.742,23.7916,0.0154,60,0.002,9.7867,9.7832,9.79,0.0014,60,0.0002
2016-01-20T03:30:00.000 ,23,31.0316,31.003,31.0583,0.0178,60,0.0023,1024.2008,1024.1781,1024.2217,0.014,60,0.0018,0.3467,0.2666,0.4428,0.0583,60,0.0075,15.1201,11.6247,19.3099,2.5423,60,0.3282,9.7802,9.7771,9.7897,0.0023,60,0.0003,30.8824,30.8539,30.9089,0.0178,60,0.0023,94.0764,94.053,94.123,0.0209,60,0.0027,94.441,94.4176,94.4876,0.0209,60,0.0027,23.7725,23.7499,23.7933,0.0139,60,0.0018,23.7741,23.7515,23.795,0.0139,60,0.0018,9.7903,9.7872,9.7999,0.0023,60,0.0003
2016-01-20T04:30:00.000 ,23,31.0233,31.0061,31.0334,0.0094,60,0.0012,1024.1946,1024.181,1024.2028,0.0074,60,0.001,0.3627,0.3241,0.431,0.0378,60,0.0049,15.8175,14.1339,18.7925,1.6472,60,0.2127,9.7806,9.7774,9.7872,0.0025,60,0.0003,30.8742,30.857,30.8842,0.0093,60,0.0012,94.1539,94.069,94.268,0.0616,60,0.0079,94.5186,94.4336,94.6326,0.0616,60,0.0079,23.766,23.7527,23.7741,0.0072,60,0.0009,23.7676,23.7543,23.7758,0.0072,60,0.0009,9.7908,9.7875,9.7974,0.0025,60,0.0003
2016-01-20T05:30:00.000 ,23,31.0252,31.0188,31.0325,0.0041,60,0.0005,1024.198,1024.193,1024.2047,0.003,60,0.0004,0.3336,0.3033,0.3492,0.0133,60,0.0017,14.546,13.226,15.2271,0.5788,60,0.0747,9.7763,9.7743,9.7799,0.0011,60,0.0001,30.876,30.8696,30.8833,0.0041,60,0.0005,94.4295,94.275,94.616,0.1006,60,0.013,94.7941,94.6396,94.9806,0.1006,60,0.013,23.7681,23.7632,23.774,0.0032,60,0.0004,23.7697,23.7648,23.7757,0.0032,60,0.0004,9.7865,9.7845,9.7901,0.0011,60,0.0001
2016-01-20T06:30:00.000 ,23,31.0115,30.9851,31.0355,0.0139,60,0.0018,1024.1894,1024.1699,1024.2072,0.0102,60,0.0013,0.3816,0.3096,0.4906,0.0557,60,0.0072,16.6417,13.5013,21.3935,2.4312,60,0.3139,9.7752,9.7729,9.7774,0.0011,60,0.0001,30.8624,30.8361,30.8862,0.0138,60,0.0018,94.8367,94.624,95.044,0.1208,60,0.0156,95.2014,94.9886,95.4086,0.1208,60,0.0156,23.7576,23.7375,23.7763,0.0107,60,0.0014,23.7592,23.7391,23.7779,0.0107,60,0.0014,9.7855,9.7831,9.7876,0.0011,60,0.0001
2016-01-20T07:30:00.000 ,23,30.9811,30.9677,31.0117,0.011,60,0.0014,1024.1681,1024.1581,1024.1907,0.008,60,0.001,0.5017,0.3815,0.5541,0.0432,60,0.0056,21.8779,16.6369,24.1607,1.8818,60,0.2429,9.7739,9.7703,9.7834,0.0024,60,0.0003,30.8321,30.8187,30.8625,0.0109,60,0.0014,95.3026,95.054,95.548,0.151,60,0.0195,95.6672,95.4186,95.9126,0.151,60,0.0195,23.7342,23.7242,23.7577,0.0084,60,0.0011,23.7358,23.7258,23.7594,0.0084,60,0.0011,9.7842,9.7806,9.7937,0.0024,60,0.0003
2016-01-20T08:30:00.000 ,23,30.9824,30.9597,31.0123,0.0114,60,0.0015,1024.1712,1024.1547,1024.194,0.0083,60,0.0011,0.4991,0.3894,0.5808,0.0417,60,0.0054,21.7649,16.9791,25.3293,1.8176,60,0.2346,9.7745,9.7681,9.7797,0.0033,60,0.0004,30.8333,30.8108,30.8631,0.0113,60,0.0015,95.7782,95.562,95.981,0.1269,60,0.0164,96.1428,95.9266,96.3456,0.1269,60,0.0164,23.7351,23.7185,23.7577,0.0084,60,0.0011,23.7367,23.7201,23.7593,0.0084,60,0.0011,9.7848,9.7784,9.79,0.0033,60,0.0004
2016-01-20T09:30:00.000 ,23,30.971,30.9451,30.9948,0.0117,60,0.0015,1024.1648,1024.1462,1024.1816,0.0083,60,0.0011,0.51,0.439,0.6094,0.0422,60,0.0054,22.2405,19.1418,26.575,1.8399,60,0.2375,9.77,9.7634,9.7768,0.0034,60,0.0004,30.8221,30.7962,30.8457,0.0117,60,0.0015,96.1513,95.986,96.301,0.0917,60,0.0118,96.5159,96.3506,96.6656,0.0917,60,0.0118,23.727,23.7078,23.7444,0.0086,60,0.0011,23.7286,23.7095,23.746,0.0086,60,0.0011,9.7804,9.7738,9.7871,0.0034,60,0.0004
2016-01-20T10:30:00.000 ,23,30.9919,30.9606,31.016,0.016,60,0.0021,1024.1818,1024.1589,1024.1997,0.0117,60,0.0015,0.4198,0.3335,0.5448,0.0617,60,0.008,18.3077,14.5436,23.7553,2.6896,60,0.3472,9.7726,9.7666,9.777,0.0029,60,0.0004,30.8428,30.8117,30.8668,0.0159,60,0.0021,96.4287,96.303,96.536,0.0674,60,0.0087,96.7933,96.6676,96.9006,0.0674,60,0.0087,23.7427,23.7194,23.7609,0.012,60,0.0015,23.7444,23.7211,23.7626,0.012,60,0.0015,9.783,9.777,9.7874,0.0029,60,0.0004
2016-01-20T11:30:00.000 ,23,31.0552,30.9742,31.0892,0.0345,60,0.0044,1024.2308,1024.1691,1024.2572,0.0265,60,0.0034,0.2412,0.1562,0.5092,0.096,60,0.0124,10.5187,6.8127,22.2056,4.1873,60,0.5406,9.7769,9.7694,9.78,0.0019,60,0.0002,30.9058,30.8252,30.9396,0.0343,60,0.0044,96.5644,96.532,96.579,0.0114,60,0.0015,96.9291,96.8966,96.9436,0.0114,60,0.0015,23.7912,23.7295,23.8176,0.0265,60,0.0034,23.7928,23.7312,23.8192,0.0265,60,0.0034,9.7873,9.7798,9.7904,0.0019,60,0.0002
2016-01-20T12:30:00.000 ,23,31.0115,30.9482,31.0754,0.0395,60,0.0051,1024.1969,1024.1496,1024.2459,0.0297,60,0.0038,0.3778,0.1817,0.6121,0.1311,60,0.0169,16.4763,7.9239,26.6929,5.7163,60,0.738,9.7755,9.762,9.7861,0.0072,60,0.0009,30.8623,30.7993,30.9259,0.0393,60,0.0051,96.518,96.465,96.548,0.0243,60,0.0031,96.8826,96.8296,96.9126,0.0243,60,0.0031,23.7575,23.7103,23.8064,0.0296,60,0.0038,23.7591,23.7119,23.8081,0.0296,60,0.0038,9.7859,9.7724,9.7965,0.0072,60,0.0009
2016-01-20T13:30:00.000 ,23,31.0046,30.9557,31.0343,0.0234,60,0.003,1024.1911,1024.155,1024.2135,0.0174,60,0.0022,0.3795,0.2551,0.5934,0.1045,60,0.0135,16.5474,11.1226,25.8756,4.5561,60,0.5882,9.775,9.7641,9.7804,0.0038,60,0.0005,30.8554,30.8068,30.885,0.0232,60,0.003,96.392,96.34,96.459,0.0328,60,0.0042,96.7566,96.7046,96.8236,0.0328,60,0.0042,23.7522,23.7158,23.7748,0.0176,60,0.0023,23.7538,23.7175,23.7764,0.0176,60,0.0023,9.7854,9.7745,9.7908,0.0039,60,0.0005
2016-01-20T14:30:00.000 ,23,31.0453,31.0122,31.0813,0.0234,60,0.003,1024.2217,1024.1963,1024.2496,0.0181,60,0.0023,0.2477,0.1417,0.3529,0.0722,60,0.0093,10.8013,6.1783,15.3894,3.1477,60,0.4064,9.7777,9.7759,9.7791,0.0006,60,0.0001,30.8959,30.863,30.9318,0.0233,60,0.003,96.2857,96.23,96.341,0.0351,60,0.0045,96.6503,96.5946,96.7056,0.0351,60,0.0045,23.7834,23.7577,23.8115,0.0182,60,0.0024,23.785,23.7594,23.8132,0.0182,60,0.0024,9.7881,9.7863,9.7895,0.0006,60,0.0001
2016-01-20T15:30:00.000 ,23,31.011,30.9659,31.0811,0.0328,60,0.0042,1024.195,1024.1612,1024.2493,0.0251,60,0.0032,0.3581,0.1376,0.524,0.1127,60,0.0146,15.6135,5.9984,22.8521,4.9168,60,0.6348,9.7767,9.7689,9.7829,0.0038,60,0.0005,30.8619,30.8169,30.9316,0.0326,60,0.0042,96.2204,96.214,96.23,0.0039,60,0.0005,96.585,96.5786,96.5946,0.0039,60,0.0005,23.7569,23.7231,23.8113,0.0251,60,0.0032,23.7586,23.7248,23.8129,0.0251,60,0.0032,9.787,9.7793,9.7933,0.0038,60,0.0005
2016-01-20T16:30:00.000 ,23,31.0926,31.0366,31.113,0.0159,60,0.0021,1024.2592,1024.2144,1024.2758,0.0128,60,0.0016,0.0991,0.041,0.28,0.0501,60,0.0065,4.3222,1.7879,12.2114,2.186,60,0.2822,9.7708,9.7649,9.7793,0.0034,60,0.0004,30.943,30.8873,30.9633,0.0158,60,0.002,96.2081,96.194,96.232,0.0094,60,0.0012,96.5727,96.5586,96.5966,0.0094,60,0.0012,23.8212,23.7764,23.8378,0.0128,60,0.0017,23.8229,23.778,23.8395,0.0128,60,0.0017,9.7811,9.7753,9.7897,0.0034,60,0.0004
2016-01-20T17:30:00.000 ,23,31.0706,31.0416,31.1125,0.0211,60,0.0027,1024.242,1024.219,1024.2755,0.0169,60,0.0022,0.1448,0.0342,0.207,0.0523,60,0.0068,6.3122,1.4917,9.026,2.28,60,0.2943,9.7736,9.7659,9.779,0.0038,60,0.0005,30.9211,30.8923,30.9628,0.021,60,0.0027,96.2909,96.233,96.354,0.0337,60,0.0044,96.6556,96.5976,96.7186,0.0337,60,0.0044,23.8036,23.7805,23.8374,0.017,60,0.0022,23.8053,23.7822,23.8391,0.017,60,0.0022,9.784,9.7763,9.7894,0.0038,60,0.0005
2016-01-20T18:30:00.000 ,23,31.0477,31.0309,31.0636,0.0081,60,0.001,1024.2244,1024.2112,1024.2373,0.0065,60,0.0008,0.1804,0.1349,0.2315,0.0257,60,0.0033,7.8674,5.8832,10.0953,1.1195,60,0.1445,9.7771,9.7741,9.7793,0.0011,60,0.0001,30.8983,30.8816,30.9142,0.0081,60,0.001,96.4368,96.357,96.519,0.0478,60,0.0062,96.8015,96.7216,96.8836,0.0478,60,0.0062,23.7853,23.7721,23.7979,0.0065,60,0.0008,23.787,23.7738,23.7996,0.0065,60,0.0008,9.7875,9.7845,9.7897,0.0011,60,0.0001
2016-01-20T19:30:00.000 ,23,31.0712,31.0581,31.0791,0.0042,60,0.0005,1024.2439,1024.2331,1024.2504,0.0034,60,0.0004,0.1276,0.0939,0.1808,0.0288,60,0.0037,5.5653,4.0948,7.8828,1.2556,60,0.1621,9.7733,9.7712,9.7756,0.0007,60,0.0001,30.9218,30.9087,30.9296,0.0042,60,0.0005,96.5771,96.522,96.618,0.0268,60,0.0035,96.9418,96.8866,96.9826,0.0268,60,0.0035,23.8042,23.7937,23.8107,0.0033,60,0.0004,23.8059,23.7953,23.8123,0.0033,60,0.0004,9.7837,9.7816,9.786,0.0007,60,0.0001
2016-01-20T20:30:00.000 ,23,31.0514,31.0334,31.0714,0.0135,60,0.0017,1024.2285,1024.2143,1024.2443,0.0107,60,0.0014,0.2333,0.1728,0.299,0.042,60,0.0054,10.173,7.5338,13.0382,1.8323,60,0.2366,9.7758,9.7729,9.7778,0.0017,60,0.0002,30.902,30.8841,30.9219,0.0135,60,0.0017,96.6592,96.618,96.678,0.0178,60,0.0023,97.0239,96.9826,97.0426,0.0178,60,0.0023,23.7884,23.7741,23.8043,0.0108,60,0.0014,23.7901,23.7758,23.806,0.0108,60,0.0014,9.7862,9.7833,9.7882,0.0017,60,0.0002
2016-01-20T21:30:00.000 ,23,31.0286,31.0123,31.0541,0.0099,60,0.0013,1024.2104,1024.1977,1024.2305,0.0078,60,0.001,0.3208,0.2461,0.3867,0.0372,60,0.0048,13.9881,10.73,16.8614,1.6222,60,0.2094,9.7768,9.7758,9.7779,0.0005,60,0.0001,30.8793,30.8631,30.9047,0.0099,60,0.0013,96.6218,96.551,96.666,0.0336,60,0.0043,96.9864,96.9156,97.0306,0.0336,60,0.0043,23.7705,23.758,23.7904,0.0077,60,0.001,23.7722,23.7597,23.7921,0.0077,60,0.001,9.7872,9.7862,9.7883,0.0005,60,0.0001
2016-01-20T22:30:00.000 ,23,30.9865,30.9284,31.0143,0.0222,60,0.0029,1024.1774,1024.1344,1024.199,0.0165,60,0.0021,0.4985,0.383,0.7226,0.0873,60,0.0113,21.7362,16.7024,31.5119,3.8089,60,0.4917,9.7725,9.7542,9.7806,0.0066,60,0.0009,30.8374,30.7796,30.8651,0.0221,60,0.0029,96.3741,96.176,96.542,0.1092,60,0.0141,96.7387,96.5406,96.9066,0.1092,60,0.0141,23.7386,23.6964,23.7595,0.0163,60,0.0021,23.7402,23.698,23.7612,0.0163,60,0.0021,9.7829,9.7645,9.791,0.0067,60,0.0009
2016-01-20T23:30:00.000 ,23,30.9479,30.9029,30.9898,0.0255,60,0.0033,1024.1472,1024.1156,1024.1761,0.0177,60,0.0023,0.6578,0.4814,0.8332,0.1043,60,0.0135,28.6866,20.9904,36.3363,4.5492,60,0.5873,9.7622,9.7444,9.7799,0.0103,60,0.0013,30.7991,30.7542,30.8407,0.0253,60,0.0033,95.939,95.676,96.172,0.1451,60,0.0187,96.3037,96.0406,96.5366,0.1451,60,0.0187,23.7103,23.6781,23.7401,0.0181,60,0.0023,23.7119,23.6798,23.7418,0.0181,60,0.0023,9.7725,9.7547,9.7902,0.0103,60,0.0013
2016-01-21T00:30:00.000 ,23,30.9932,30.9719,31.0156,0.0131,60,0.0017,1024.1769,1024.1617,1024.1923,0.0092,60,0.0012,0.4687,0.3904,0.5367,0.0454,60,0.0059,20.438,17.0244,23.4054,1.9804,60,0.2557,9.78,9.7714,9.788,0.0038,60,0.0005,30.8441,30.8229,30.8664,0.0131,60,0.0017,95.389,95.126,95.669,0.159,60,0.0205,95.7536,95.4906,96.0336,0.159,60,0.0205,23.7426,23.7267,23.7592,0.0097,60,0.0013,23.7442,23.7283,23.7608,0.0097,60,0.0013,9.7902,9.7817,9.7983,0.0038,60,0.0005
2016-01-21T01:30:00.000 ,23,31.0187,30.9819,31.0355,0.0112,60,0.0014,1024.1936,1024.1647,1024.2068,0.0091,60,0.0012,0.3782,0.3297,0.4919,0.0353,60,0.0046,16.4916,14.3772,21.4493,1.5382,60,0.1986,9.7836,9.7798,9.7868,0.0019,60,0.0002,30.8695,30.8329,30.8862,0.0112,60,0.0014,94.8284,94.544,95.115,0.1732,60,0.0224,95.1931,94.9086,95.4796,0.1732,60,0.0224,23.7618,23.7339,23.7748,0.0086,60,0.0011,23.7635,23.7355,23.7764,0.0086,60,0.0011,9.7938,9.79,9.797,0.0019,60,0.0002
2016-01-21T02:30:00.000 ,23,30.9805,30.9294,31.0175,0.0192,60,0.0025,1024.1636,1024.1249,1024.1918,0.0149,60,0.0019,0.5022,0.3759,0.726,0.0755,60,0.0098,21.9003,16.3911,31.6585,3.2948,60,0.4254,9.7713,9.7603,9.7819,0.0039,60,0.0005,30.8315,30.7807,30.8683,0.0191,60,0.0025,94.3157,94.112,94.536,0.1257,60,0.0162,94.6803,94.4766,94.9006,0.1257,60,0.0162,23.7342,23.6963,23.7615,0.0144,60,0.0019,23.7358,23.6979,23.7631,0.0144,60,0.0019,9.7815,9.7704,9.7921,0.0039,60,0.0005
2016-01-21T03:30:00.000 ,23,30.958,30.9043,31.0036,0.0311,60,0.004,1024.146,1024.1079,1024.1794,0.0225,60,0.0029,0.6249,0.4373,0.8529,0.1374,60,0.0177,27.2513,19.0705,37.1932,5.9909,60,0.7734,9.7633,9.7439,9.7722,0.0083,60,0.0011,30.8092,30.7557,30.8545,0.031,60,0.004,93.986,93.871,94.112,0.0696,60,0.009,94.3506,94.2356,94.4766,0.0696,60,0.009,23.718,23.6794,23.752,0.0229,60,0.003,23.7196,23.681,23.7536,0.0229,60,0.003,9.7734,9.754,9.7823,0.0083,60,0.0011
2016-01-21T04:30:00.000 ,23,30.9844,30.9657,31.0034,0.0094,60,0.0012,1024.164,1024.1496,1024.1792,0.0073,60,0.0009,0.5172,0.4322,0.5871,0.041,60,0.0053,22.5536,18.8482,25.6041,1.7864,60,0.2306,9.7749,9.7721,9.7776,0.0011,60,0.0001,30.8354,30.8168,30.8543,0.0094,60,0.0012,93.859,93.837,93.906,0.0193,60,0.0025,94.2236,94.2016,94.2706,0.0193,60,0.0025,23.7367,23.7223,23.7518,0.0074,60,0.0009,23.7383,23.7239,23.7534,0.0074,60,0.0009,9.785,9.7822,9.7877,0.0011,60,0.0001
2016-01-21T05:30:00.000 ,23,31.0286,30.9737,31.0482,0.0221,60,0.0028,1024.199,1024.1562,1024.214,0.0173,60,0.0022,0.3582,0.2911,0.5602,0.0832,60,0.0107,15.6192,12.6943,24.4299,3.6283,60,0.4684,9.7752,9.7737,9.7797,0.0012,60,0.0002,30.8794,30.8248,30.8989,0.022,60,0.0028,94.0213,93.908,94.173,0.0786,60,0.0101,94.3859,94.2726,94.5376,0.0786,60,0.0101,23.7709,23.7285,23.7857,0.017,60,0.0022,23.7725,23.7302,23.7873,0.0171,60,0.0022,9.7854,9.7838,9.7898,0.0012,60,0.0002
2016-01-21T06:30:00.000 ,23,31.0273,31.0009,31.0494,0.0118,60,0.0015,1024.2,1024.1808,1024.2163,0.0089,60,0.0011,0.3642,0.2878,0.442,0.0392,60,0.0051,15.8814,12.5476,19.2742,1.7096,60,0.2207,9.7731,9.7704,9.7754,0.0013,60,0.0002,30.8781,30.8518,30.9001,0.0118,60,0.0015,94.3871,94.181,94.609,0.1261,60,0.0163,94.7518,94.5456,94.9736,0.1261,60,0.0163,23.7702,23.7501,23.7874,0.0092,60,0.0012,23.7718,23.7517,23.789,0.0092,60,0.0012,9.7833,9.7806,9.7856,0.0013,60,0.0002
2016-01-21T07:30:00.000 ,23,30.976,30.9406,31.0012,0.0171,60,0.0022,1024.163,1024.1383,1024.1813,0.0122,60,0.0016,0.5542,0.4675,0.7294,0.065,60,0.0084,24.1691,20.3856,31.8083,2.836,60,0.3661,9.7692,9.7601,9.774,0.0028,60,0.0004,30.827,30.7918,30.8521,0.017,60,0.0022,94.8739,94.618,95.151,0.1586,60,0.0205,95.2386,94.9826,95.5156,0.1586,60,0.0205,23.731,23.705,23.7503,0.0129,60,0.0017,23.7326,23.7066,23.7519,0.0129,60,0.0017,9.7794,9.7703,9.7842,0.0028,60,0.0004
2016-01-21T08:30:00.000 ,23,30.9234,30.8756,30.9526,0.0186,60,0.0024,1024.1277,1024.0942,1024.1486,0.0129,60,0.0017,0.7771,0.6538,0.9368,0.0808,60,0.0104,33.8866,28.5127,40.8518,3.5227,60,0.4548,9.7505,9.733,9.7628,0.0087,60,0.0011,30.7747,30.7271,30.8037,0.0185,60,0.0024,95.4327,95.163,95.71,0.161,60,0.0208,95.7973,95.5276,96.0746,0.161,60,0.0208,23.6931,23.6586,23.7139,0.0131,60,0.0017,23.6948,23.6602,23.7155,0.0131,60,0.0017,9.7608,9.7433,9.7731,0.0087,60,0.0011
2016-01-21T09:30:00.000 ,23,30.9724,30.9347,30.9972,0.0173,60,0.0022,1024.1656,1024.1372,1024.1843,0.0129,60,0.0017,0.6098,0.5142,0.7772,0.0676,60,0.0087,26.5904,22.4224,33.8926,2.9469,60,0.3804,9.7657,9.7541,9.772,0.0037,60,0.0005,30.8234,30.7859,30.8481,0.0172,60,0.0022,95.9588,95.718,96.178,0.1325,60,0.0171,96.3234,96.0826,96.5426,0.1325,60,0.0171,23.7287,23.7013,23.7473,0.0129,60,0.0017,23.7303,23.7029,23.749,0.0129,60,0.0017,9.7761,9.7644,9.7823,0.0037,60,0.0005
2016-01-21T10:30:00.000 ,23,30.9664,30.9436,30.9947,0.0135,60,0.0017,1024.1633,1024.1459,1024.1851,0.0102,60,0.0013,0.6497,0.5636,0.739,0.046,60,0.0059,28.3309,24.5764,32.2242,2.0081,60,0.2592,9.7631,9.7574,9.7707,0.0036,60,0.0005,30.8174,30.7947,30.8456,0.0134,60,0.0017,96.3801,96.184,96.539,0.1072,60,0.0138,96.7447,96.5486,96.9036,0.1072,60,0.0138,23.7245,23.7068,23.7463,0.0104,60,0.0013,23.7261,23.7084,23.7479,0.0104,60,0.0013,9.7735,9.7678,9.7811,0.0036,60,0.0005
2016-01-21T11:30:00.000 ,23,30.9126,30.8609,30.9677,0.0338,60,0.0044,1024.1253,1024.0892,1024.1641,0.0237,60,0.0031,0.8753,0.6504,1.088,0.1417,60,0.0183,38.172,28.3605,47.4458,6.1824,60,0.7981,9.7483,9.7253,9.7692,0.0141,60,0.0018,30.7639,30.7124,30.8187,0.0336,60,0.0043,96.6683,96.542,96.789,0.077,60,0.0099,97.0329,96.9066,97.1536,0.077,60,0.0099,23.6851,23.6485,23.7245,0.024,60,0.0031,23.6867,23.6502,23.7261,0.024,60,0.0031,9.7587,9.7357,9.7796,0.0141,60,0.0018
2016-01-21T12:30:00.000 ,23,30.9697,30.9019,31.0321,0.0376,60,0.0049,1024.1679,1024.1185,1024.215,0.0279,60,0.0036,0.6599,0.4132,0.9362,0.1463,60,0.0189,28.7754,18.0159,40.8263,6.3823,60,0.8239,9.7624,9.7404,9.7724,0.0084,60,0.0011,30.8207,30.7532,30.8828,0.0375,60,0.0048,96.8013,96.786,96.812,0.0071,60,0.0009,97.1659,97.1506,97.1766,0.0071,60,0.0009,23.7271,23.6777,23.7743,0.028,60,0.0036,23.7288,23.6794,23.776,0.028,60,0.0036,9.7728,9.7508,9.7828,0.0084,60,0.0011
2016-01-21T13:30:00.000 ,23,30.9641,30.9172,31.0358,0.028,60,0.0036,1024.1641,1024.129,1024.2177,0.0209,60,0.0027,0.6734,0.409,0.8224,0.107,60,0.0138,29.3649,17.8352,35.863,4.6656,60,0.6023,9.7572,9.7478,9.7708,0.006,60,0.0008,30.8151,30.7685,30.8865,0.0278,60,0.0036,96.7321,96.683,96.787,0.0296,60,0.0038,97.0967,97.0476,97.1516,0.0296,60,0.0038,23.7236,23.6885,23.7771,0.0208,60,0.0027,23.7252,23.6901,23.7788,0.0208,60,0.0027,9.7676,9.7582,9.7812,0.006,60,0.0008
2016-01-21T14:30:00.000 ,23,30.96,30.9313,31.0254,0.0232,60,0.003,1024.1597,1024.1397,1024.2089,0.0169,60,0.0022,0.6951,0.4763,0.808,0.0885,60,0.0114,30.3116,20.769,35.2362,3.8611,60,0.4985,9.7608,9.7492,9.7715,0.0066,60,0.0009,30.8111,30.7825,30.8761,0.0231,60,0.003,96.6047,96.523,96.683,0.0485,60,0.0063,96.9693,96.8876,97.0476,0.0485,60,0.0063,23.7198,23.6994,23.7694,0.0171,60,0.0022,23.7215,23.701,23.7711,0.0171,60,0.0022,9.7712,9.7596,9.7819,0.0066,60,0.0009
2016-01-21T15:30:00.000 ,23,31.054,31.0011,31.1196,0.035,60,0.0045,1024.2312,1024.1896,1024.2845,0.0278,60,0.0036,0.3575,0.1966,0.497,0.0952,60,0.0123,15.588,8.5714,21.6724,4.1504,60,0.5358,9.7659,9.7525,9.7695,0.004,60,0.0005,30.9046,30.852,30.9699,0.0348,60,0.0045,96.4746,96.408,96.528,0.0332,60,0.0043,96.8393,96.7726,96.8926,0.0332,60,0.0043,23.792,23.7507,23.8451,0.0277,60,0.0036,23.7936,23.7523,23.8468,0.0277,60,0.0036,9.7763,9.7629,9.7799,0.004,60,0.0005
2016-01-21T16:30:00.000 ,23,30.9649,30.9162,31.0128,0.0237,60,0.0031,1024.1625,1024.127,1024.1987,0.0176,60,0.0023,0.6595,0.4894,0.853,0.1006,60,0.013,28.7607,21.3427,37.1975,4.3868,60,0.5663,9.7607,9.7463,9.7686,0.0059,60,0.0008,30.816,30.7675,30.8636,0.0236,60,0.003,96.3673,96.344,96.413,0.0197,60,0.0025,96.732,96.7086,96.7776,0.0197,60,0.0025,23.7237,23.6882,23.7598,0.0175,60,0.0023,23.7254,23.6898,23.7615,0.0175,60,0.0023,9.771,9.7567,9.779,0.0059,60,0.0008
2016-01-21T17:30:00.000 ,23,31.0659,30.9546,31.1169,0.057,60,0.0074,1024.2411,1024.155,1024.2815,0.0445,60,0.0057,0.3563,0.2111,0.6918,0.1748,60,0.0226,15.5375,9.2063,30.1677,7.6231,60,0.9841,9.7582,9.7529,9.7656,0.0032,60,0.0004,30.9164,30.8057,30.9672,0.0567,60,0.0073,96.3497,96.329,96.366,0.0098,60,0.0013,96.7143,96.6936,96.7306,0.0098,60,0.0013,23.8025,23.7162,23.8429,0.0445,60,0.0057,23.8041,23.7179,23.8446,0.0445,60,0.0058,9.7686,9.7633,9.776,0.0032,60,0.0004
2016-01-21T18:30:00.000 ,23,31.0191,30.9781,31.0795,0.0207,60,0.0027,1024.204,1024.1724,1024.2508,0.0159,60,0.002,0.476,0.2415,0.5765,0.0706,60,0.0091,20.7573,10.5294,25.1401,3.0806,60,0.3977,9.7659,9.7605,9.7723,0.0028,60,0.0004,30.8699,30.8291,30.93,0.0206,60,0.0027,96.4254,96.354,96.482,0.0397,60,0.0051,96.7901,96.7186,96.8466,0.0397,60,0.0051,23.765,23.7332,23.8121,0.0159,60,0.0021,23.7666,23.7349,23.8138,0.0159,60,0.0021,9.7763,9.7709,9.7827,0.0028,60,0.0004
2016-01-21T19:30:00.000 ,23,30.9867,30.9433,31.0171,0.0237,60,0.0031,1024.1796,1024.1476,1024.2018,0.0174,60,0.0022,0.5717,0.4698,0.7259,0.0866,60,0.0112,24.9283,20.4856,31.6566,3.7759,60,0.4875,9.7645,9.7551,9.7727,0.0054,60,0.0007,30.8376,30.7944,30.8679,0.0236,60,0.003,96.5463,96.482,96.629,0.0459,60,0.0059,96.9109,96.8466,96.9936,0.0459,60,0.0059,23.74,23.7077,23.7624,0.0176,60,0.0023,23.7416,23.7094,23.7641,0.0176,60,0.0023,9.7749,9.7655,9.7831,0.0054,60,0.0007
2016-01-21T20:30:00.000 ,23,30.9313,30.8776,30.9908,0.0364,60,0.0047,1024.1395,1024.1002,1024.1833,0.0267,60,0.0034,0.7909,0.5659,1.0081,0.1438,60,0.0186,34.4898,24.6747,43.9635,6.2719,60,0.8097,9.7502,9.7358,9.7637,0.0094,60,0.0012,30.7825,30.729,30.8417,0.0362,60,0.0047,96.6705,96.627,96.711,0.0251,60,0.0032,97.0351,96.9916,97.0756,0.0251,60,0.0032,23.6993,23.6598,23.7433,0.0268,60,0.0035,23.7009,23.6615,23.745,0.0268,60,0.0035,9.7606,9.7462,9.7741,0.0094,60,0.0012
2016-01-21T21:30:00.000 ,23,30.9512,30.9069,30.9935,0.0251,60,0.0032,1024.1544,1024.1216,1024.1857,0.0186,60,0.0024,0.7244,0.5639,0.9042,0.0955,60,0.0123,31.5881,24.588,39.4324,4.1655,60,0.5378,9.7551,9.7458,9.7647,0.0051,60,0.0007,30.8023,30.7582,30.8444,0.0249,60,0.0032,96.7335,96.716,96.745,0.0082,60,0.0011,97.0982,97.0806,97.1096,0.0082,60,0.0011,23.7139,23.681,23.7453,0.0187,60,0.0024,23.7156,23.6827,23.7469,0.0187,60,0.0024,9.7655,9.7562,9.7751,0.0051,60,0.0007
2016-01-21T22:30:00.000 ,23,30.9463,30.8916,31.0051,0.0403,60,0.0052,1024.1502,1024.1091,1024.1943,0.0304,60,0.0039,0.7524,0.5269,0.9777,0.1592,60,0.0205,32.8125,22.9779,42.636,6.9419,60,0.8962,9.7558,9.7461,9.7657,0.0064,60,0.0008,30.7974,30.743,30.8559,0.0401,60,0.0052,96.6622,96.552,96.72,0.0473,60,0.0061,97.0269,96.9166,97.0846,0.0473,60,0.0061,23.71,23.6689,23.7541,0.0304,60,0.0039,23.7116,23.6705,23.7557,0.0304,60,0.0039,9.7662,9.7565,9.7761,0.0064,60,0.0008
2016-01-21T23:30:00.000 ,23,30.9363,30.8995,30.9783,0.0163,60,0.0021,1024.1412,1024.1134,1024.1724,0.0122,60,0.0016,0.7975,0.622,0.8965,0.0607,60,0.0078,34.7787,27.1237,39.0952,2.6484,60,0.3419,9.7542,9.7512,9.761,0.0026,60,0.0003,30.7874,30.7508,30.8293,0.0163,60,0.0021,96.3439,96.129,96.548,0.1233,60,0.0159,96.7086,96.4936,96.9126,0.1233,60,0.0159,23.7025,23.6744,23.734,0.0123,60,0.0016,23.7041,23.676,23.7357,0.0123,60,0.0016,9.7646,9.7616,9.7714,0.0026,60,0.0003
2016-01-22T00:30:00.000 ,23,30.9509,30.9162,30.985,0.0159,60,0.0021,1024.1502,1024.1256,1024.1767,0.0118,60,0.0015,0.7339,0.6006,0.873,0.0641,60,0.0083,32.0034,26.1883,38.0706,2.7968,60,0.3611,9.7557,9.7446,9.7618,0.0041,60,0.0005,30.802,30.7675,30.8359,0.0158,60,0.002,95.8695,95.586,96.126,0.1621,60,0.0209,96.2341,95.9506,96.4906,0.1621,60,0.0209,23.7136,23.6883,23.7391,0.0118,60,0.0015,23.7152,23.6899,23.7408,0.0118,60,0.0015,9.766,9.7549,9.7721,0.0041,60,0.0005
2016-01-22T01:30:00.000 ,23,30.9429,30.9116,30.9675,0.0136,60,0.0018,1024.1417,1024.1167,1024.1597,0.0102,60,0.0013,0.7597,0.6623,0.8862,0.0567,60,0.0073,33.1283,28.8823,38.6448,2.4727,60,0.3192,9.7534,9.7492,9.7571,0.0019,60,0.0002,30.7941,30.7629,30.8186,0.0135,60,0.0017,95.2748,94.99,95.573,0.1726,60,0.0223,95.6394,95.3546,95.9376,0.1726,60,0.0223,23.7078,23.6839,23.7264,0.0103,60,0.0013,23.7094,23.6856,23.7281,0.0103,60,0.0013,9.7637,9.7594,9.7673,0.0019,60,0.0002
2016-01-22T02:30:00.000 ,23,30.9145,30.8819,30.9377,0.0144,60,0.0019,1024.1177,1024.0936,1024.1363,0.0105,60,0.0014,0.8787,0.7881,0.9932,0.0509,60,0.0066,38.3194,34.3668,43.313,2.2213,60,0.2868,9.749,9.7362,9.7547,0.0035,60,0.0005,30.7658,30.7334,30.7889,0.0143,60,0.0019,94.6873,94.387,94.977,0.1783,60,0.023,95.0519,94.7516,95.3416,0.1783,60,0.023,23.6865,23.6627,23.7039,0.0107,60,0.0014,23.6881,23.6643,23.7056,0.0107,60,0.0014,9.7591,9.7464,9.7648,0.0035,60,0.0005
2016-01-22T03:30:00.000 ,23,30.9109,30.8754,30.9349,0.0216,60,0.0028,1024.1122,1024.0849,1024.1312,0.0165,60,0.0021,0.8982,0.7975,1.0468,0.0916,60,0.0118,39.1682,34.7765,45.6496,3.9953,60,0.5158,9.7509,9.7437,9.7587,0.0047,60,0.0006,30.7623,30.7269,30.7861,0.0215,60,0.0028,94.1518,93.967,94.378,0.1202,60,0.0155,94.5165,94.3316,94.7426,0.1202,60,0.0155,23.6834,23.6569,23.7014,0.016,60,0.0021,23.685,23.6585,23.703,0.016,60,0.0021,9.761,9.7538,9.7688,0.0047,60,0.0006
2016-01-22T04:30:00.000 ,23,30.9118,30.8899,30.9402,0.0177,60,0.0023,1024.1114,1024.0954,1024.1326,0.0133,60,0.0017,0.8926,0.7624,1.0053,0.0852,60,0.011,38.9266,33.2477,43.8418,3.7161,60,0.4797,9.7513,9.7469,9.7603,0.0023,60,0.0003,30.7632,30.7414,30.7914,0.0176,60,0.0023,93.844,93.774,93.962,0.0572,60,0.0074,94.2086,94.1386,94.3266,0.0572,60,0.0074,23.6841,23.6677,23.7056,0.0135,60,0.0017,23.6857,23.6693,23.7072,0.0135,60,0.0017,9.7614,9.757,9.7704,0.0023,60,0.0003
2016-01-22T05:30:00.000 ,23,30.9508,30.9281,30.9695,0.0089,60,0.0011,1024.1406,1024.1239,1024.1549,0.0066,60,0.0008,0.7254,0.6595,0.8235,0.0343,60,0.0044,31.6325,28.7594,35.9097,1.4955,60,0.1931,9.7569,9.7535,9.7673,0.002,60,0.0003,30.802,30.7794,30.8206,0.0088,60,0.0011,93.8038,93.772,93.876,0.0317,60,0.0041,94.1685,94.1366,94.2406,0.0317,60,0.0041,23.7134,23.6964,23.7277,0.0066,60,0.0009,23.7151,23.698,23.7293,0.0066,60,0.0009,9.767,9.7636,9.7774,0.002,60,0.0003
2016-01-22T06:30:00.000 ,23,30.9108,30.8778,30.9324,0.0164,60,0.0021,1024.1121,1024.0868,1024.1283,0.0122,60,0.0016,0.8874,0.8002,1.0353,0.0662,60,0.0086,38.6995,34.8959,45.151,2.8893,60,0.373,9.7481,9.7415,9.7551,0.0044,60,0.0006,30.7622,30.7293,30.7837,0.0164,60,0.0021,94.0434,93.88,94.234,0.1047,60,0.0135,94.408,94.2446,94.5986,0.1047,60,0.0135,23.6838,23.6585,23.6995,0.0122,60,0.0016,23.6854,23.6601,23.7012,0.0122,60,0.0016,9.7582,9.7516,9.7652,0.0044,60,0.0006
2016-01-22T07:30:00.000 ,23,31.0084,30.9014,31.0621,0.0508,60,0.0066,1024.1881,1024.1064,1024.2304,0.0393,60,0.0051,0.5305,0.3553,0.8981,0.1782,60,0.023,23.1312,15.4926,39.1651,7.7704,60,1.0032,9.758,9.7443,9.7631,0.0048,60,0.0006,30.8592,30.7528,30.9127,0.0506,60,0.0065,94.4711,94.239,94.719,0.1424,60,0.0184,94.8357,94.6036,95.0836,0.1424,60,0.0184,23.7579,23.6771,23.7993,0.0388,60,0.005,23.7596,23.6787,23.8009,0.0388,60,0.005,9.7681,9.7544,9.7733,0.0048,60,0.0006
2016-01-22T08:30:00.000 ,23,30.9847,30.9126,31.043,0.038,60,0.0049,1024.1713,1024.1173,1024.215,0.028,60,0.0036,0.6024,0.3961,0.8856,0.14,60,0.0181,26.2692,17.2713,38.6204,6.1046,60,0.7881,9.7637,9.7519,9.7738,0.0065,60,0.0008,30.8357,30.7639,30.8937,0.0378,60,0.0049,95.0077,94.729,95.285,0.1621,60,0.0209,95.3723,95.0936,95.6496,0.1621,60,0.0209,23.7387,23.6845,23.7837,0.0285,60,0.0037,23.7403,23.6861,23.7853,0.0285,60,0.0037,9.7739,9.7621,9.784,0.0065,60,0.0008
2016-01-22T09:30:00.000 ,23,30.9431,30.9262,30.9806,0.0091,60,0.0012,1024.1433,1024.1301,1024.1705,0.0068,60,0.0009,0.759,0.6458,0.8261,0.0332,60,0.0043,33.0994,28.1639,36.0261,1.4463,60,0.1867,9.7536,9.7508,9.7587,0.0014,60,0.0002,30.7942,30.7774,30.8316,0.009,60,0.0012,95.6118,95.296,95.915,0.1887,60,0.0244,95.9764,95.6606,96.2796,0.1887,60,0.0244,23.7079,23.6952,23.7362,0.0068,60,0.0009,23.7095,23.6968,23.7379,0.0068,60,0.0009,9.7638,9.7611,9.769,0.0014,60,0.0002
2016-01-22T10:30:00.000 ,23,30.9473,30.9269,30.972,0.0096,60,0.0012,1024.149,1024.1341,1024.1681,0.0072,60,0.0009,0.7418,0.6794,0.7943,0.0332,60,0.0043,32.3474,29.6284,34.6369,1.4472,60,0.1868,9.7536,9.7489,9.7605,0.0024,60,0.0003,30.7984,30.7781,30.823,0.0096,60,0.0012,96.159,95.925,96.391,0.1361,60,0.0176,96.5237,96.2896,96.7556,0.1361,60,0.0176,23.7111,23.696,23.7292,0.0071,60,0.0009,23.7128,23.6976,23.7309,0.0071,60,0.0009,9.7639,9.7592,9.7709,0.0024,60,0.0003
2016-01-22T11:30:00.000 ,23,30.9474,30.9107,30.9738,0.0147,60,0.0019,1024.1506,1024.1247,1024.1702,0.0107,60,0.0014,0.7324,0.6412,0.876,0.0545,60,0.007,31.939,27.9621,38.2007,2.3751,60,0.3066,9.7556,9.7438,9.7611,0.004,60,0.0005,30.7985,30.762,30.8248,0.0147,60,0.0019,96.5702,96.4,96.723,0.0924,60,0.0119,96.9348,96.7646,97.0876,0.0924,60,0.0119,23.7109,23.6843,23.7305,0.0108,60,0.0014,23.7125,23.6859,23.7322,0.0108,60,0.0014,9.766,9.7542,9.7715,0.004,60,0.0005
2016-01-22T12:30:00.000 ,23,30.9291,30.9018,30.9728,0.0162,60,0.0021,1024.1382,1024.1185,1024.171,0.0121,60,0.0016,0.8243,0.6604,0.9162,0.0606,60,0.0078,35.9448,28.7992,39.9567,2.6416,60,0.341,9.7533,9.7415,9.7607,0.0042,60,0.0005,30.7803,30.7531,30.8238,0.0161,60,0.0021,96.858,96.728,96.928,0.06,60,0.0077,97.2226,97.0926,97.2926,0.06,60,0.0077,23.6971,23.6777,23.7298,0.012,60,0.0016,23.6987,23.6794,23.7315,0.012,60,0.0016,9.7637,9.7519,9.7711,0.0042,60,0.0005
2016-01-22T13:30:00.000 ,23,30.9269,30.904,30.968,0.0141,60,0.0018,1024.137,1024.1203,1024.1679,0.0104,60,0.0013,0.8277,0.6994,0.9133,0.0527,60,0.0068,36.0958,30.497,39.8282,2.2999,60,0.2969,9.751,9.7406,9.7578,0.0042,60,0.0005,30.7781,30.7553,30.819,0.014,60,0.0018,96.9123,96.866,96.935,0.0186,60,0.0024,97.277,97.2306,97.2996,0.0186,60,0.0024,23.6957,23.6791,23.7265,0.0103,60,0.0013,23.6973,23.6808,23.7282,0.0103,60,0.0013,9.7614,9.751,9.7682,0.0042,60,0.0005
2016-01-22T14:30:00.000 ,23,30.9437,30.9132,30.9729,0.0161,60,0.0021,1024.1488,1024.1265,1024.1715,0.0121,60,0.0016,0.7592,0.6726,0.893,0.059,60,0.0076,33.1068,29.3321,38.9408,2.5747,60,0.3324,9.755,9.7491,9.7587,0.0021,60,0.0003,30.7948,30.7645,30.8239,0.0161,60,0.0021,96.7876,96.695,96.864,0.051,60,0.0066,97.1522,97.0596,97.2286,0.051,60,0.0066,23.7081,23.6854,23.7308,0.0123,60,0.0016,23.7098,23.6871,23.7324,0.0123,60,0.0016,9.7654,9.7595,9.7691,0.0021,60,0.0003
2016-01-22T15:30:00.000 ,23,30.9535,30.9188,30.9632,0.0084,60,0.0011,1024.155,1024.1296,1024.1622,0.0062,60,0.0008,0.7252,0.6906,0.8297,0.0289,60,0.0037,31.625,30.1132,36.1822,1.2591,60,0.1626,9.7594,9.7494,9.7615,0.0022,60,0.0003,30.8045,30.77,30.8142,0.0084,60,0.0011,96.617,96.551,96.693,0.0413,60,0.0053,96.9816,96.9156,97.0576,0.0413,60,0.0053,23.715,23.6896,23.7222,0.0062,60,0.0008,23.7166,23.6913,23.7239,0.0062,60,0.0008,9.7698,9.7598,9.7719,0.0022,60,0.0003
2016-01-22T16:30:00.000 ,23,30.9042,30.8633,30.9635,0.0277,60,0.0036,1024.1189,1024.0886,1024.1624,0.0203,60,0.0026,0.9091,0.6775,1.0698,0.1134,60,0.0146,39.6465,29.5425,46.655,4.9466,60,0.6386,9.7424,9.7311,9.7589,0.0084,60,0.0011,30.7556,30.7148,30.8145,0.0276,60,0.0036,96.4723,96.399,96.548,0.044,60,0.0057,96.8369,96.7636,96.9126,0.044,60,0.0057,23.6795,23.6495,23.7229,0.0202,60,0.0026,23.6812,23.6511,23.7245,0.0202,60,0.0026,9.7527,9.7414,9.7693,0.0084,60,0.0011
2016-01-22T17:30:00.000 ,23,30.9036,30.8645,30.9278,0.0179,60,0.0023,1024.1178,1024.0893,1024.1355,0.013,60,0.0017,0.9186,0.828,1.0739,0.0797,60,0.0103,40.0602,36.1081,46.8338,3.4741,60,0.4485,9.7432,9.7323,9.7512,0.0052,60,0.0007,30.7549,30.716,30.779,0.0178,60,0.0023,96.3664,96.35,96.399,0.0122,60,0.0016,96.731,96.7146,96.7636,0.0122,60,0.0016,23.6789,23.6502,23.6967,0.0131,60,0.0017,23.6805,23.6519,23.6983,0.0131,60,0.0017,9.7536,9.7426,9.7616,0.0052,60,0.0007
2016-01-22T18:30:00.000 ,23,31.0161,30.9079,31.0886,0.0477,60,0.0062,1024.2019,1024.1209,1024.2581,0.0364,60,0.0047,0.5079,0.2822,0.891,0.1672,60,0.0216,22.1478,12.3069,38.8571,7.2909,60,0.9413,9.7616,9.7442,9.7654,0.0053,60,0.0007,30.8669,30.7592,30.939,0.0475,60,0.0061,96.3358,96.325,96.354,0.0078,60,0.001,96.7004,96.6896,96.7186,0.0078,60,0.001,23.7633,23.6821,23.8195,0.0364,60,0.0047,23.765,23.6837,23.8212,0.0365,60,0.0047,9.772,9.7545,9.7758,0.0053,60,0.0007
2016-01-22T19:30:00.000 ,23,31.0498,30.9939,31.0786,0.0206,60,0.0027,1024.2286,1024.1863,1024.2505,0.0157,60,0.002,0.4043,0.3165,0.5817,0.0673,60,0.0087,17.6312,13.8002,25.3648,2.9337,60,0.3787,9.7606,9.7549,9.7633,0.0021,60,0.0003,30.9004,30.8448,30.9291,0.0205,60,0.0027,96.415,96.35,96.478,0.0395,60,0.0051,96.7796,96.7146,96.8426,0.0395,60,0.0051,23.7896,23.7471,23.8117,0.0157,60,0.002,23.7913,23.7488,23.8133,0.0157,60,0.002,9.771,9.7653,9.7737,0.0021,60,0.0003
2016-01-22T20:30:00.000 ,23,31.0225,30.9275,31.0814,0.045,60,0.0058,1024.2082,1024.1371,1024.2535,0.0339,60,0.0044,0.4957,0.3153,0.7979,0.1527,60,0.0197,21.6155,13.7475,34.7928,6.6592,60,0.8597,9.7593,9.7422,9.7737,0.0076,60,0.001,30.8732,30.7787,30.9319,0.0447,60,0.0058,96.5474,96.48,96.625,0.0442,60,0.0057,96.9121,96.8446,96.9896,0.0442,60,0.0057,23.7686,23.6976,23.8142,0.0339,60,0.0044,23.7703,23.6992,23.8158,0.0339,60,0.0044,9.7697,9.7526,9.7841,0.0076,60,0.001
2016-01-22T21:30:00.000 ,23,30.9931,30.9434,31.0357,0.0234,60,0.003,1024.1853,1024.1485,1024.2178,0.0178,60,0.0023,0.5775,0.4413,0.7462,0.0785,60,0.0101,25.1831,19.2446,32.5392,3.4239,60,0.442,9.7635,9.7528,9.7676,0.0037,60,0.0005,30.844,30.7945,30.8864,0.0233,60,0.003,96.6725,96.629,96.697,0.0184,60,0.0024,97.0372,96.9936,97.0616,0.0184,60,0.0024,23.7451,23.7082,23.7777,0.0178,60,0.0023,23.7467,23.7099,23.7794,0.0178,60,0.0023,9.7739,9.7632,9.778,0.0037,60,0.0005
2016-01-22T22:30:00.000 ,23,30.9491,30.9138,30.9991,0.0211,60,0.0027,1024.153,1024.1268,1024.1906,0.0158,60,0.002,0.7128,0.545,0.8418,0.0682,60,0.0088,31.0814,23.7632,36.7082,2.9728,60,0.3838,9.753,9.7458,9.7607,0.0039,60,0.0005,30.8002,30.7651,30.85,0.021,60,0.0027,96.7057,96.693,96.718,0.0066,60,0.0009,97.0703,97.0576,97.0826,0.0066,60,0.0009,23.7127,23.6864,23.7503,0.0158,60,0.002,23.7143,23.688,23.7519,0.0158,60,0.002,9.7634,9.7562,9.7711,0.0039,60,0.0005
2016-01-22T23:30:00.000 ,23,30.9348,30.9068,30.9627,0.019,60,0.0025,1024.1418,1024.1214,1024.1619,0.0137,60,0.0018,0.7796,0.686,0.8831,0.0661,60,0.0085,33.9988,29.9143,38.5112,2.8822,60,0.3721,9.7513,9.7437,9.7599,0.0053,60,0.0007,30.7859,30.7581,30.8137,0.0189,60,0.0024,96.613,96.478,96.697,0.0645,60,0.0083,96.9776,96.8426,97.0616,0.0645,60,0.0083,23.7018,23.6812,23.7222,0.0139,60,0.0018,23.7034,23.6829,23.7238,0.0139,60,0.0018,9.7617,9.7541,9.7703,0.0053,60,0.0007
2016-01-23T00:30:00.000 ,23,30.9158,30.8827,30.9443,0.0209,60,0.0027,1024.1267,1024.1031,1024.1477,0.0151,60,0.0019,0.8605,0.7481,0.9977,0.0852,60,0.011,37.5269,32.6242,43.5111,3.7158,60,0.4797,9.7435,9.7313,9.7569,0.008,60,0.001,30.7671,30.7341,30.7954,0.0208,60,0.0027,96.2622,96.035,96.472,0.1283,60,0.0166,96.6268,96.3996,96.8366,0.1283,60,0.0166,23.6883,23.6644,23.7092,0.015,60,0.0019,23.69,23.6661,23.7108,0.015,60,0.0019,9.7538,9.7416,9.7673,0.0081,60,0.001
2016-01-23T01:30:00.000 ,23,30.943,30.9012,30.9649,0.0185,60,0.0024,1024.1447,1024.1151,1024.1602,0.0129,60,0.0017,0.7637,0.6762,0.9157,0.0701,60,0.009,33.3047,29.4893,39.9342,3.0557,60,0.3945,9.7484,9.7356,9.7567,0.0054,60,0.0007,30.7942,30.7526,30.816,0.0184,60,0.0024,95.7444,95.441,96.029,0.1747,60,0.0226,96.109,95.8056,96.3936,0.1747,60,0.0226,23.7087,23.6783,23.7248,0.0135,60,0.0017,23.7103,23.6799,23.7264,0.0135,60,0.0017,9.7587,9.7459,9.767,0.0054,60,0.0007
2016-01-23T02:30:00.000 ,23,30.9689,30.9311,31.0344,0.0318,60,0.0041,1024.1609,1024.1328,1024.2083,0.0231,60,0.003,0.6627,0.4269,0.7996,0.1114,60,0.0144,28.9001,18.615,34.871,4.857,60,0.627,9.755,9.7458,9.7692,0.0072,60,0.0009,30.8199,30.7823,30.8851,0.0316,60,0.0041,95.1265,94.812,95.434,0.1826,60,0.0236,95.4911,95.1766,95.7986,0.1826,60,0.0236,23.7277,23.6996,23.7764,0.0235,60,0.003,23.7294,23.7012,23.778,0.0235,60,0.003,9.7652,9.756,9.7794,0.0072,60,0.0009
2016-01-23T03:30:00.000 ,23,30.9657,30.9107,31.0212,0.025,60,0.0032,1024.1553,1024.1153,1024.198,0.0187,60,0.0024,0.666,0.4597,0.8543,0.0957,60,0.0123,29.0436,20.0458,37.2558,4.1719,60,0.5386,9.7571,9.7359,9.7677,0.0094,60,0.0012,30.8168,30.762,30.872,0.0249,60,0.0032,94.4934,94.211,94.802,0.1772,60,0.0229,94.858,94.5756,95.1666,0.1772,60,0.0229,23.725,23.6856,23.7663,0.018,60,0.0023,23.7266,23.6872,23.768,0.018,60,0.0023,9.7673,9.746,9.7779,0.0094,60,0.0012
2016-01-23T04:30:00.000 ,23,31.0092,30.9263,31.0953,0.0605,60,0.0078,1024.1864,1024.1261,1024.2516,0.0449,60,0.0058,0.5322,0.2591,0.8142,0.206,60,0.0266,23.2095,11.2968,35.5058,8.986,60,1.1601,9.7594,9.7403,9.7705,0.0106,60,0.0014,30.8601,30.7776,30.9458,0.0602,60,0.0078,94.0059,93.844,94.199,0.1072,60,0.0138,94.3706,94.2086,94.5636,0.1072,60,0.0138,23.7583,23.6971,23.8241,0.0454,60,0.0059,23.76,23.6987,23.8257,0.0454,60,0.0059,9.7695,9.7504,9.7806,0.0106,60,0.0014
2016-01-23T05:30:00.000 ,23,30.9982,30.9281,31.0647,0.0362,60,0.0047,1024.1775,1024.1269,1024.2278,0.0272,60,0.0035,0.5657,0.3606,0.7578,0.1176,60,0.0152,24.6695,15.7224,33.0444,5.1274,60,0.6619,9.7553,9.7313,9.7633,0.0068,60,0.0009,30.8492,30.7794,30.9153,0.0361,60,0.0047,93.7707,93.742,93.837,0.029,60,0.0037,94.1353,94.1066,94.2016,0.029,60,0.0037,23.7505,23.6999,23.8009,0.0272,60,0.0035,23.7521,23.7015,23.8025,0.0272,60,0.0035,9.7653,9.7414,9.7734,0.0068,60,0.0009
2016-01-23T06:30:00.000 ,23,30.9914,30.9389,31.0468,0.0285,60,0.0037,1024.1726,1024.1339,1024.214,0.0211,60,0.0027,0.58,0.4058,0.7568,0.0962,60,0.0124,25.2902,17.6929,33.0022,4.1958,60,0.5417,9.7546,9.7433,9.7622,0.0056,60,0.0007,30.8424,30.7901,30.8975,0.0284,60,0.0037,93.8178,93.759,93.933,0.0527,60,0.0068,94.1824,94.1236,94.2976,0.0527,60,0.0068,23.7453,23.7063,23.7871,0.0213,60,0.0027,23.747,23.7079,23.7887,0.0213,60,0.0027,9.7647,9.7534,9.7723,0.0056,60,0.0007
2016-01-23T07:30:00.000 ,23,31.0043,30.9272,31.0984,0.0545,60,0.007,1024.1838,1024.1259,1024.2559,0.0413,60,0.0053,0.5485,0.2506,0.805,0.1829,60,0.0236,23.9179,10.9273,35.1064,7.9766,60,1.0298,9.7556,9.7391,9.7677,0.0095,60,0.0012,30.8552,30.7785,30.9489,0.0543,60,0.007,94.1289,93.939,94.327,0.1152,60,0.0149,94.4935,94.3036,94.6916,0.1152,60,0.0149,23.7552,23.698,23.827,0.0409,60,0.0053,23.7568,23.6996,23.8286,0.0409,60,0.0053,9.7657,9.7492,9.7778,0.0095,60,0.0012
2016-01-23T08:30:00.000 ,23,30.9901,30.9171,31.054,0.0351,60,0.0045,1024.1743,1024.1218,1024.2219,0.0259,60,0.0033,0.5784,0.3834,0.8398,0.1158,60,0.015,25.222,16.7188,36.6246,5.0515,60,0.6521,9.7585,9.7382,9.7691,0.0066,60,0.0008,30.8411,30.7684,30.9047,0.035,60,0.0045,94.5643,94.336,94.825,0.1419,60,0.0183,94.9289,94.7006,95.1896,0.1419,60,0.0183,23.7437,23.6902,23.7923,0.0265,60,0.0034,23.7453,23.6918,23.7939,0.0265,60,0.0034,9.7687,9.7484,9.7793,0.0066,60,0.0008
2016-01-23T09:30:00.000 ,23,30.9308,30.8622,30.9674,0.0276,60,0.0036,1024.1328,1024.0871,1024.1571,0.0187,60,0.0024,0.7822,0.6462,1.0741,0.108,60,0.0139,34.111,28.1786,46.8422,4.7106,60,0.6081,9.7464,9.7085,9.7636,0.0131,60,0.0017,30.782,30.7138,30.8185,0.0275,60,0.0035,95.143,94.829,95.462,0.1901,60,0.0245,95.5077,95.1936,95.8266,0.1901,60,0.0245,23.6995,23.6523,23.7252,0.0194,60,0.0025,23.7011,23.654,23.7269,0.0194,60,0.0025,9.7566,9.7187,9.7738,0.0131,60,0.0017
2016-01-23T10:30:00.000 ,23,30.9297,30.8612,31.0304,0.0602,60,0.0078,1024.1357,1024.0865,1024.2098,0.0436,60,0.0056,0.8158,0.4412,1.0759,0.2273,60,0.0293,35.5757,19.2407,46.92,9.9139,60,1.2799,9.7407,9.7093,9.7745,0.024,60,0.0031,30.7809,30.7128,30.8811,0.0599,60,0.0077,95.7713,95.473,96.062,0.176,60,0.0227,96.1359,95.8376,96.4266,0.176,60,0.0227,23.6995,23.6514,23.7725,0.043,60,0.0055,23.7012,23.653,23.7742,0.043,60,0.0055,9.751,9.7195,9.7848,0.0241,60,0.0031
2016-01-23T11:30:00.000 ,23,30.974,30.9218,31.0257,0.0285,60,0.0037,1024.169,1024.1315,1024.2062,0.0206,60,0.0027,0.634,0.4595,0.8167,0.1036,60,0.0134,27.6485,20.0357,35.613,4.5172,60,0.5832,9.7621,9.7427,9.774,0.0092,60,0.0012,30.825,30.773,30.8764,0.0284,60,0.0037,96.3026,96.072,96.499,0.1278,60,0.0165,96.6672,96.4366,96.8636,0.1278,60,0.0165,23.7305,23.6931,23.7688,0.0207,60,0.0027,23.7322,23.6947,23.7704,0.0207,60,0.0027,9.7724,9.753,9.7844,0.0092,60,0.0012
2016-01-23T12:30:00.000 ,23,30.9787,30.953,30.9917,0.0076,60,0.001,1024.1746,1024.1553,1024.1841,0.0054,60,0.0007,0.6096,0.5724,0.6526,0.0202,60,0.0026,26.5806,24.9602,28.4588,0.8822,60,0.1139,9.7602,9.7548,9.7659,0.0023,60,0.0003,30.8296,30.8041,30.8426,0.0075,60,0.001,96.6613,96.506,96.798,0.0863,60,0.0111,97.026,96.8706,97.1626,0.0863,60,0.0111,23.7344,23.7154,23.7438,0.0055,60,0.0007,23.7361,23.717,23.7455,0.0055,60,0.0007,9.7706,9.7652,9.7763,0.0023,60,0.0003
2016-01-23T13:30:00.000 ,23,31.0792,30.9947,31.1174,0.036,60,0.0046,1024.2517,1024.1872,1024.281,0.0276,60,0.0036,0.3071,0.197,0.5649,0.1002,60,0.0129,13.3912,8.5892,24.6311,4.3715,60,0.5644,9.7715,9.7633,9.7751,0.0027,60,0.0003,30.9297,30.8456,30.9677,0.0358,60,0.0046,96.864,96.806,96.887,0.0236,60,0.003,97.2286,97.1706,97.2516,0.0236,60,0.003,23.8107,23.7464,23.8399,0.0275,60,0.0036,23.8124,23.7481,23.8416,0.0275,60,0.0036,9.782,9.7737,9.7856,0.0027,60,0.0003
2016-01-23T14:30:00.000 ,23,31.0429,30.9642,31.1207,0.0505,60,0.0065,1024.2244,1024.1644,1024.2849,0.0388,60,0.005,0.4207,0.2079,0.6746,0.1564,60,0.0202,18.3465,9.0668,29.417,6.8209,60,0.8806,9.7648,9.7553,9.7743,0.0056,60,0.0007,30.8936,30.8152,30.971,0.0503,60,0.0065,96.818,96.751,96.875,0.0393,60,0.0051,97.1826,97.1156,97.2396,0.0393,60,0.0051,23.7836,23.7238,23.8441,0.0387,60,0.005,23.7852,23.7254,23.8457,0.0387,60,0.005,9.7752,9.7657,9.7848,0.0056,60,0.0007
2016-01-23T15:30:00.000 ,23,30.9875,30.9539,31.0077,0.0179,60,0.0023,1024.1807,1024.1562,1024.1957,0.0131,60,0.0017,0.5759,0.5128,0.6791,0.0566,60,0.0073,25.1143,22.3602,29.612,2.4691,60,0.3188,9.7645,9.7532,9.7712,0.0061,60,0.0008,30.8384,30.805,30.8585,0.0178,60,0.0023,96.6574,96.533,96.749,0.0649,60,0.0084,97.022,96.8976,97.1136,0.0649,60,0.0084,23.7406,23.7163,23.756,0.013,60,0.0017,23.7423,23.718,23.7577,0.013,60,0.0017,9.7749,9.7636,9.7816,0.0061,60,0.0008
2016-01-23T16:30:00.000 ,23,30.9985,30.9398,31.0941,0.0372,60,0.0048,1024.1887,1024.1456,1024.2609,0.0279,60,0.0036,0.5468,0.2681,0.7492,0.1126,60,0.0145,23.843,11.6912,32.6718,4.9089,60,0.6337,9.7613,9.7445,9.7736,0.0065,60,0.0008,30.8493,30.791,30.9445,0.037,60,0.0048,96.4382,96.356,96.531,0.0465,60,0.006,96.8029,96.7206,96.8956,0.0465,60,0.006,23.7496,23.7068,23.8219,0.028,60,0.0036,23.7513,23.7085,23.8236,0.028,60,0.0036,9.7717,9.7549,9.784,0.0065,60,0.0008
2016-01-23T17:30:00.000 ,23,30.9555,30.8856,31.0597,0.0485,60,0.0063,1024.157,1024.107,1024.2343,0.0354,60,0.0046,0.7037,0.3832,0.961,0.1584,60,0.0204,30.6876,16.7104,41.9077,6.9062,60,0.8916,9.7461,9.7215,9.7668,0.0129,60,0.0017,30.8066,30.737,30.9103,0.0483,60,0.0062,96.2465,96.163,96.354,0.0604,60,0.0078,96.6111,96.5276,96.7186,0.0604,60,0.0078,23.7187,23.6683,23.7963,0.0356,60,0.0046,23.7203,23.67,23.798,0.0356,60,0.0046,9.7565,9.7318,9.7772,0.0129,60,0.0017
2016-01-23T18:30:00.000 ,23,31.0609,30.9745,31.0986,0.0307,60,0.004,1024.2339,1024.1691,1024.2628,0.0232,60,0.003,0.3497,0.2448,0.589,0.0867,60,0.0112,15.2463,10.6732,25.6836,3.7821,60,0.4883,9.7737,9.7587,9.7789,0.0041,60,0.0005,30.9115,30.8255,30.949,0.0306,60,0.0039,96.1431,96.114,96.167,0.0133,60,0.0017,96.5077,96.4786,96.5316,0.0133,60,0.0017,23.7962,23.7315,23.8252,0.0233,60,0.003,23.7978,23.7331,23.8269,0.0233,60,0.003,9.784,9.769,9.7893,0.0041,60,0.0005
2016-01-23T19:30:00.000 ,23,31.0713,30.9435,31.1269,0.0397,60,0.0051,1024.2414,1024.1467,1024.2849,0.0303,60,0.0039,0.3259,0.1822,0.6581,0.1147,60,0.0148,14.2095,7.9426,28.6961,5.0039,60,0.646,9.7761,9.7484,9.7818,0.0061,60,0.0008,30.9218,30.7946,30.9772,0.0396,60,0.0051,96.1197,96.104,96.155,0.0143,60,0.0018,96.4843,96.4686,96.5196,0.0143,60,0.0018,23.8038,23.709,23.8474,0.0303,60,0.0039,23.8055,23.7107,23.849,0.0303,60,0.0039,9.7864,9.7587,9.7922,0.0061,60,0.0008
2016-01-23T20:30:00.000 ,23,31.047,30.9966,31.1182,0.0277,60,0.0036,1024.2243,1024.1866,1024.2807,0.0212,60,0.0027,0.3942,0.2429,0.5035,0.0731,60,0.0094,17.1893,10.5909,21.9571,3.1897,60,0.4118,9.7684,9.76,9.7725,0.0027,60,0.0004,30.8976,30.8475,30.9685,0.0275,60,0.0036,96.2216,96.157,96.3,0.0426,60,0.0055,96.5862,96.5216,96.6646,0.0426,60,0.0055,23.7862,23.7482,23.8428,0.0213,60,0.0028,23.7879,23.7498,23.8445,0.0213,60,0.0028,9.7787,9.7704,9.7829,0.0028,60,0.0004
2016-01-23T21:30:00.000 ,23,30.9948,30.958,31.0294,0.0186,60,0.0024,1024.1858,1024.1583,1024.212,0.014,60,0.0018,0.5458,0.4491,0.6659,0.0582,60,0.0075,23.8013,19.5843,29.0362,2.5399,60,0.3279,9.7607,9.7537,9.7659,0.0029,60,0.0004,30.8457,30.8091,30.8801,0.0185,60,0.0024,96.389,96.302,96.463,0.0465,60,0.006,96.7536,96.6666,96.8276,0.0465,60,0.006,23.7469,23.7195,23.7731,0.014,60,0.0018,23.7485,23.7211,23.7748,0.014,60,0.0018,9.7711,9.7641,9.7763,0.0029,60,0.0004
2016-01-23T22:30:00.000 ,23,30.9418,30.8985,30.9936,0.0275,60,0.0035,1024.1475,1024.116,1024.1862,0.0199,60,0.0026,0.7417,0.5977,0.9125,0.1047,60,0.0135,32.3441,26.0659,39.7933,4.5655,60,0.5894,9.7469,9.7339,9.7595,0.008,60,0.001,30.793,30.7498,30.8445,0.0273,60,0.0035,96.5153,96.467,96.555,0.0267,60,0.0034,96.88,96.8316,96.9196,0.0267,60,0.0034,23.708,23.6762,23.7467,0.0201,60,0.0026,23.7096,23.6779,23.7483,0.0201,60,0.0026,9.7573,9.7443,9.7699,0.008,60,0.001
2016-01-23T23:30:00.000 ,23,30.9171,30.8716,30.9673,0.018,60,0.0023,1024.1297,1024.0968,1024.1667,0.013,60,0.0017,0.8359,0.6496,1.0028,0.0698,60,0.009,36.4535,28.3282,43.7307,3.0453,60,0.3931,9.7391,9.7232,9.7515,0.0061,60,0.0008,30.7684,30.7231,30.8183,0.0179,60,0.0023,96.553,96.529,96.566,0.0093,60,0.0012,96.9176,96.8936,96.9306,0.0093,60,0.0012,23.69,23.6571,23.727,0.013,60,0.0017,23.6917,23.6587,23.7286,0.013,60,0.0017,9.7495,9.7335,9.7619,0.0061,60,0.0008
2016-01-24T00:30:00.000 ,23,30.8181,30.6662,30.9484,0.0836,60,0.0108,1024.0647,1023.9687,1024.1524,0.0535,60,0.0069,1.2489,0.7156,1.9045,0.3486,60,0.045,54.4691,31.2059,83.0672,15.207,60,1.9632,9.6622,9.5167,9.7476,0.0734,60,0.0095,30.6699,30.5187,30.7995,0.0832,60,0.0107,96.4251,96.272,96.527,0.0783,60,0.0101,96.7897,96.6366,96.8916,0.0783,60,0.0101,23.6253,23.5291,23.7129,0.0536,60,0.0069,23.627,23.5307,23.7146,0.0536,60,0.0069,9.6725,9.5269,9.758,0.0734,60,0.0095
2016-01-24T01:30:00.000 ,23,31.032,30.8933,31.0596,0.0312,60,0.004,1024.2116,1024.1124,1024.2324,0.0225,60,0.0029,0.4423,0.3555,0.9378,0.122,60,0.0157,19.2864,15.5024,40.8954,5.3187,60,0.6866,9.7708,9.7239,9.7759,0.0101,60,0.0013,30.8828,30.7447,30.9102,0.031,60,0.004,96.0611,95.839,96.264,0.1267,60,0.0164,96.4258,96.2036,96.6286,0.1267,60,0.0164,23.7742,23.674,23.795,0.0227,60,0.0029,23.7759,23.6756,23.7967,0.0227,60,0.0029,9.7812,9.7342,9.7863,0.0101,60,0.0013
2016-01-24T02:30:00.000 ,23,31.014,30.9779,31.0544,0.0189,60,0.0024,1024.1992,1024.1721,1024.2282,0.0138,60,0.0018,0.52,0.3854,0.6285,0.0663,60,0.0086,22.674,16.8052,27.4071,2.8932,60,0.3735,9.7467,9.7339,9.7702,0.01,60,0.0013,30.8648,30.8289,30.905,0.0188,60,0.0024,95.5576,95.275,95.824,0.1617,60,0.0209,95.9223,95.6396,96.1886,0.1617,60,0.0209,23.7641,23.7381,23.7921,0.0132,60,0.0017,23.7657,23.7397,23.7937,0.0132,60,0.0017,9.757,9.7441,9.7805,0.01,60,0.0013
2016-01-24T03:30:00.000 ,23,30.9942,30.966,31.0273,0.0224,60,0.0029,1024.179,1024.1572,1024.2019,0.0155,60,0.002,0.5587,0.4381,0.6589,0.0822,60,0.0106,24.3612,19.1026,28.7345,3.584,60,0.4627,9.7597,9.7331,9.771,0.0106,60,0.0014,30.8451,30.8171,30.8781,0.0223,60,0.0029,94.9594,94.644,95.266,0.186,60,0.024,95.324,95.0086,95.6306,0.186,60,0.024,23.7466,23.7249,23.7709,0.0162,60,0.0021,23.7483,23.7265,23.7725,0.0162,60,0.0021,9.7699,9.7433,9.7812,0.0106,60,0.0014
2016-01-24T04:30:00.000 ,23,31.022,31.0029,31.0299,0.0073,60,0.0009,1024.1965,1024.1815,1024.2029,0.0061,60,0.0008,0.4534,0.4325,0.5046,0.0202,60,0.0026,19.7702,18.8578,22.0046,0.8831,60,0.114,9.7674,9.7645,9.7699,0.0013,60,0.0002,30.8728,30.8538,30.8807,0.0073,60,0.0009,94.339,94.078,94.629,0.1642,60,0.0212,94.7037,94.4426,94.9936,0.1642,60,0.0212,23.767,23.7526,23.7731,0.0056,60,0.0007,23.7686,23.7542,23.7748,0.0056,60,0.0007,9.7775,9.7746,9.7801,0.0013,60,0.0002
2016-01-24T05:30:00.000 ,23,31.0051,30.9892,31.0218,0.0084,60,0.0011,1024.1826,1024.1701,1024.1956,0.0065,60,0.0008,0.5114,0.4602,0.5699,0.0292,60,0.0038,22.2998,20.0663,24.8494,1.2717,60,0.1642,9.7603,9.7551,9.7651,0.0026,60,0.0003,30.856,30.8402,30.8726,0.0084,60,0.0011,93.893,93.771,94.071,0.0906,60,0.0117,94.2576,94.1356,94.4356,0.0906,60,0.0117,23.7551,23.7431,23.7672,0.0062,60,0.0008,23.7567,23.7447,23.7688,0.0062,60,0.0008,9.7704,9.7652,9.7752,0.0026,60,0.0003
2016-01-24T06:30:00.000 ,23,30.9855,30.9409,31.0004,0.013,60,0.0017,1024.1674,1024.1349,1024.1788,0.0096,60,0.0012,0.5778,0.5314,0.736,0.0467,60,0.006,25.1977,23.1735,32.0968,2.0364,60,0.2629,9.756,9.7426,9.7612,0.0034,60,0.0004,30.8365,30.7921,30.8513,0.013,60,0.0017,93.7573,93.744,93.788,0.0116,60,0.0015,94.1219,94.1086,94.1526,0.0116,60,0.0015,23.7405,23.708,23.7517,0.0096,60,0.0012,23.7421,23.7096,23.7533,0.0096,60,0.0012,9.7661,9.7527,9.7713,0.0034,60,0.0004
2016-01-24T07:30:00.000 ,23,31.0605,31.0049,31.1111,0.0311,60,0.004,1024.2254,1024.1821,1024.2667,0.0248,60,0.0032,0.3476,0.2036,0.5222,0.0918,60,0.0119,15.1583,8.8761,22.7699,4.0052,60,0.5171,9.7616,9.7535,9.7656,0.0033,60,0.0004,30.9112,30.8558,30.9615,0.0309,60,0.004,93.9009,93.789,94.061,0.0787,60,0.0102,94.2656,94.1536,94.4256,0.0787,60,0.0102,23.7979,23.755,23.8384,0.0245,60,0.0032,23.7995,23.7566,23.8401,0.0245,60,0.0032,9.7717,9.7636,9.7757,0.0033,60,0.0004
2016-01-24T08:30:00.000 ,23,31.1025,31.0725,31.1203,0.0142,60,0.0018,1024.2607,1024.2371,1024.2747,0.011,60,0.0014,0.225,0.1779,0.3033,0.0371,60,0.0048,9.8117,7.7548,13.226,1.6173,60,0.2088,9.7554,9.7509,9.7618,0.0033,60,0.0004,30.9529,30.9231,30.9706,0.0141,60,0.0018,94.2932,94.067,94.511,0.1331,60,0.0172,94.6578,94.4316,94.8756,0.1331,60,0.0172,23.8314,23.8071,23.8459,0.0116,60,0.0015,23.8331,23.8088,23.8475,0.0115,60,0.0015,9.7656,9.761,9.772,0.0033,60,0.0004
2016-01-24T09:30:00.000 ,23,31.0943,31.0695,31.1042,0.0099,60,0.0013,1024.2562,1024.2375,1024.264,0.0082,60,0.0011,0.2448,0.2201,0.2961,0.026,60,0.0034,10.6731,9.5965,12.9091,1.1318,60,0.1461,9.7574,9.7549,9.7626,0.0021,60,0.0003,30.9447,30.9201,30.9546,0.0098,60,0.0013,94.7774,94.521,95.064,0.1622,60,0.0209,95.142,94.8856,95.4286,0.1622,60,0.0209,23.8247,23.8047,23.8328,0.008,60,0.001,23.8263,23.8063,23.8345,0.008,60,0.001,9.7676,9.7651,9.7728,0.0021,60,0.0003
2016-01-24T10:30:00.000 ,23,31.0545,31.043,31.0746,0.0052,60,0.0007,1024.2273,1024.2196,1024.2416,0.0034,60,0.0004,0.3571,0.305,0.3874,0.0166,60,0.0021,15.5717,13.3014,16.8933,0.7238,60,0.0934,9.7621,9.7602,9.7636,0.0008,60,0.0001,30.9052,30.8937,30.9251,0.0052,60,0.0007,95.3672,95.073,95.675,0.1766,60,0.0228,95.7318,95.4376,96.0396,0.1766,60,0.0228,23.7931,23.7843,23.8088,0.004,60,0.0005,23.7947,23.786,23.8104,0.004,60,0.0005,9.7724,9.7705,9.7739,0.0008,60,0.0001
2016-01-24T11:30:00.000 ,23,31.0316,31.0167,31.0515,0.0095,60,0.0012,1024.2124,1024.2019,1024.2265,0.0068,60,0.0009,0.4158,0.3653,0.4538,0.0229,60,0.003,18.1322,15.929,19.7884,0.9994,60,0.129,9.7611,9.758,9.7641,0.0013,60,0.0002,30.8823,30.8675,30.9021,0.0095,60,0.0012,95.9716,95.686,96.226,0.1583,60,0.0204,96.3363,96.0506,96.5906,0.1583,60,0.0204,23.7754,23.764,23.7904,0.0073,60,0.0009,23.777,23.7657,23.792,0.0073,60,0.0009,9.7714,9.7683,9.7744,0.0013,60,0.0002
2016-01-24T12:30:00.000 ,23,31.0382,31.0244,31.0507,0.0065,60,0.0008,1024.2195,1024.2081,1024.2286,0.0049,60,0.0006,0.3915,0.3597,0.4229,0.0176,60,0.0023,17.0699,15.6866,18.4416,0.7692,60,0.0993,9.7626,9.7606,9.7635,0.0005,60,0.0001,30.8889,30.8752,30.9013,0.0065,60,0.0008,96.4554,96.233,96.647,0.1248,60,0.0161,96.82,96.5976,97.0116,0.1248,60,0.0161,23.7803,23.7699,23.7898,0.005,60,0.0007,23.782,23.7716,23.7915,0.005,60,0.0007,9.773,9.771,9.7739,0.0005,60,0.0001
2016-01-24T13:30:00.000 ,23,30.9944,30.9712,31.0318,0.0208,60,0.0027,1024.1879,1024.1713,1024.2155,0.0152,60,0.002,0.5374,0.411,0.6212,0.0732,60,0.0095,23.4347,17.9231,27.0895,3.1937,60,0.4123,9.7571,9.7507,9.7639,0.0041,60,0.0005,30.8453,30.8222,30.8825,0.0207,60,0.0027,96.7871,96.65,96.896,0.0725,60,0.0094,97.1517,97.0146,97.2606,0.0725,60,0.0094,23.7472,23.7302,23.7754,0.0155,60,0.002,23.7488,23.7318,23.777,0.0155,60,0.002,9.7676,9.7611,9.7743,0.0041,60,0.0005
2016-01-24T14:30:00.000 ,23,30.9608,30.9314,30.9798,0.0127,60,0.0016,1024.1636,1024.1426,1024.1771,0.0091,60,0.0012,0.6601,0.5974,0.7664,0.0478,60,0.0062,28.7833,26.0499,33.4203,2.0857,60,0.2693,9.7485,9.7379,9.7576,0.0048,60,0.0006,30.8118,30.7826,30.8307,0.0126,60,0.0016,96.8895,96.842,96.914,0.021,60,0.0027,97.2541,97.2066,97.2786,0.021,60,0.0027,23.7224,23.7012,23.7361,0.0091,60,0.0012,23.7241,23.7029,23.7377,0.0091,60,0.0012,9.7589,9.7483,9.768,0.0048,60,0.0006
2016-01-24T15:30:00.000 ,23,31.019,30.9793,31.0446,0.0204,60,0.0026,1024.207,1024.1771,1024.2267,0.0156,60,0.002,0.4611,0.3742,0.6017,0.0688,60,0.0089,20.1069,16.3151,26.2391,3.0016,60,0.3875,9.7554,9.7516,9.7586,0.002,60,0.0003,30.8698,30.8303,30.8952,0.0203,60,0.0026,96.7447,96.638,96.835,0.0587,60,0.0076,97.1093,97.0026,97.1996,0.0587,60,0.0076,23.7665,23.7361,23.7861,0.0156,60,0.002,23.7682,23.7378,23.7878,0.0156,60,0.002,9.7658,9.762,9.769,0.002,60,0.0003
2016-01-24T16:30:00.000 ,23,31.0088,30.9826,31.0682,0.0237,60,0.0031,1024.1976,1024.1776,1024.2432,0.0179,60,0.0023,0.5015,0.3156,0.59,0.0716,60,0.0092,21.8679,13.7601,25.7281,3.1206,60,0.4029,9.758,9.7521,9.7663,0.0037,60,0.0005,30.8596,30.8335,30.9187,0.0236,60,0.003,96.5109,96.399,96.633,0.0693,60,0.0089,96.8755,96.7636,96.9976,0.0693,60,0.0089,23.7582,23.7382,23.8043,0.0181,60,0.0023,23.7598,23.7399,23.806,0.0181,60,0.0023,9.7684,9.7625,9.7767,0.0037,60,0.0005
2016-01-24T17:30:00.000 ,23,31.0235,30.9587,31.0804,0.0303,60,0.0039,1024.2076,1024.1591,1024.253,0.0232,60,0.003,0.4407,0.2811,0.6708,0.1019,60,0.0132,19.2158,12.2564,29.2519,4.4445,60,0.5738,9.7608,9.7491,9.7656,0.0044,60,0.0006,30.8743,30.8098,30.9309,0.0301,60,0.0039,96.2873,96.188,96.398,0.0619,60,0.008,96.6519,96.5526,96.7626,0.0619,60,0.008,23.7692,23.7207,23.8141,0.023,60,0.003,23.7709,23.7224,23.8158,0.023,60,0.003,9.7712,9.7594,9.776,0.0044,60,0.0006
2016-01-24T18:30:00.000 ,23,31.0202,30.9637,31.0479,0.0188,60,0.0024,1024.2039,1024.1619,1024.2252,0.014,60,0.0018,0.4589,0.3663,0.5856,0.0514,60,0.0066,20.0099,15.973,25.5348,2.2422,60,0.2895,9.7626,9.7522,9.767,0.0033,60,0.0004,30.871,30.8147,30.8985,0.0187,60,0.0024,96.1065,96.042,96.186,0.043,60,0.0056,96.4712,96.4066,96.5506,0.043,60,0.0056,23.7663,23.724,23.7878,0.0141,60,0.0018,23.768,23.7257,23.7895,0.0141,60,0.0018,9.7729,9.7625,9.7773,0.0033,60,0.0004
2016-01-24T19:30:00.000 ,23,31.0456,31.0321,31.0553,0.0048,60,0.0006,1024.223,1024.2121,1024.231,0.0039,60,0.0005,0.3786,0.352,0.4248,0.0158,60,0.002,16.5091,15.3476,18.5232,0.6897,60,0.089,9.7635,9.7604,9.7671,0.0015,60,0.0002,30.8962,30.8828,30.9059,0.0048,60,0.0006,96.0101,95.992,96.04,0.0133,60,0.0017,96.3747,96.3566,96.4046,0.0133,60,0.0017,23.7859,23.7748,23.7939,0.0039,60,0.0005,23.7875,23.7765,23.7956,0.0039,60,0.0005,9.7739,9.7707,9.7774,0.0015,60,0.0002
2016-01-24T20:30:00.000 ,23,31.0587,31.0338,31.0697,0.0098,60,0.0013,1024.2325,1024.2132,1024.2411,0.0075,60,0.001,0.339,0.3033,0.4046,0.0305,60,0.0039,14.7826,13.227,17.6434,1.3309,60,0.1718,9.7682,9.7649,9.7715,0.0017,60,0.0002,30.9093,30.8845,30.9202,0.0098,60,0.0013,96.0123,95.995,96.063,0.0191,60,0.0025,96.377,96.3596,96.4276,0.0191,60,0.0025,23.7954,23.7761,23.8038,0.0075,60,0.001,23.797,23.7777,23.8055,0.0075,60,0.001,9.7785,9.7752,9.7819,0.0017,60,0.0002
2016-01-24T21:30:00.000 ,23,31.0709,31.0621,31.0765,0.0043,60,0.0006,1024.2431,1024.236,1024.2483,0.0039,60,0.0005,0.3012,0.2874,0.3218,0.0093,60,0.0012,13.133,12.5303,14.0321,0.4068,60,0.0525,9.7642,9.7593,9.7715,0.0035,60,0.0005,30.9214,30.9127,30.927,0.0043,60,0.0006,96.1392,96.066,96.217,0.0447,60,0.0058,96.5038,96.4306,96.5816,0.0447,60,0.0058,23.8054,23.7984,23.8103,0.0038,60,0.0005,23.8071,23.8,23.812,0.0038,60,0.0005,9.7745,9.7697,9.7819,0.0035,60,0.0005
2016-01-24T22:30:00.000 ,23,31.0307,31.0045,31.0643,0.0211,60,0.0027,1024.2119,1024.1926,1024.2379,0.0156,60,0.002,0.4284,0.3235,0.5238,0.0728,60,0.0094,18.6815,14.1061,22.8388,3.1763,60,0.4101,9.7692,9.7598,9.7787,0.0048,60,0.0006,30.8814,30.8553,30.9149,0.021,60,0.0027,96.3038,96.218,96.37,0.0452,60,0.0058,96.6685,96.5826,96.7346,0.0452,60,0.0058,23.7734,23.7539,23.7998,0.0158,60,0.002,23.7751,23.7556,23.8014,0.0158,60,0.002,9.7796,9.7702,9.7891,0.0048,60,0.0006
2016-01-24T23:30:00.000 ,23,31.023,31.0018,31.0371,0.0118,60,0.0015,1024.2068,1024.191,1024.218,0.0091,60,0.0012,0.4559,0.4001,0.5328,0.0428,60,0.0055,19.8817,17.4443,23.2316,1.8655,60,0.2408,9.7669,9.7618,9.7702,0.0019,60,0.0002,30.8737,30.8527,30.8878,0.0117,60,0.0015,96.4285,96.369,96.467,0.0313,60,0.004,96.7931,96.7336,96.8316,0.0313,60,0.004,23.7678,23.7522,23.7788,0.0089,60,0.0012,23.7694,23.7538,23.7805,0.0089,60,0.0012,9.7773,9.7722,9.7806,0.0019,60,0.0002
2016-01-25T00:30:00.000 ,23,31.0025,30.9361,31.0352,0.0339,60,0.0044,1024.1922,1024.1436,1024.2165,0.0249,60,0.0032,0.5234,0.4061,0.7493,0.121,60,0.0156,22.8235,17.709,32.6735,5.2783,60,0.6814,9.7597,9.7413,9.7666,0.0088,60,0.0011,30.8533,30.7873,30.8859,0.0337,60,0.0044,96.4559,96.409,96.474,0.0184,60,0.0024,96.8205,96.7736,96.8386,0.0184,60,0.0024,23.753,23.7044,23.7773,0.0249,60,0.0032,23.7547,23.7061,23.779,0.0249,60,0.0032,9.7701,9.7517,9.777,0.0088,60,0.0011
2016-01-25T01:30:00.000 ,23,30.8737,30.8123,30.9517,0.038,60,0.0049,1024.1003,1024.0576,1024.1556,0.0267,60,0.0034,1.0132,0.7011,1.2795,0.1516,60,0.0196,44.1848,30.5737,55.799,6.6115,60,0.8535,9.705,9.6694,9.7423,0.0194,60,0.0025,30.7252,30.6641,30.8028,0.0378,60,0.0049,96.2657,96.098,96.407,0.0937,60,0.0121,96.6303,96.4626,96.7716,0.0937,60,0.0121,23.6618,23.6197,23.7171,0.0265,60,0.0034,23.6634,23.6214,23.7188,0.0265,60,0.0034,9.7153,9.6797,9.7527,0.0194,60,0.0025
2016-01-25T02:30:00.000 ,23,30.8351,30.7823,30.9616,0.0465,60,0.006,1024.0731,1024.0376,1024.159,0.0315,60,0.0041,1.1823,0.6786,1.3957,0.1774,60,0.0229,51.5611,29.5904,60.8688,7.7364,60,0.9988,9.6761,9.6464,9.7459,0.0262,60,0.0034,30.6867,30.6342,30.8127,0.0462,60,0.006,95.8628,95.621,96.087,0.139,60,0.018,96.2274,95.9856,96.4516,0.139,60,0.018,23.6363,23.6001,23.7235,0.032,60,0.0041,23.638,23.6017,23.7252,0.032,60,0.0041,9.6864,9.6566,9.7562,0.0263,60,0.0034
2016-01-25T03:30:00.000 ,23,30.9686,30.9485,30.995,0.011,60,0.0014,1024.1632,1024.1486,1024.1828,0.0082,60,0.0011,0.6458,0.5642,0.7076,0.034,60,0.0044,28.1615,24.6028,30.8558,1.4844,60,0.1916,9.7457,9.736,9.7542,0.0043,60,0.0006,30.8197,30.7996,30.8459,0.011,60,0.0014,95.3481,95.079,95.611,0.1566,60,0.0202,95.7128,95.4436,95.9756,0.1566,60,0.0202,23.729,23.7147,23.7486,0.008,60,0.001,23.7306,23.7163,23.7502,0.008,60,0.001,9.756,9.7462,9.7645,0.0043,60,0.0006
2016-01-25T04:30:00.000 ,23,30.9638,30.9492,31.0271,0.0179,60,0.0023,1024.1569,1024.1464,1024.2023,0.0129,60,0.0017,0.6616,0.4459,0.7063,0.0572,60,0.0074,28.8496,19.4435,30.8016,2.4966,60,0.3223,9.746,9.7407,9.762,0.0048,60,0.0006,30.8149,30.8004,30.8779,0.0178,60,0.0023,94.7996,94.536,95.068,0.1585,60,0.0205,95.1643,94.9006,95.4326,0.1585,60,0.0205,23.7252,23.7146,23.7718,0.0132,60,0.0017,23.7268,23.7162,23.7735,0.0132,60,0.0017,9.7562,9.7509,9.7722,0.0048,60,0.0006
2016-01-25T05:30:00.000 ,23,30.9938,30.9581,31.0333,0.0222,60,0.0029,1024.1767,1024.1508,1024.2069,0.0166,60,0.0021,0.552,0.4245,0.6722,0.0743,60,0.0096,24.0726,18.511,29.3115,3.2419,60,0.4185,9.753,9.7436,9.7627,0.0057,60,0.0007,30.8448,30.8092,30.8841,0.0221,60,0.0028,94.2751,94.05,94.524,0.1418,60,0.0183,94.6397,94.4146,94.8886,0.1418,60,0.0183,23.7475,23.7212,23.7766,0.0164,60,0.0021,23.7491,23.7228,23.7782,0.0164,60,0.0021,9.7632,9.7537,9.7729,0.0057,60,0.0007
2016-01-25T06:30:00.000 ,23,30.9506,30.8843,31.0052,0.0357,60,0.0046,1024.1442,1024.097,1024.1847,0.0257,60,0.0033,0.7216,0.5427,0.9559,0.1284,60,0.0166,31.466,23.6653,41.687,5.6016,60,0.7232,9.7366,9.7089,9.7527,0.0137,60,0.0018,30.8017,30.7358,30.8561,0.0355,60,0.0046,93.9155,93.852,94.043,0.0551,60,0.0071,94.2801,94.2166,94.4076,0.0551,60,0.0071,23.7165,23.6694,23.7565,0.0256,60,0.0033,23.7181,23.671,23.7581,0.0256,60,0.0033,9.7466,9.7189,9.7628,0.0137,60,0.0018
2016-01-25T07:30:00.000 ,23,30.8503,30.7502,30.9648,0.0605,60,0.0078,1024.0744,1024.0076,1024.1533,0.0407,60,0.0053,1.1147,0.6876,1.47,0.2325,60,0.03,48.6145,29.9862,64.1126,10.1415,60,1.3093,9.6857,9.6185,9.7485,0.0389,60,0.005,30.7019,30.6023,30.8159,0.0602,60,0.0078,93.8776,93.85,93.941,0.0264,60,0.0034,94.2423,94.2146,94.3056,0.0264,60,0.0034,23.6467,23.5796,23.7259,0.0409,60,0.0053,23.6483,23.5812,23.7276,0.0409,60,0.0053,9.6957,9.6285,9.7586,0.0389,60,0.005
2016-01-25T08:30:00.000 ,23,30.9154,30.783,31.0052,0.064,60,0.0083,1024.1213,1024.029,1024.1848,0.0449,60,0.0058,0.8685,0.5247,1.3636,0.2515,60,0.0325,37.8761,22.8809,59.469,10.971,60,1.4163,9.7151,9.6457,9.7527,0.0319,60,0.0041,30.7667,30.635,30.8561,0.0637,60,0.0082,94.1179,93.943,94.323,0.1146,60,0.0148,94.4826,94.3076,94.6876,0.1146,60,0.0148,23.6926,23.6008,23.7563,0.0447,60,0.0058,23.6942,23.6024,23.758,0.0447,60,0.0058,9.7252,9.6557,9.7628,0.0319,60,0.0041
2016-01-25T09:30:00.000 ,23,31.0148,30.9592,31.0451,0.0319,60,0.0041,1024.1941,1024.152,1024.217,0.0245,60,0.0032,0.4942,0.3813,0.6923,0.117,60,0.0151,21.5505,16.6274,30.1911,5.1005,60,0.6585,9.7535,9.7418,9.7597,0.0054,60,0.0007,30.8656,30.8103,30.8958,0.0317,60,0.0041,94.5458,94.329,94.797,0.1353,60,0.0175,94.9104,94.6936,95.1616,0.1353,60,0.0175,23.7636,23.7221,23.7863,0.024,60,0.0031,23.7653,23.7237,23.788,0.024,60,0.0031,9.7637,9.7519,9.7699,0.0054,60,0.0007
2016-01-25T10:30:00.000 ,23,31.0559,31.0328,31.0771,0.0122,60,0.0016,1024.2289,1024.2099,1024.2458,0.0102,60,0.0013,0.3501,0.2986,0.4001,0.032,60,0.0041,15.2665,13.0183,17.4469,1.3961,60,0.1802,9.7513,9.7469,9.756,0.0025,60,0.0003,30.9066,30.8835,30.9276,0.0121,60,0.0016,95.0982,94.809,95.373,0.1635,60,0.0211,95.4628,95.1736,95.7376,0.1635,60,0.0211,23.7959,23.7779,23.8125,0.0096,60,0.0012,23.7976,23.7796,23.8141,0.0096,60,0.0012,9.7616,9.7571,9.7662,0.0025,60,0.0003
2016-01-25T11:30:00.000 ,23,30.9858,30.9216,31.0781,0.0628,60,0.0081,1024.1796,1024.1344,1024.2478,0.0458,60,0.0059,0.581,0.2796,0.8049,0.2093,60,0.027,25.3357,12.1928,35.1023,9.1262,60,1.1782,9.7363,9.7151,9.7562,0.0142,60,0.0018,30.8368,30.7729,30.9286,0.0625,60,0.0081,95.6978,95.376,95.995,0.1861,60,0.024,96.0624,95.7406,96.3596,0.1861,60,0.024,23.7438,23.6973,23.8129,0.0466,60,0.006,23.7455,23.6989,23.8146,0.0466,60,0.006,9.7465,9.7254,9.7665,0.0142,60,0.0018
2016-01-25T12:30:00.000 ,23,30.9299,30.9039,30.9676,0.0183,60,0.0024,1024.1408,1024.1237,1024.1679,0.0125,60,0.0016,0.7808,0.6623,0.8791,0.0651,60,0.0084,34.0486,28.8814,38.3383,2.8379,60,0.3664,9.7234,9.7099,9.7371,0.0093,60,0.0012,30.7811,30.7552,30.8186,0.0182,60,0.0024,96.2353,96.002,96.45,0.1326,60,0.0171,96.5999,96.3666,96.8146,0.1326,60,0.0171,23.7025,23.6843,23.7295,0.0128,60,0.0016,23.7041,23.686,23.7312,0.0128,60,0.0016,9.7337,9.7202,9.7474,0.0093,60,0.0012
2016-01-25T13:30:00.000 ,23,30.9193,30.9024,30.9423,0.0141,60,0.0018,1024.1346,1024.1202,1024.1519,0.0103,60,0.0013,0.8229,0.7388,0.8837,0.0519,60,0.0067,35.8851,32.2182,38.5358,2.2648,60,0.2924,9.7214,9.7095,9.7307,0.0072,60,0.0009,30.7705,30.7537,30.7934,0.014,60,0.0018,96.6222,96.459,96.767,0.0907,60,0.0117,96.9869,96.8236,97.1316,0.0907,60,0.0117,23.6945,23.6804,23.7112,0.01,60,0.0013,23.6961,23.682,23.7128,0.01,60,0.0013,9.7318,9.7198,9.7411,0.0072,60,0.0009
2016-01-25T14:30:00.000 ,23,30.9255,30.9046,30.9544,0.0132,60,0.0017,1024.14,1024.1251,1024.16,0.0094,60,0.0012,0.8035,0.7019,0.8589,0.0473,60,0.0061,35.0386,30.6071,37.4541,2.0631,60,0.2663,9.7243,9.7169,9.7401,0.0052,60,0.0007,30.7767,30.7559,30.8055,0.0131,60,0.0017,96.8507,96.773,96.889,0.0363,60,0.0047,97.2154,97.1376,97.2536,0.0363,60,0.0047,23.6989,23.6838,23.7188,0.0095,60,0.0012,23.7005,23.6855,23.7205,0.0095,60,0.0012,9.7347,9.7273,9.7505,0.0052,60,0.0007
2016-01-25T15:30:00.000 ,23,30.9834,30.9561,31.01,0.0151,60,0.0019,1024.1805,1024.1603,1024.2004,0.011,60,0.0014,0.593,0.5071,0.6965,0.0547,60,0.0071,25.8602,22.112,30.3714,2.385,60,0.3079,9.7504,9.7404,9.756,0.0052,60,0.0007,30.8343,30.8072,30.8608,0.015,60,0.0019,96.8162,96.738,96.883,0.0439,60,0.0057,97.1808,97.1026,97.2476,0.0439,60,0.0057,23.7397,23.7192,23.7594,0.011,60,0.0014,23.7413,23.7208,23.7611,0.011,60,0.0014,9.7608,9.7508,9.7664,0.0052,60,0.0007
2016-01-25T16:30:00.000 ,23,30.9872,30.9451,31.0105,0.0194,60,0.0025,1024.1826,1024.152,1024.1997,0.0142,60,0.0018,0.5748,0.4932,0.6995,0.0633,60,0.0082,25.0631,21.5066,30.5024,2.7595,60,0.3563,9.7508,9.7354,9.7599,0.0073,60,0.0009,30.8381,30.7962,30.8613,0.0193,60,0.0025,96.6255,96.494,96.732,0.0725,60,0.0094,96.9902,96.8586,97.0966,0.0725,60,0.0094,23.7426,23.7123,23.7595,0.014,60,0.0018,23.7442,23.714,23.7612,0.014,60,0.0018,9.7612,9.7458,9.7703,0.0073,60,0.0009
2016-01-25T17:30:00.000 ,23,31.002,30.9719,31.0325,0.0174,60,0.0022,1024.193,1024.1703,1024.2166,0.0131,60,0.0017,0.5196,0.4201,0.6266,0.061,60,0.0079,22.6591,18.3189,27.3252,2.6595,60,0.3433,9.75,9.7427,9.7573,0.0048,60,0.0006,30.8529,30.8229,30.8832,0.0173,60,0.0022,96.3671,96.254,96.492,0.0678,60,0.0087,96.7317,96.6186,96.8566,0.0678,60,0.0087,23.7542,23.732,23.7778,0.013,60,0.0017,23.7559,23.7336,23.7794,0.013,60,0.0017,9.7603,9.753,9.7677,0.0048,60,0.0006
2016-01-25T18:30:00.000 ,23,30.971,30.9332,31.0009,0.0152,60,0.002,1024.1695,1024.1423,1024.1915,0.0111,60,0.0014,0.6298,0.521,0.758,0.0512,60,0.0066,27.4653,22.7201,33.0525,2.2309,60,0.288,9.7404,9.7219,9.749,0.0057,60,0.0007,30.822,30.7844,30.8518,0.0151,60,0.002,96.1327,96.023,96.255,0.0684,60,0.0088,96.4973,96.3876,96.6196,0.0684,60,0.0088,23.7317,23.7047,23.754,0.0111,60,0.0014,23.7333,23.7064,23.7556,0.0111,60,0.0014,9.7507,9.7322,9.7593,0.0057,60,0.0007
2016-01-25T19:30:00.000 ,23,30.9137,30.8535,30.979,0.032,60,0.0041,1024.127,1024.0835,1024.175,0.0237,60,0.0031,0.8579,0.6225,1.0757,0.1209,60,0.0156,37.4132,27.1442,46.9105,5.2736,60,0.6808,9.7227,9.6958,9.7408,0.0094,60,0.0012,30.765,30.7051,30.83,0.0318,60,0.0041,95.9501,95.903,96.019,0.0321,60,0.0041,96.3147,96.2676,96.3836,0.0321,60,0.0041,23.69,23.6465,23.7378,0.0237,60,0.0031,23.6916,23.6481,23.7395,0.0237,60,0.0031,9.733,9.7061,9.7511,0.0094,60,0.0012
2016-01-25T20:30:00.000 ,23,30.9471,30.8965,30.9603,0.0123,60,0.0016,1024.1496,1024.1134,1024.1597,0.0088,60,0.0011,0.7122,0.658,0.8984,0.0538,60,0.0069,31.0585,28.6933,39.1772,2.3478,60,0.3031,9.7417,9.723,9.7487,0.0051,60,0.0007,30.7983,30.7479,30.8114,0.0123,60,0.0016,95.8774,95.864,95.904,0.0104,60,0.0013,96.242,96.2286,96.2686,0.0104,60,0.0013,23.7129,23.6766,23.7231,0.0088,60,0.0011,23.7146,23.6783,23.7247,0.0088,60,0.0011,9.752,9.7333,9.759,0.0051,60,0.0007
2016-01-25T21:30:00.000 ,23,30.9828,30.956,31.0031,0.0114,60,0.0015,1024.1776,1024.1561,1024.1935,0.009,60,0.0012,0.5904,0.5201,0.6908,0.0404,60,0.0052,25.7461,22.6794,30.1253,1.7615,60,0.2274,9.7408,9.7352,9.7453,0.0022,60,0.0003,30.8337,30.8071,30.854,0.0113,60,0.0015,95.9271,95.877,96,0.0359,60,0.0046,96.2917,96.2416,96.3646,0.0359,60,0.0046,23.7408,23.7194,23.7564,0.0089,60,0.0011,23.7424,23.7211,23.758,0.0089,60,0.0011,9.7512,9.7455,9.7556,0.0022,60,0.0003
2016-01-25T22:30:00.000 ,23,30.9861,30.9562,31.0189,0.014,60,0.0018,1024.1813,1024.1589,1024.2055,0.0105,60,0.0014,0.5786,0.4639,0.6673,0.0443,60,0.0057,25.2293,20.2276,29.1011,1.934,60,0.2497,9.7387,9.7316,9.7497,0.0038,60,0.0005,30.837,30.8073,30.8697,0.0139,60,0.0018,96.103,96.006,96.198,0.0574,60,0.0074,96.4676,96.3706,96.5626,0.0574,60,0.0074,23.7436,23.7213,23.7675,0.0104,60,0.0013,23.7453,23.723,23.7692,0.0104,60,0.0013,9.749,9.7419,9.7601,0.0038,60,0.0005
2016-01-25T23:30:00.000 ,23,30.9601,30.8997,31.0295,0.036,60,0.0046,1024.163,1024.1192,1024.2136,0.026,60,0.0034,0.6767,0.4281,0.8875,0.1263,60,0.0163,29.509,18.6685,38.7023,5.5089,60,0.7112,9.7322,9.7144,9.7506,0.011,60,0.0014,30.8112,30.751,30.8802,0.0358,60,0.0046,96.2735,96.2,96.344,0.0442,60,0.0057,96.6381,96.5646,96.7086,0.0442,60,0.0057,23.7245,23.6804,23.7755,0.0262,60,0.0034,23.7262,23.682,23.7771,0.0262,60,0.0034,9.7425,9.7247,9.761,0.011,60,0.0014
2016-01-26T00:30:00.000 ,23,30.8878,30.8597,30.9074,0.0153,60,0.002,1024.1102,1024.0895,1024.1247,0.0113,60,0.0015,0.9551,0.8794,1.0704,0.0629,60,0.0081,41.6525,38.35,46.6795,2.7449,60,0.3544,9.7146,9.7074,9.7202,0.0039,60,0.0005,30.7392,30.7112,30.7587,0.0153,60,0.002,96.3722,96.35,96.384,0.0098,60,0.0013,96.7368,96.7146,96.7486,0.0098,60,0.0013,23.6712,23.6504,23.6857,0.0113,60,0.0015,23.6728,23.6521,23.6874,0.0113,60,0.0015,9.7249,9.7177,9.7305,0.0039,60,0.0005
2016-01-26T01:30:00.000 ,23,30.853,30.8323,30.8731,0.0124,60,0.0016,1024.0845,1024.0691,1024.0994,0.0092,60,0.0012,1.1012,1.0209,1.1816,0.0516,60,0.0067,48.0253,44.5212,51.5294,2.2512,60,0.2906,9.7056,9.6997,9.711,0.0034,60,0.0004,30.7046,30.684,30.7246,0.0124,60,0.0016,96.3535,96.293,96.377,0.0238,60,0.0031,96.7181,96.6576,96.7416,0.0238,60,0.0031,23.6456,23.6304,23.6604,0.0091,60,0.0012,23.6472,23.632,23.662,0.0091,60,0.0012,9.7159,9.71,9.7213,0.0034,60,0.0004
2016-01-26T02:30:00.000 ,23,30.8265,30.7794,30.8659,0.0218,60,0.0028,1024.0643,1024.0278,1024.0942,0.0167,60,0.0022,1.2062,1.0642,1.4159,0.0941,60,0.0122,52.6028,46.4094,61.7518,4.1058,60,0.5301,9.6974,9.6915,9.7025,0.0029,60,0.0004,30.6782,30.6313,30.7174,0.0217,60,0.0028,96.1331,95.963,96.288,0.0941,60,0.0121,96.4978,96.3276,96.6526,0.0941,60,0.0121,23.6263,23.5905,23.6562,0.0165,60,0.0021,23.6279,23.5921,23.6578,0.0165,60,0.0021,9.7077,9.7018,9.7128,0.0029,60,0.0004
2016-01-26T03:30:00.000 ,23,30.8365,30.7766,30.8819,0.0398,60,0.0051,1024.0695,1024.0253,1024.1025,0.0291,60,0.0038,1.18,0.9874,1.4283,0.168,60,0.0217,51.4604,43.0599,62.2922,7.3279,60,0.946,9.7021,9.6923,9.712,0.0079,60,0.001,30.6881,30.6286,30.7334,0.0396,60,0.0051,95.7463,95.503,95.964,0.1373,60,0.0177,96.1109,95.8676,96.3286,0.1373,60,0.0177,23.6333,23.5883,23.6671,0.0297,60,0.0038,23.6349,23.5899,23.6687,0.0297,60,0.0038,9.7123,9.7025,9.7222,0.0079,60,0.001
2016-01-26T04:30:00.000 ,23,30.9168,30.8694,30.9583,0.0223,60,0.0029,1024.1261,1024.0929,1024.1559,0.0157,60,0.002,0.8461,0.686,1.0326,0.0876,60,0.0113,36.8986,29.9133,45.0301,3.8187,60,0.493,9.7234,9.7074,9.7371,0.0077,60,0.001,30.7681,30.7209,30.8094,0.0222,60,0.0029,95.2407,94.992,95.495,0.1501,60,0.0194,95.6054,95.3566,95.8596,0.1501,60,0.0194,23.6923,23.658,23.7224,0.0161,60,0.0021,23.6939,23.6597,23.724,0.0161,60,0.0021,9.7337,9.7176,9.7473,0.0077,60,0.001
2016-01-26T05:30:00.000 ,23,30.8714,30.8202,30.9344,0.0398,60,0.0051,1024.0914,1024.054,1024.1377,0.0296,60,0.0038,1.0201,0.7489,1.212,0.1648,60,0.0213,44.486,32.6576,52.8555,7.1888,60,0.9281,9.7055,9.6926,9.7291,0.0117,60,0.0015,30.7229,30.672,30.7856,0.0397,60,0.0051,94.72,94.461,94.982,0.1571,60,0.0203,95.0847,94.8256,95.3466,0.1571,60,0.0203,23.6599,23.6223,23.7051,0.0291,60,0.0038,23.6615,23.6239,23.7067,0.0291,60,0.0038,9.7156,9.7027,9.7393,0.0117,60,0.0015
2016-01-26T06:30:00.000 ,23,30.9995,30.9028,31.0576,0.0491,60,0.0063,1024.183,1024.1134,1024.2266,0.0358,60,0.0046,0.5417,0.3534,0.9078,0.1684,60,0.0217,23.6237,15.4114,39.5889,7.3444,60,0.9482,9.7409,9.7132,9.7541,0.0123,60,0.0016,30.8505,30.7542,30.9082,0.0489,60,0.0063,94.2489,94.08,94.453,0.1119,60,0.0144,94.6136,94.4446,94.8176,0.1119,60,0.0144,23.7538,23.6831,23.7976,0.0362,60,0.0047,23.7554,23.6847,23.7992,0.0362,60,0.0047,9.751,9.7233,9.7642,0.0123,60,0.0016
2016-01-26T07:30:00.000 ,23,30.9811,30.9417,31.0211,0.0238,60,0.0031,1024.1671,1024.1381,1024.1969,0.0175,60,0.0023,0.596,0.4637,0.7382,0.0788,60,0.0102,25.9891,20.2196,32.1928,3.4351,60,0.4435,9.7448,9.734,9.7538,0.0064,60,0.0008,30.8322,30.7929,30.8719,0.0237,60,0.0031,94.022,94.001,94.079,0.0204,60,0.0026,94.3866,94.3656,94.4436,0.0204,60,0.0026,23.7389,23.71,23.7685,0.0175,60,0.0023,23.7405,23.7116,23.7701,0.0175,60,0.0023,9.7549,9.7441,9.7639,0.0064,60,0.0008
2016-01-26T08:30:00.000 ,23,30.9099,30.8803,30.9431,0.0183,60,0.0024,1024.1155,1024.0943,1024.1393,0.013,60,0.0017,0.8511,0.7329,0.9606,0.0693,60,0.0089,37.1148,31.9598,41.8932,3.0218,60,0.3901,9.723,9.7157,9.7339,0.0058,60,0.0008,30.7612,30.7318,30.7943,0.0182,60,0.0023,94.0727,94.005,94.201,0.0586,60,0.0076,94.4374,94.3696,94.5656,0.0586,60,0.0076,23.687,23.6652,23.7111,0.0133,60,0.0017,23.6887,23.6668,23.7127,0.0133,60,0.0017,9.7331,9.7258,9.744,0.0058,60,0.0008
2016-01-26T09:30:00.000 ,23,30.8609,30.8389,30.9383,0.0186,60,0.0024,1024.0807,1024.065,1024.1389,0.0136,60,0.0018,1.0565,0.8246,1.147,0.0706,60,0.0091,46.0747,35.9614,50.0242,3.0811,60,0.3978,9.7128,9.7046,9.7299,0.0052,60,0.0007,30.7125,30.6906,30.7895,0.0185,60,0.0024,94.3981,94.206,94.603,0.1153,60,0.0149,94.7627,94.5706,94.9676,0.1153,60,0.0149,23.6506,23.6346,23.708,0.0136,60,0.0018,23.6522,23.6362,23.7096,0.0136,60,0.0018,9.7229,9.7147,9.7401,0.0052,60,0.0007
2016-01-26T10:30:00.000 ,23,30.988,30.9372,31.0102,0.018,60,0.0023,1024.177,1024.1399,1024.1932,0.0131,60,0.0017,0.5776,0.5056,0.7364,0.0603,60,0.0078,25.1885,22.0489,32.1128,2.6317,60,0.3397,9.7397,9.7273,9.7464,0.0051,60,0.0007,30.8389,30.7884,30.8611,0.0179,60,0.0023,94.8555,94.611,95.117,0.1526,60,0.0197,95.2201,94.9756,95.4816,0.1526,60,0.0197,23.745,23.7075,23.7612,0.0133,60,0.0017,23.7466,23.7091,23.7629,0.0133,60,0.0017,9.7499,9.7375,9.7566,0.0051,60,0.0007
2016-01-26T11:30:00.000 ,23,30.9598,30.9081,31.0129,0.0312,60,0.004,1024.1592,1024.1223,1024.1979,0.0225,60,0.0029,0.6757,0.5072,0.8496,0.111,60,0.0143,29.4637,22.1162,37.0487,4.8404,60,0.6249,9.7292,9.7177,9.7405,0.0065,60,0.0008,30.8109,30.7594,30.8637,0.0311,60,0.004,95.3885,95.125,95.685,0.1667,60,0.0215,95.7531,95.4896,96.0496,0.1667,60,0.0215,23.7248,23.6864,23.7643,0.0232,60,0.003,23.7264,23.6881,23.766,0.0232,60,0.003,9.7394,9.728,9.7507,0.0065,60,0.0008
2016-01-26T12:30:00.000 ,23,30.9046,30.8648,30.9747,0.0393,60,0.0051,1024.1209,1024.0922,1024.1725,0.0289,60,0.0037,0.8943,0.6179,1.0468,0.1497,60,0.0193,39.0004,26.9451,45.651,6.5279,60,0.8428,9.7176,9.7067,9.7394,0.0123,60,0.0016,30.7559,30.7163,30.8257,0.0391,60,0.005,95.9743,95.692,96.214,0.1563,60,0.0202,96.3389,96.0566,96.5786,0.1563,60,0.0202,23.6837,23.6545,23.7347,0.0285,60,0.0037,23.6854,23.6562,23.7364,0.0285,60,0.0037,9.7279,9.717,9.7497,0.0123,60,0.0016
2016-01-26T13:30:00.000 ,23,30.9367,30.9067,30.9635,0.0162,60,0.0021,1024.1461,1024.1248,1024.1648,0.0113,60,0.0015,0.7583,0.6612,0.8588,0.0562,60,0.0073,33.0659,28.8334,37.4497,2.4495,60,0.3162,9.7288,9.7193,9.7402,0.0053,60,0.0007,30.7879,30.758,30.8145,0.0161,60,0.0021,96.4409,96.223,96.628,0.121,60,0.0156,96.8056,96.5876,96.9926,0.121,60,0.0156,23.7069,23.6851,23.7262,0.0117,60,0.0015,23.7086,23.6867,23.7279,0.0117,60,0.0015,9.7391,9.7297,9.7505,0.0053,60,0.0007
2016-01-26T14:30:00.000 ,23,30.9135,30.8795,30.9292,0.0129,60,0.0017,1024.1302,1024.1058,1024.1416,0.0092,60,0.0012,0.8484,0.7865,0.9727,0.0491,60,0.0063,36.9994,34.2963,42.4182,2.1413,60,0.2764,9.7249,9.7105,9.7329,0.0063,60,0.0008,30.7648,30.7309,30.7804,0.0128,60,0.0017,96.7644,96.635,96.867,0.0693,60,0.0089,97.129,96.9996,97.2316,0.0693,60,0.0089,23.6895,23.6653,23.7005,0.009,60,0.0012,23.6911,23.667,23.7022,0.009,60,0.0012,9.7353,9.7209,9.7433,0.0063,60,0.0008
2016-01-26T15:30:00.000 ,23,30.9425,30.9304,30.9579,0.0092,60,0.0012,1024.1514,1024.1424,1024.1626,0.0067,60,0.0009,0.7377,0.6788,0.7894,0.0337,60,0.0044,32.1704,29.599,34.4228,1.4712,60,0.1899,9.7366,9.7322,9.7408,0.0026,60,0.0003,30.7936,30.7816,30.809,0.0091,60,0.0012,96.8975,96.862,96.923,0.0173,60,0.0022,97.2621,97.2266,97.2876,0.0173,60,0.0022,23.7101,23.7013,23.7214,0.0068,60,0.0009,23.7118,23.7029,23.7231,0.0068,60,0.0009,9.747,9.7426,9.7512,0.0026,60,0.0003
2016-01-26T16:30:00.000 ,23,30.9925,30.9565,31.0349,0.0231,60,0.003,1024.1878,1024.1614,1024.2197,0.0171,60,0.0022,0.5548,0.4075,0.6853,0.0828,60,0.0107,24.1947,17.7683,29.8846,3.6089,60,0.4659,9.7478,9.7404,9.7565,0.0042,60,0.0005,30.8434,30.8076,30.8856,0.023,60,0.003,96.7671,96.682,96.854,0.0478,60,0.0062,97.1318,97.0466,97.2186,0.0478,60,0.0062,23.7472,23.7204,23.7795,0.0173,60,0.0022,23.7488,23.722,23.7811,0.0173,60,0.0022,9.7582,9.7508,9.7669,0.0042,60,0.0005
2016-01-26T17:30:00.000 ,23,31.0047,30.9741,31.0375,0.024,60,0.0031,1024.1962,1024.1724,1024.2212,0.0182,60,0.0024,0.502,0.3924,0.5926,0.0821,60,0.0106,21.8906,17.1113,25.8401,3.5811,60,0.4623,9.7475,9.7393,9.7547,0.0049,60,0.0006,30.8555,30.8251,30.8882,0.0239,60,0.0031,96.5333,96.387,96.677,0.0895,60,0.0116,96.898,96.7516,97.0416,0.0895,60,0.0116,23.7567,23.7331,23.7813,0.018,60,0.0023,23.7583,23.7348,23.783,0.018,60,0.0023,9.7579,9.7497,9.7651,0.0049,60,0.0006
2016-01-26T18:30:00.000 ,23,31.0109,30.9782,31.0491,0.0178,60,0.0023,1024.1999,1024.1751,1024.2295,0.0138,60,0.0018,0.4739,0.3489,0.5765,0.0579,60,0.0075,20.6639,15.2154,25.139,2.5242,60,0.3259,9.7468,9.742,9.7499,0.0017,60,0.0002,30.8617,30.8292,30.8997,0.0177,60,0.0023,96.2601,96.13,96.379,0.0747,60,0.0096,96.6247,96.4946,96.7436,0.0747,60,0.0096,23.7616,23.737,23.7911,0.0137,60,0.0018,23.7633,23.7387,23.7927,0.0137,60,0.0018,9.7571,9.7523,9.7603,0.0017,60,0.0002
2016-01-26T19:30:00.000 ,23,30.9402,30.9167,30.9976,0.0176,60,0.0023,1024.1451,1024.1268,1024.1887,0.0136,60,0.0018,0.7179,0.5342,0.8056,0.0646,60,0.0083,31.3077,23.2924,35.1293,2.819,60,0.3639,9.7386,9.7302,9.7485,0.0025,60,0.0003,30.7913,30.768,30.8485,0.0175,60,0.0023,95.9673,95.838,96.12,0.0791,60,0.0102,96.332,96.2026,96.4846,0.0791,60,0.0102,23.708,23.69,23.751,0.0133,60,0.0017,23.7097,23.6917,23.7527,0.0133,60,0.0017,9.7489,9.7405,9.7588,0.0025,60,0.0003
2016-01-26T20:30:00.000 ,23,30.9282,30.8878,30.9598,0.0187,60,0.0024,1024.1354,1024.1059,1024.1594,0.0143,60,0.0018,0.7829,0.6624,0.9346,0.0725,60,0.0094,34.1399,28.8865,40.7587,3.1622,60,0.4082,9.7368,9.7247,9.7401,0.0032,60,0.0004,30.7794,30.7392,30.8109,0.0186,60,0.0024,95.8052,95.786,95.84,0.0136,60,0.0018,96.1698,96.1506,96.2046,0.0136,60,0.0018,23.699,23.6696,23.7232,0.0143,60,0.0018,23.7007,23.6712,23.7248,0.0143,60,0.0018,9.747,9.735,9.7504,0.0032,60,0.0004
2016-01-26T21:30:00.000 ,23,30.9814,30.9335,31.0476,0.0318,60,0.0041,1024.1756,1024.1402,1024.2262,0.024,60,0.0031,0.5936,0.3713,0.7638,0.1095,60,0.0141,25.8866,16.1893,33.3057,4.7762,60,0.6166,9.7419,9.7314,9.747,0.0044,60,0.0006,30.8324,30.7847,30.8983,0.0316,60,0.0041,95.7573,95.744,95.787,0.011,60,0.0014,96.1219,96.1086,96.1516,0.011,60,0.0014,23.7395,23.704,23.7902,0.0241,60,0.0031,23.7412,23.7056,23.7918,0.0241,60,0.0031,9.7522,9.7417,9.7573,0.0045,60,0.0006
2016-01-26T22:30:00.000 ,23,31.0175,30.9692,31.0643,0.0306,60,0.004,1024.2038,1024.1673,1024.2396,0.0228,60,0.0029,0.4682,0.3294,0.6228,0.1017,60,0.0131,20.416,14.3652,27.1576,4.4354,60,0.5726,9.7434,9.7354,9.7543,0.0048,60,0.0006,30.8683,30.8202,30.9149,0.0305,60,0.0039,95.8666,95.763,95.939,0.0577,60,0.0074,96.2312,96.1276,96.3036,0.0577,60,0.0074,23.7673,23.7306,23.8031,0.0231,60,0.003,23.7689,23.7322,23.8047,0.0231,60,0.003,9.7537,9.7457,9.7646,0.0048,60,0.0006
2016-01-26T23:30:00.000 ,23,30.9786,30.933,31.0181,0.0242,60,0.0031,1024.175,1024.1409,1024.2048,0.0181,60,0.0023,0.601,0.4683,0.7562,0.0857,60,0.0111,26.2065,20.4202,32.9775,3.7358,60,0.4823,9.7382,9.7329,9.7428,0.0033,60,0.0004,30.8295,30.7842,30.8689,0.0241,60,0.0031,95.9906,95.933,96.074,0.0427,60,0.0055,96.3552,96.2976,96.4386,0.0427,60,0.0055,23.7379,23.7034,23.7679,0.0183,60,0.0024,23.7395,23.705,23.7695,0.0183,60,0.0024,9.7485,9.7432,9.7531,0.0033,60,0.0004
2016-01-27T00:30:00.000 ,23,30.9195,30.9059,30.9387,0.0074,60,0.001,1024.1309,1024.121,1024.1455,0.0055,60,0.0007,0.8138,0.7545,0.87,0.0272,60,0.0035,35.4873,32.9021,37.94,1.1857,60,0.1531,9.7316,9.7274,9.7354,0.0016,60,0.0002,30.7707,30.7572,30.7899,0.0074,60,0.001,96.1325,96.078,96.169,0.0228,60,0.0029,96.4971,96.4426,96.5336,0.0228,60,0.0029,23.693,23.6832,23.7078,0.0056,60,0.0007,23.6947,23.6848,23.7095,0.0056,60,0.0007,9.7419,9.7377,9.7457,0.0016,60,0.0002
2016-01-27T01:30:00.000 ,23,30.9103,30.8604,30.9295,0.0167,60,0.0022,1024.1239,1024.087,1024.1384,0.0125,60,0.0016,0.8432,0.7655,1.0184,0.0601,60,0.0078,36.7724,33.3804,44.414,2.6218,60,0.3385,9.7329,9.722,9.7352,0.0029,60,0.0004,30.7616,30.7119,30.7807,0.0166,60,0.0021,96.209,96.172,96.229,0.0164,60,0.0021,96.5736,96.5366,96.5936,0.0164,60,0.0021,23.6857,23.6487,23.7004,0.0125,60,0.0016,23.6874,23.6503,23.702,0.0125,60,0.0016,9.7433,9.7323,9.7455,0.0029,60,0.0004
2016-01-27T02:30:00.000 ,23,30.8978,30.8523,30.9333,0.0189,60,0.0024,1024.115,1024.0812,1024.1421,0.0142,60,0.0018,0.8952,0.7755,1.069,0.0709,60,0.0092,39.0374,33.8184,46.6195,3.093,60,0.3993,9.7278,9.7191,9.7355,0.0037,60,0.0005,30.7492,30.7039,30.7845,0.0189,60,0.0024,96.1922,96.111,96.223,0.0334,60,0.0043,96.5568,96.4756,96.5876,0.0334,60,0.0043,23.6769,23.6429,23.7043,0.0143,60,0.0018,23.6785,23.6445,23.706,0.0143,60,0.0018,9.7381,9.7294,9.7458,0.0037,60,0.0005
2016-01-27T03:30:00.000 ,23,30.9299,30.9143,30.9436,0.0082,60,0.0011,1024.1384,1024.1272,1024.1489,0.0062,60,0.0008,0.7792,0.7253,0.8414,0.0315,60,0.0041,33.9802,31.6303,36.6936,1.3749,60,0.1775,9.73,9.7244,9.7348,0.0026,60,0.0003,30.7811,30.7656,30.7947,0.0081,60,0.0011,95.9391,95.762,96.108,0.1014,60,0.0131,96.3038,96.1266,96.4726,0.1014,60,0.0131,23.7014,23.6901,23.7117,0.0061,60,0.0008,23.7031,23.6918,23.7134,0.0061,60,0.0008,9.7403,9.7347,9.7451,0.0026,60,0.0003
2016-01-27T04:30:00.000 ,23,30.9329,30.9097,30.9711,0.0204,60,0.0026,1024.1382,1024.1212,1024.1657,0.0145,60,0.0019,0.7717,0.6237,0.8663,0.0824,60,0.0106,33.6507,27.196,37.7766,3.595,60,0.4641,9.734,9.7273,9.7437,0.0052,60,0.0007,30.7842,30.761,30.8221,0.0203,60,0.0026,95.5311,95.304,95.75,0.1363,60,0.0176,95.8957,95.6686,96.1146,0.1363,60,0.0176,23.7032,23.6861,23.7313,0.0151,60,0.0019,23.7048,23.6877,23.7329,0.0151,60,0.0019,9.7442,9.7375,9.7539,0.0052,60,0.0007
2016-01-27T05:30:00.000 ,23,30.946,30.9248,30.9615,0.008,60,0.001,1024.1453,1024.1307,1024.1557,0.0054,60,0.0007,0.7182,0.6724,0.7729,0.0273,60,0.0035,31.32,29.3222,33.7031,1.1923,60,0.1539,9.7396,9.7304,9.7477,0.0033,60,0.0004,30.7971,30.7761,30.8126,0.008,60,0.001,95.0612,94.831,95.292,0.1373,60,0.0177,95.4258,95.1956,95.6566,0.1373,60,0.0177,23.7124,23.6975,23.7232,0.0057,60,0.0007,23.714,23.6991,23.7248,0.0057,60,0.0007,9.7498,9.7406,9.7579,0.0033,60,0.0004
2016-01-27T06:30:00.000 ,23,30.9607,30.9098,30.9847,0.0236,60,0.003,1024.1541,1024.1186,1024.1708,0.0163,60,0.0021,0.6676,0.5909,0.8053,0.0762,60,0.0098,29.1125,25.7685,35.1198,3.3233,60,0.429,9.7433,9.7236,9.7536,0.0093,60,0.0012,30.8118,30.7611,30.8357,0.0235,60,0.003,94.6212,94.436,94.825,0.118,60,0.0152,94.9858,94.8006,95.1896,0.118,60,0.0152,23.7232,23.6868,23.7408,0.0168,60,0.0022,23.7249,23.6885,23.7424,0.0168,60,0.0022,9.7535,9.7338,9.7638,0.0093,60,0.0012
2016-01-27T07:30:00.000 ,23,30.9725,30.8534,31.0215,0.037,60,0.0048,1024.1622,1024.0761,1024.1991,0.027,60,0.0035,0.6262,0.4599,1.0639,0.1334,60,0.0172,27.309,20.0541,46.3949,5.8188,60,0.7512,9.7421,9.7003,9.7498,0.0121,60,0.0016,30.8236,30.705,30.8723,0.0369,60,0.0048,94.3171,94.231,94.428,0.0573,60,0.0074,94.6817,94.5956,94.7926,0.0573,60,0.0074,23.7326,23.6467,23.7694,0.0269,60,0.0035,23.7343,23.6483,23.771,0.0269,60,0.0035,9.7522,9.7104,9.76,0.0121,60,0.0016
2016-01-27T08:30:00.000 ,23,30.9429,30.9205,30.9602,0.0117,60,0.0015,1024.1397,1024.1233,1024.1521,0.0086,60,0.0011,0.7259,0.6644,0.8032,0.0459,60,0.0059,31.6548,28.9745,35.0258,2.0016,60,0.2584,9.736,9.7298,9.7425,0.0031,60,0.0004,30.7941,30.7718,30.8113,0.0116,60,0.0015,94.2142,94.204,94.236,0.0084,60,0.0011,94.5788,94.5686,94.6006,0.0084,60,0.0011,23.7106,23.6942,23.7231,0.0086,60,0.0011,23.7122,23.6958,23.7247,0.0086,60,0.0011,9.7461,9.7399,9.7526,0.0031,60,0.0004
2016-01-27T09:30:00.000 ,23,30.937,30.9214,30.9881,0.0156,60,0.002,1024.1363,1024.1246,1024.1748,0.0118,60,0.0015,0.7491,0.6087,0.8109,0.055,60,0.0071,32.6685,26.5423,35.3604,2.3994,60,0.3098,9.7326,9.7259,9.7441,0.0039,60,0.0005,30.7882,30.7727,30.8391,0.0155,60,0.002,94.3587,94.24,94.516,0.0825,60,0.0107,94.7233,94.6046,94.8806,0.0825,60,0.0107,23.7066,23.6951,23.7444,0.0116,60,0.0015,23.7082,23.6967,23.746,0.0116,60,0.0015,9.7427,9.736,9.7543,0.0039,60,0.0005
2016-01-27T10:30:00.000 ,23,31.0588,31.0208,31.0755,0.0117,60,0.0015,1024.2293,1024.1994,1024.2433,0.0095,60,0.0012,0.3316,0.2825,0.5179,0.0433,60,0.0056,14.4581,12.3195,22.5829,1.8878,60,0.2437,9.7522,9.7495,9.7537,0.0008,60,0.0001,30.9094,30.8716,30.926,0.0116,60,0.0015,94.7299,94.525,94.945,0.123,60,0.0159,95.0946,94.8896,95.3096,0.123,60,0.0159,23.798,23.7689,23.8111,0.009,60,0.0012,23.7996,23.7705,23.8127,0.009,60,0.0012,9.7624,9.7597,9.7639,0.0008,60,0.0001
2016-01-27T11:30:00.000 ,23,31.0734,30.9848,31.1223,0.0347,60,0.0045,1024.2437,1024.1766,1024.2826,0.0266,60,0.0034,0.2936,0.1638,0.5327,0.0946,60,0.0122,12.8002,7.1437,23.2279,4.1244,60,0.5325,9.7461,9.7397,9.7519,0.0032,60,0.0004,30.924,30.8358,30.9726,0.0345,60,0.0045,95.1941,94.956,95.434,0.1426,60,0.0184,95.5587,95.3206,95.7986,0.1426,60,0.0184,23.8103,23.7422,23.8493,0.027,60,0.0035,23.8119,23.7438,23.8509,0.027,60,0.0035,9.7563,9.7499,9.7621,0.0032,60,0.0004
2016-01-27T12:30:00.000 ,23,31.0034,30.9694,31.0308,0.0203,60,0.0026,1024.1917,1024.1671,1024.2118,0.0147,60,0.0019,0.5012,0.4072,0.6135,0.069,60,0.0089,21.8551,17.7578,26.7535,3.0072,60,0.3882,9.7468,9.74,9.7515,0.003,60,0.0004,30.8543,30.8204,30.8815,0.0202,60,0.0026,95.7141,95.444,95.991,0.1667,60,0.0215,96.0787,95.8086,96.3556,0.1667,60,0.0215,23.7558,23.73,23.7771,0.0153,60,0.002,23.7575,23.7317,23.7788,0.0153,60,0.002,9.7571,9.7503,9.7618,0.003,60,0.0004
2016-01-27T13:30:00.000 ,23,30.9917,30.9674,31.0184,0.0124,60,0.0016,1024.1845,1024.1658,1024.2047,0.0095,60,0.0012,0.5492,0.4595,0.63,0.0427,60,0.0055,23.9504,20.0364,27.4738,1.8639,60,0.2406,9.7489,9.742,9.7543,0.0033,60,0.0004,30.8426,30.8184,30.8692,0.0124,60,0.0016,96.2206,96.005,96.44,0.1274,60,0.0164,96.5853,96.3696,96.8046,0.1274,60,0.0164,23.7464,23.7286,23.7669,0.0093,60,0.0012,23.748,23.7302,23.7686,0.0093,60,0.0012,9.7593,9.7523,9.7647,0.0033,60,0.0004
2016-01-27T14:30:00.000 ,23,30.9517,30.9224,30.9869,0.0185,60,0.0024,1024.1575,1024.1365,1024.1825,0.0129,60,0.0017,0.6756,0.5707,0.7539,0.0564,60,0.0073,29.4603,24.8845,32.8777,2.4586,60,0.3174,9.7355,9.7262,9.7491,0.0079,60,0.001,30.8028,30.7736,30.8378,0.0184,60,0.0024,96.6118,96.448,96.742,0.0836,60,0.0108,96.9764,96.8126,97.1066,0.0836,60,0.0108,23.7175,23.6961,23.7429,0.0132,60,0.0017,23.7191,23.6978,23.7446,0.0132,60,0.0017,9.7459,9.7366,9.7595,0.0079,60,0.001
2016-01-27T15:30:00.000 ,23,30.9609,30.9374,30.9848,0.0113,60,0.0015,1024.1649,1024.1478,1024.1822,0.0081,60,0.0011,0.6471,0.5816,0.7198,0.034,60,0.0044,28.2179,25.3611,31.3894,1.4823,60,0.1914,9.7405,9.7326,9.7517,0.005,60,0.0006,30.8119,30.7886,30.8357,0.0112,60,0.0014,96.8591,96.746,96.916,0.0522,60,0.0067,97.2238,97.1106,97.2806,0.0522,60,0.0067,23.7238,23.7068,23.7409,0.008,60,0.001,23.7254,23.7085,23.7426,0.008,60,0.001,9.7509,9.743,9.7621,0.005,60,0.0006
2016-01-27T16:30:00.000 ,23,31.0033,30.9806,31.0362,0.0101,60,0.0013,1024.1961,1024.1796,1024.2208,0.0076,60,0.001,0.4976,0.4193,0.5616,0.0308,60,0.004,21.6967,18.2825,24.4892,1.3425,60,0.1733,9.7505,9.7431,9.7561,0.0026,60,0.0003,30.8542,30.8315,30.8869,0.0101,60,0.0013,96.8313,96.752,96.904,0.0454,60,0.0059,97.1959,97.1166,97.2686,0.0454,60,0.0059,23.7551,23.7386,23.7798,0.0077,60,0.001,23.7568,23.7403,23.7815,0.0077,60,0.001,9.7609,9.7535,9.7665,0.0026,60,0.0003
2016-01-27T17:30:00.000 ,23,31.067,31.0001,31.1086,0.0375,60,0.0048,1024.2453,1024.194,1024.2777,0.0289,60,0.0037,0.3145,0.1984,0.506,0.107,60,0.0138,13.714,8.6485,22.0659,4.6662,60,0.6024,9.7459,9.7406,9.7527,0.0028,60,0.0004,30.9176,30.851,30.9589,0.0373,60,0.0048,96.6261,96.481,96.747,0.081,60,0.0105,96.9907,96.8456,97.1116,0.081,60,0.0105,23.8053,23.7536,23.8384,0.0293,60,0.0038,23.807,23.7553,23.8401,0.0293,60,0.0038,9.7563,9.751,9.7631,0.0028,60,0.0004
2016-01-27T18:30:00.000 ,23,31.0721,30.9788,31.1199,0.0438,60,0.0057,1024.2483,1024.1767,1024.2868,0.034,60,0.0044,0.3039,0.1721,0.5858,0.131,60,0.0169,13.2499,7.505,25.5459,5.7144,60,0.7377,9.7434,9.7379,9.7541,0.0041,60,0.0005,30.9226,30.8298,30.9702,0.0436,60,0.0056,96.328,96.2,96.472,0.0778,60,0.01,96.6927,96.5646,96.8366,0.0778,60,0.01,23.8097,23.7381,23.8477,0.034,60,0.0044,23.8113,23.7398,23.8493,0.034,60,0.0044,9.7538,9.7482,9.7645,0.0041,60,0.0005
2016-01-27T19:30:00.000 ,23,31.0386,30.9847,31.0827,0.0335,60,0.0043,1024.2199,1024.1785,1024.2551,0.0259,60,0.0033,0.3832,0.2474,0.5487,0.1006,60,0.013,16.7094,10.7869,23.929,4.3865,60,0.5663,9.7504,9.7459,9.7579,0.0028,60,0.0004,30.8893,30.8356,30.9332,0.0333,60,0.0043,96.0509,95.896,96.198,0.0894,60,0.0115,96.4155,96.2606,96.5626,0.0894,60,0.0115,23.7825,23.7412,23.8174,0.0258,60,0.0033,23.7842,23.7429,23.819,0.0258,60,0.0033,9.7607,9.7562,9.7682,0.0028,60,0.0004
2016-01-27T20:30:00.000 ,23,31.0192,30.9825,31.0489,0.0184,60,0.0024,1024.2032,1024.1753,1024.2262,0.0142,60,0.0018,0.4449,0.3547,0.564,0.0565,60,0.0073,19.4004,15.4668,24.5956,2.4622,60,0.3179,9.7537,9.748,9.7557,0.002,60,0.0003,30.87,30.8335,30.8995,0.0184,60,0.0024,95.7955,95.727,95.89,0.0493,60,0.0064,96.1601,96.0916,96.2546,0.0493,60,0.0064,23.767,23.7393,23.7897,0.0141,60,0.0018,23.7686,23.741,23.7913,0.0141,60,0.0018,9.764,9.7583,9.766,0.002,60,0.0003
2016-01-27T21:30:00.000 ,23,30.9955,30.9628,31.026,0.0191,60,0.0025,1024.1852,1024.1611,1024.2077,0.014,60,0.0018,0.5204,0.4271,0.6077,0.0542,60,0.007,22.6906,18.6251,26.4994,2.3622,60,0.305,9.7475,9.7392,9.7548,0.0046,60,0.0006,30.8464,30.8139,30.8768,0.019,60,0.0025,95.6573,95.619,95.723,0.0328,60,0.0042,96.0219,95.9836,96.0876,0.0328,60,0.0042,23.7496,23.7255,23.7721,0.0141,60,0.0018,23.7512,23.7271,23.7738,0.0141,60,0.0018,9.7577,9.7495,9.7651,0.0046,60,0.0006
2016-01-27T22:30:00.000 ,23,31.0158,30.9969,31.0327,0.0063,60,0.0008,1024.2001,1024.186,1024.2136,0.0048,60,0.0006,0.4589,0.4189,0.5137,0.0183,60,0.0024,20.0084,18.2644,22.3986,0.7989,60,0.1031,9.7521,9.7488,9.7548,0.0014,60,0.0002,30.8666,30.8478,30.8834,0.0063,60,0.0008,95.641,95.617,95.684,0.0194,60,0.0025,96.0056,95.9816,96.0486,0.0194,60,0.0025,23.7646,23.7504,23.7779,0.0048,60,0.0006,23.7663,23.7521,23.7796,0.0048,60,0.0006,9.7624,9.7591,9.7651,0.0014,60,0.0002
2016-01-27T23:30:00.000 ,23,31.0214,30.9839,31.0374,0.0148,60,0.0019,1024.205,1024.1769,1024.2174,0.0112,60,0.0014,0.4344,0.3805,0.5602,0.0479,60,0.0062,18.9403,16.5906,24.4269,2.0881,60,0.2696,9.7516,9.747,9.7566,0.0018,60,0.0002,30.8722,30.8349,30.8881,0.0147,60,0.0019,95.7424,95.685,95.817,0.0395,60,0.0051,96.1071,96.0496,96.1816,0.0395,60,0.0051,23.769,23.7406,23.7815,0.0113,60,0.0015,23.7707,23.7423,23.7831,0.0113,60,0.0015,9.7619,9.7573,9.7669,0.0018,60,0.0002
2016-01-28T00:30:00.000 ,23,30.9901,30.9352,31.0222,0.0215,60,0.0028,1024.1831,1024.1436,1024.2069,0.0155,60,0.002,0.5426,0.4551,0.7221,0.0699,60,0.009,23.6612,19.8451,31.4881,3.0476,60,0.3934,9.7416,9.7241,9.751,0.0067,60,0.0009,30.8411,30.7864,30.873,0.0214,60,0.0028,95.9041,95.822,95.974,0.0437,60,0.0056,96.2687,96.1866,96.3386,0.0437,60,0.0056,23.7463,23.7065,23.7702,0.0157,60,0.002,23.748,23.7081,23.7719,0.0157,60,0.002,9.7519,9.7344,9.7613,0.0067,60,0.0009
2016-01-28T01:30:00.000 ,23,30.9443,30.8875,31.0076,0.0249,60,0.0032,1024.1506,1024.1103,1024.197,0.0181,60,0.0023,0.7068,0.4831,0.8481,0.0841,60,0.0109,30.8235,21.0675,36.982,3.6661,60,0.4733,9.7261,9.7029,9.7444,0.0085,60,0.0011,30.7955,30.7389,30.8584,0.0248,60,0.0032,96.0392,95.974,96.101,0.0365,60,0.0047,96.4038,96.3386,96.4656,0.0365,60,0.0047,23.7132,23.6728,23.7595,0.018,60,0.0023,23.7149,23.6744,23.7611,0.018,60,0.0023,9.7364,9.7132,9.7547,0.0085,60,0.0011
2016-01-28T02:30:00.000 ,23,30.9015,30.8445,31.0062,0.0425,60,0.0055,1024.12,1024.0786,1024.1959,0.0307,60,0.004,0.8563,0.4902,1.0757,0.1629,60,0.021,37.3433,21.3756,46.9107,7.1064,60,0.9174,9.7126,9.6948,9.7446,0.0141,60,0.0018,30.7528,30.6961,30.857,0.0423,60,0.0055,96.1248,96.099,96.135,0.0086,60,0.0011,96.4895,96.4636,96.4996,0.0086,60,0.0011,23.6821,23.6407,23.7583,0.0308,60,0.004,23.6838,23.6423,23.7599,0.0308,60,0.004,9.7229,9.7051,9.7549,0.0141,60,0.0018
2016-01-28T03:30:00.000 ,23,30.8463,30.818,30.898,0.0199,60,0.0026,1024.0816,1024.0622,1024.1179,0.014,60,0.0018,1.0921,0.9057,1.2059,0.0785,60,0.0101,47.6266,39.4987,52.5899,3.4226,60,0.4419,9.6836,9.6663,9.7049,0.0105,60,0.0014,30.6979,30.6697,30.7494,0.0198,60,0.0026,96.0714,95.982,96.124,0.0409,60,0.0053,96.4361,96.3466,96.4886,0.0409,60,0.0053,23.6439,23.6243,23.6807,0.0141,60,0.0018,23.6455,23.6259,23.6823,0.0141,60,0.0018,9.6938,9.6765,9.7152,0.0105,60,0.0014
2016-01-28T04:30:00.000 ,23,30.8969,30.858,30.9219,0.0199,60,0.0026,1024.1165,1024.0895,1024.1343,0.0139,60,0.0018,0.893,0.79,1.0493,0.0802,60,0.0103,38.9447,34.4523,45.7596,3.496,60,0.4513,9.704,9.6835,9.7199,0.0109,60,0.0014,30.7483,30.7096,30.7732,0.0198,60,0.0026,95.8284,95.673,95.977,0.0909,60,0.0117,96.193,96.0376,96.3416,0.0909,60,0.0117,23.68,23.653,23.6982,0.0139,60,0.0018,23.6816,23.6546,23.6999,0.0139,60,0.0018,9.7143,9.6937,9.7302,0.0109,60,0.0014
2016-01-28T05:30:00.000 ,23,30.9439,30.9018,30.9739,0.0175,60,0.0023,1024.1483,1024.1194,1024.1705,0.012,60,0.0016,0.714,0.6141,0.8709,0.0725,60,0.0094,31.1343,26.7809,37.98,3.1605,60,0.408,9.7233,9.7029,9.7335,0.0094,60,0.0012,30.795,30.7532,30.8249,0.0175,60,0.0023,95.4904,95.315,95.667,0.1051,60,0.0136,95.855,95.6796,96.0316,0.1051,60,0.0136,23.7134,23.6839,23.7356,0.0123,60,0.0016,23.715,23.6855,23.7372,0.0123,60,0.0016,9.7335,9.7131,9.7437,0.0094,60,0.0012
2016-01-28T06:30:00.000 ,23,30.8843,30.8443,30.9423,0.0273,60,0.0035,1024.1041,1024.0752,1024.1453,0.0196,60,0.0025,0.9277,0.6974,1.1013,0.1191,60,0.0154,40.4565,30.4111,48.0263,5.1953,60,0.6707,9.7004,9.684,9.7293,0.0122,60,0.0016,30.7357,30.696,30.7935,0.0271,60,0.0035,95.1371,94.984,95.308,0.0999,60,0.0129,95.5018,95.3486,95.6726,0.0999,60,0.0129,23.6707,23.6423,23.7112,0.0192,60,0.0025,23.6723,23.6439,23.7128,0.0192,60,0.0025,9.7106,9.6942,9.7395,0.0123,60,0.0016
2016-01-28T07:30:00.000 ,23,30.9627,30.8813,31.0695,0.0427,60,0.0055,1024.1598,1024.1013,1024.24,0.0308,60,0.004,0.6487,0.3541,0.9382,0.1489,60,0.0192,28.2873,15.4408,40.9147,6.496,60,0.8386,9.7235,9.6993,9.7372,0.0124,60,0.0016,30.8138,30.7328,30.9201,0.0425,60,0.0055,94.8218,94.673,94.974,0.0912,60,0.0118,95.1864,95.0376,95.3386,0.0912,60,0.0118,23.728,23.6686,23.8089,0.0313,60,0.004,23.7296,23.6702,23.8105,0.0313,60,0.004,9.7337,9.7095,9.7474,0.0124,60,0.0016
2016-01-28T08:30:00.000 ,23,31.022,30.9857,31.0537,0.0172,60,0.0022,1024.2026,1024.1755,1024.227,0.0128,60,0.0017,0.4421,0.355,0.5576,0.0521,60,0.0067,19.2767,15.4798,24.3143,2.2719,60,0.2933,9.737,9.7306,9.7437,0.0037,60,0.0005,30.8728,30.8367,30.9044,0.0171,60,0.0022,94.596,94.557,94.665,0.0314,60,0.004,94.9606,94.9216,95.0296,0.0314,60,0.004,23.7719,23.7447,23.796,0.0129,60,0.0017,23.7735,23.7463,23.7977,0.0129,60,0.0017,9.7472,9.7408,9.7539,0.0037,60,0.0005
2016-01-28T09:30:00.000 ,23,31.007,30.954,31.0445,0.0208,60,0.0027,1024.1911,1024.1522,1024.2186,0.0151,60,0.0019,0.4933,0.3858,0.6307,0.0634,60,0.0082,21.5111,16.8224,27.5037,2.7649,60,0.3569,9.7372,9.7252,9.747,0.0065,60,0.0008,30.8579,30.8051,30.8952,0.0207,60,0.0027,94.6088,94.561,94.69,0.0389,60,0.005,94.9734,94.9256,95.0546,0.0389,60,0.005,23.7602,23.7209,23.7878,0.0151,60,0.002,23.7618,23.7225,23.7894,0.0151,60,0.002,9.7473,9.7354,9.7572,0.0065,60,0.0008
2016-01-28T10:30:00.000 ,23,30.9577,30.933,30.9898,0.0129,60,0.0017,1024.1556,1024.1378,1024.1788,0.0092,60,0.0012,0.6495,0.5715,0.7233,0.0383,60,0.0049,28.3241,24.9195,31.542,1.6702,60,0.2156,9.7268,9.7172,9.7377,0.0046,60,0.0006,30.8088,30.7842,30.8408,0.0129,60,0.0017,94.8679,94.697,95.05,0.1064,60,0.0137,95.2325,95.0616,95.4146,0.1064,60,0.0137,23.7235,23.7059,23.7474,0.0094,60,0.0012,23.7251,23.7075,23.749,0.0094,60,0.0012,9.737,9.7274,9.7479,0.0046,60,0.0006
2016-01-28T11:30:00.000 ,23,31.0533,30.9146,31.1104,0.07,60,0.009,1024.2301,1024.1257,1024.2755,0.0533,60,0.0069,0.3659,0.1923,0.7769,0.2198,60,0.0284,15.9558,8.3837,33.8793,9.5859,60,1.2375,9.7354,9.7106,9.7441,0.0099,60,0.0013,30.9039,30.7659,30.9608,0.0696,60,0.009,95.2557,95.059,95.476,0.1221,60,0.0158,95.6203,95.4236,95.8406,0.1221,60,0.0158,23.7964,23.6926,23.8408,0.0529,60,0.0068,23.798,23.6943,23.8424,0.0529,60,0.0068,9.7457,9.7208,9.7544,0.0099,60,0.0013
2016-01-28T12:30:00.000 ,23,31.0742,31.0129,31.1186,0.0349,60,0.0045,1024.2488,1024.2031,1024.283,0.0262,60,0.0034,0.2949,0.1765,0.4704,0.0989,60,0.0128,12.8601,7.696,20.5129,4.3114,60,0.5566,9.7332,9.7259,9.738,0.0028,60,0.0004,30.9247,30.8637,30.9689,0.0347,60,0.0045,95.7138,95.482,95.945,0.1381,60,0.0178,96.0784,95.8466,96.3096,0.1381,60,0.0178,23.8129,23.7664,23.8477,0.0268,60,0.0035,23.8146,23.7681,23.8493,0.0268,60,0.0035,9.7435,9.7362,9.7483,0.0028,60,0.0004
2016-01-28T13:30:00.000 ,23,30.9998,30.973,31.0446,0.0186,60,0.0024,1024.1929,1024.1722,1024.2269,0.014,60,0.0018,0.4956,0.3811,0.5684,0.0522,60,0.0067,21.6095,16.6185,24.7864,2.2766,60,0.2939,9.7353,9.7299,9.7395,0.0024,60,0.0003,30.8507,30.824,30.8953,0.0185,60,0.0024,96.2034,95.956,96.426,0.1432,60,0.0185,96.568,96.3206,96.7906,0.1432,60,0.0185,23.7548,23.7337,23.79,0.0146,60,0.0019,23.7565,23.7353,23.7916,0.0146,60,0.0019,9.7457,9.7402,9.7498,0.0024,60,0.0003
2016-01-28T14:30:00.000 ,23,31.0012,30.9821,31.0234,0.0096,60,0.0012,1024.195,1024.1802,1024.2119,0.0074,60,0.001,0.4856,0.4221,0.5494,0.029,60,0.0037,21.1743,18.4074,23.9587,1.2655,60,0.1634,9.7404,9.735,9.7474,0.003,60,0.0004,30.852,30.833,30.8741,0.0096,60,0.0012,96.6081,96.433,96.773,0.1045,60,0.0135,96.9727,96.7976,97.1376,0.1045,60,0.0135,23.7551,23.7411,23.7713,0.007,60,0.0009,23.7567,23.7427,23.773,0.007,60,0.0009,9.7508,9.7454,9.7578,0.003,60,0.0004
2016-01-28T15:30:00.000 ,23,31.0024,30.9515,31.034,0.0281,60,0.0036,1024.1971,1024.1608,1024.22,0.0204,60,0.0026,0.4804,0.3876,0.6652,0.0845,60,0.0109,20.9481,16.9005,29.0074,3.6865,60,0.4759,9.7414,9.7233,9.7516,0.0079,60,0.001,30.8533,30.8026,30.8847,0.028,60,0.0036,96.8812,96.78,96.958,0.0505,60,0.0065,97.2458,97.1446,97.3226,0.0505,60,0.0065,23.7559,23.7192,23.779,0.0206,60,0.0027,23.7575,23.7209,23.7806,0.0206,60,0.0027,9.7518,9.7337,9.762,0.0079,60,0.001
2016-01-28T16:30:00.000 ,23,30.936,30.8978,31.0137,0.0285,60,0.0037,1024.1504,1024.1235,1024.207,0.0202,60,0.0026,0.7196,0.4779,0.8632,0.099,60,0.0128,31.3806,20.8399,37.6433,4.3192,60,0.5576,9.713,9.6961,9.7349,0.0113,60,0.0015,30.7872,30.7491,30.8645,0.0283,60,0.0037,96.9556,96.898,96.983,0.0252,60,0.0033,97.3203,97.2626,97.3476,0.0252,60,0.0033,23.7088,23.6818,23.7657,0.0203,60,0.0026,23.7105,23.6835,23.7673,0.0204,60,0.0026,9.7234,9.7065,9.7453,0.0113,60,0.0015
2016-01-28T17:30:00.000 ,23,30.9665,30.9237,30.9989,0.0122,60,0.0016,1024.1703,1024.1409,1024.1954,0.0086,60,0.0011,0.5987,0.5364,0.7203,0.0379,60,0.0049,26.1067,23.3907,31.4091,1.6539,60,0.2135,9.7319,9.707,9.7393,0.0066,60,0.0008,30.8176,30.7749,30.8498,0.0121,60,0.0016,96.7756,96.66,96.892,0.0697,60,0.009,97.1402,97.0246,97.2566,0.0697,60,0.009,23.7295,23.7002,23.7543,0.0086,60,0.0011,23.7312,23.7019,23.756,0.0086,60,0.0011,9.7423,9.7174,9.7497,0.0066,60,0.0008
2016-01-28T18:30:00.000 ,23,31.0445,30.9559,31.0905,0.0437,60,0.0056,1024.2276,1024.1625,1024.2626,0.0323,60,0.0042,0.3657,0.2396,0.6394,0.1311,60,0.0169,15.9458,10.4485,27.8807,5.7182,60,0.7382,9.7436,9.7253,9.7511,0.0079,60,0.001,30.8951,30.807,30.9409,0.0435,60,0.0056,96.4977,96.326,96.657,0.1011,60,0.0131,96.8624,96.6906,97.0216,0.1011,60,0.0131,23.7882,23.7223,23.8238,0.0328,60,0.0042,23.7899,23.724,23.8255,0.0328,60,0.0042,9.754,9.7357,9.7615,0.0079,60,0.001
2016-01-28T19:30:00.000 ,23,31.0742,31.0493,31.0888,0.0109,60,0.0014,1024.2479,1024.2268,1024.2603,0.0094,60,0.0012,0.2753,0.2423,0.3355,0.0243,60,0.0031,12.0025,10.5643,14.6285,1.0586,60,0.1367,9.7519,9.7464,9.7619,0.0039,60,0.0005,30.9247,30.8999,30.9392,0.0108,60,0.0014,96.1741,95.995,96.322,0.0963,60,0.0124,96.5387,96.3596,96.6866,0.0963,60,0.0124,23.81,23.7895,23.8221,0.0091,60,0.0012,23.8116,23.7912,23.8238,0.0091,60,0.0012,9.7622,9.7568,9.7722,0.0039,60,0.0005
2016-01-28T20:30:00.000 ,23,31.0602,31.0399,31.0759,0.0065,60,0.0008,1024.2361,1024.2207,1024.249,0.0049,60,0.0006,0.3075,0.2831,0.3531,0.0146,60,0.0019,13.4092,12.3433,15.3963,0.6361,60,0.0821,9.7477,9.7424,9.7569,0.0043,60,0.0006,30.9108,30.8906,30.9264,0.0064,60,0.0008,95.819,95.702,95.987,0.0843,60,0.0109,96.1836,96.0666,96.3516,0.0843,60,0.0109,23.7998,23.7849,23.8121,0.0048,60,0.0006,23.8014,23.7865,23.8137,0.0048,60,0.0006,9.758,9.7527,9.7672,0.0043,60,0.0006
2016-01-28T21:30:00.000 ,23,31.0411,31.0004,31.064,0.014,60,0.0018,1024.2207,1024.189,1024.2386,0.011,60,0.0014,0.3624,0.3045,0.471,0.0383,60,0.0049,15.8039,13.2768,20.537,1.6686,60,0.2154,9.7445,9.7425,9.7467,0.0012,60,0.0002,30.8918,30.8513,30.9146,0.0139,60,0.0018,95.5867,95.482,95.698,0.0628,60,0.0081,95.9513,95.8466,96.0626,0.0628,60,0.0081,23.7855,23.7541,23.8036,0.0108,60,0.0014,23.7871,23.7557,23.8052,0.0108,60,0.0014,9.7547,9.7528,9.757,0.0012,60,0.0002
2016-01-28T22:30:00.000 ,23,30.9506,30.8978,31.0427,0.0375,60,0.0048,1024.1539,1024.1159,1024.2216,0.0271,60,0.0035,0.6626,0.3771,0.8564,0.1318,60,0.017,28.8956,16.4456,37.3465,5.7495,60,0.7423,9.7192,9.6986,9.7437,0.0129,60,0.0017,30.8017,30.7492,30.8934,0.0373,60,0.0048,95.435,95.409,95.478,0.0205,60,0.0026,95.7997,95.7736,95.8426,0.0205,60,0.0026,23.7192,23.6811,23.7868,0.0271,60,0.0035,23.7208,23.6828,23.7885,0.0271,60,0.0035,9.7295,9.7088,9.754,0.0129,60,0.0017
2016-01-28T23:30:00.000 ,23,31.0685,30.983,31.1081,0.0333,60,0.0043,1024.2424,1024.1768,1024.2744,0.0261,60,0.0034,0.2939,0.1979,0.5467,0.0963,60,0.0124,12.8142,8.6283,23.8404,4.2004,60,0.5423,9.7371,9.7299,9.7418,0.0036,60,0.0005,30.919,30.834,30.9585,0.0332,60,0.0043,95.4256,95.404,95.471,0.019,60,0.0025,95.7903,95.7686,95.8356,0.019,60,0.0025,23.8079,23.7423,23.8398,0.0261,60,0.0034,23.8096,23.7439,23.8415,0.0261,60,0.0034,9.7474,9.7402,9.7521,0.0036,60,0.0005
2016-01-29T00:30:00.000 ,23,31.034,30.9766,31.0734,0.0182,60,0.0023,1024.2158,1024.1731,1024.247,0.0139,60,0.0018,0.3783,0.2805,0.5462,0.0542,60,0.007,16.4966,12.2294,23.8196,2.3649,60,0.3053,9.7398,9.7271,9.7458,0.0043,60,0.0006,30.8847,30.8276,30.9239,0.0181,60,0.0023,95.5492,95.476,95.624,0.0431,60,0.0056,95.9138,95.8406,95.9886,0.0431,60,0.0056,23.7807,23.7381,23.8119,0.0139,60,0.0018,23.7823,23.7398,23.8135,0.0139,60,0.0018,9.75,9.7374,9.7561,0.0043,60,0.0006
2016-01-29T01:30:00.000 ,23,31.0131,30.9584,31.0505,0.0263,60,0.0034,1024.2005,1024.1599,1024.2297,0.0199,60,0.0026,0.4367,0.333,0.6078,0.0779,60,0.0101,19.0438,14.519,26.5052,3.3994,60,0.4389,9.7384,9.7291,9.7417,0.0032,60,0.0004,30.8639,30.8095,30.9011,0.0261,60,0.0034,95.7081,95.625,95.778,0.046,60,0.0059,96.0727,95.9896,96.1426,0.046,60,0.0059,23.7647,23.7237,23.794,0.0201,60,0.0026,23.7663,23.7253,23.7957,0.0201,60,0.0026,9.7487,9.7394,9.752,0.0032,60,0.0004
2016-01-29T02:30:00.000 ,23,30.936,30.8267,31.0034,0.0545,60,0.007,1024.1457,1024.0695,1024.194,0.0383,60,0.0049,0.7163,0.4774,1.1665,0.2134,60,0.0276,31.2346,20.8187,50.8738,9.3079,60,1.2016,9.711,9.6587,9.7363,0.0241,60,0.0031,30.7872,30.6784,30.8543,0.0543,60,0.007,95.8392,95.782,95.893,0.0313,60,0.004,96.2038,96.1466,96.2576,0.0313,60,0.004,23.7092,23.6326,23.7578,0.0385,60,0.005,23.7109,23.6342,23.7594,0.0385,60,0.005,9.7213,9.6689,9.7466,0.0241,60,0.0031
2016-01-29T03:30:00.000 ,23,30.8339,30.8143,30.8813,0.0137,60,0.0018,1024.0744,1024.0613,1024.1071,0.0096,60,0.0012,1.1381,0.9407,1.2142,0.0597,60,0.0077,49.6331,41.0255,52.9537,2.6042,60,0.3362,9.664,9.6509,9.6889,0.0072,60,0.0009,30.6856,30.6661,30.7327,0.0137,60,0.0018,95.9114,95.898,95.923,0.0064,60,0.0008,96.276,96.2626,96.2876,0.0064,60,0.0008,23.6374,23.6242,23.6702,0.0096,60,0.0012,23.639,23.6259,23.6718,0.0096,60,0.0012,9.6742,9.6611,9.6992,0.0072,60,0.0009
2016-01-29T04:30:00.000 ,23,30.8634,30.7964,30.9083,0.0425,60,0.0055,1024.096,1024.0502,1024.1272,0.0295,60,0.0038,1.0186,0.8225,1.3113,0.1845,60,0.0238,44.4233,35.8676,57.1882,8.0494,60,1.0392,9.6704,9.6324,9.6928,0.0216,60,0.0028,30.7149,30.6483,30.7596,0.0423,60,0.0055,95.8603,95.79,95.899,0.0328,60,0.0042,96.225,96.1546,96.2636,0.0328,60,0.0042,23.6592,23.6131,23.6907,0.0296,60,0.0038,23.6609,23.6147,23.6923,0.0297,60,0.0038,9.6806,9.6426,9.7031,0.0216,60,0.0028
2016-01-29T05:30:00.000 ,23,30.9185,30.8556,31.0029,0.0483,60,0.0062,1024.1337,1024.0903,1024.1921,0.0332,60,0.0043,0.7941,0.4783,1.0431,0.1837,60,0.0237,34.6308,20.8587,45.4898,8.0132,60,1.0345,9.6962,9.6652,9.736,0.0243,60,0.0031,30.7698,30.7072,30.8538,0.0481,60,0.0062,95.6512,95.51,95.784,0.0809,60,0.0104,96.0158,95.8746,96.1486,0.0809,60,0.0104,23.698,23.6541,23.7572,0.0336,60,0.0043,23.6996,23.6557,23.7588,0.0337,60,0.0043,9.7065,9.6754,9.7463,0.0243,60,0.0031
2016-01-29T06:30:00.000 ,23,30.9876,30.8664,31.0426,0.0515,60,0.0066,1024.1818,1024.096,1024.222,0.0369,60,0.0048,0.5325,0.3599,0.9597,0.1749,60,0.0226,23.2223,15.6939,41.8513,7.6291,60,0.9849,9.7231,9.6681,9.7396,0.0211,60,0.0027,30.8386,30.7179,30.8933,0.0513,60,0.0066,95.3832,95.262,95.507,0.0724,60,0.0093,95.7478,95.6266,95.8716,0.0724,60,0.0093,23.7474,23.6619,23.7875,0.0367,60,0.0047,23.749,23.6636,23.7891,0.0367,60,0.0047,9.7333,9.6783,9.7499,0.0212,60,0.0027
2016-01-29T07:30:00.000 ,23,30.9315,30.8588,31.0159,0.0461,60,0.0059,1024.1408,1024.0909,1024.2003,0.0323,60,0.0042,0.74,0.4431,0.9956,0.1588,60,0.0205,32.2705,19.3206,43.4198,6.9266,60,0.8942,9.7,9.6627,9.7346,0.02,60,0.0026,30.7828,30.7104,30.8667,0.0458,60,0.0059,95.1258,95.004,95.253,0.0746,60,0.0096,95.4905,95.3686,95.6176,0.0746,60,0.0096,23.7075,23.6569,23.7676,0.0326,60,0.0042,23.7091,23.6586,23.7692,0.0326,60,0.0042,9.7102,9.6729,9.7448,0.02,60,0.0026
2016-01-29T08:30:00.000 ,23,30.9702,30.8858,31.0057,0.0385,60,0.005,1024.1661,1024.1059,1024.1922,0.0277,60,0.0036,0.5743,0.4541,0.8902,0.1358,60,0.0175,25.0439,19.7999,38.8223,5.9221,60,0.7645,9.7221,9.6866,9.7343,0.0153,60,0.002,30.8213,30.7373,30.8566,0.0383,60,0.0049,94.8854,94.772,94.999,0.0695,60,0.009,95.2501,95.1366,95.3636,0.0695,60,0.009,23.734,23.6741,23.76,0.0275,60,0.0035,23.7356,23.6757,23.7616,0.0275,60,0.0035,9.7323,9.6967,9.7445,0.0153,60,0.002
2016-01-29T09:30:00.000 ,23,30.9921,30.8532,31.0254,0.0437,60,0.0056,1024.1819,1024.0839,1024.2055,0.0312,60,0.004,0.5159,0.3998,1,0.1575,60,0.0203,22.4948,17.4315,43.6102,6.8704,60,0.887,9.7257,9.6645,9.7396,0.0166,60,0.0021,30.8431,30.7048,30.8762,0.0435,60,0.0056,94.725,94.705,94.771,0.0184,60,0.0024,95.0896,95.0696,95.1356,0.0184,60,0.0024,23.7505,23.6523,23.7742,0.0313,60,0.004,23.7521,23.6539,23.7758,0.0313,60,0.004,9.7358,9.6746,9.7498,0.0166,60,0.0021
2016-01-29T10:30:00.000 ,23,30.8998,30.8511,30.9782,0.0347,60,0.0045,1024.1168,1024.0832,1024.1716,0.0243,60,0.0031,0.8441,0.5769,1.0103,0.1266,60,0.0163,36.8111,25.1584,44.0606,5.5233,60,0.713,9.6875,9.6588,9.723,0.0159,60,0.002,30.7512,30.7027,30.8292,0.0345,60,0.0045,94.81,94.728,94.915,0.0566,60,0.0073,95.1746,95.0926,95.2796,0.0566,60,0.0073,23.6849,23.6516,23.7401,0.0244,60,0.0032,23.6865,23.6532,23.7417,0.0244,60,0.0032,9.6977,9.6689,9.7332,0.0159,60,0.002
2016-01-29T11:30:00.000 ,23,30.9345,30.9143,30.9912,0.0163,60,0.0021,1024.1419,1024.1269,1024.1827,0.0118,60,0.0015,0.7076,0.5574,0.775,0.0502,60,0.0065,30.8551,24.306,33.7981,2.1912,60,0.2829,9.706,9.696,9.7302,0.0077,60,0.001,30.7857,30.7656,30.8421,0.0162,60,0.0021,95.0785,94.921,95.239,0.0966,60,0.0125,95.4431,95.2856,95.6036,0.0966,60,0.0125,23.7089,23.6945,23.749,0.0114,60,0.0015,23.7105,23.6961,23.7506,0.0114,60,0.0015,9.7162,9.7062,9.7404,0.0077,60,0.001
2016-01-29T12:30:00.000 ,23,31.0002,30.9495,31.0376,0.0279,60,0.0036,1024.1903,1024.1547,1024.2183,0.02,60,0.0026,0.4831,0.3682,0.6494,0.0886,60,0.0114,21.067,16.0551,28.32,3.8628,60,0.4987,9.7324,9.7135,9.7401,0.0091,60,0.0012,30.8511,30.8006,30.8883,0.0278,60,0.0036,95.4465,95.242,95.659,0.1269,60,0.0164,95.8111,95.6066,96.0236,0.1269,60,0.0164,23.7556,23.7192,23.7839,0.0203,60,0.0026,23.7573,23.7209,23.7855,0.0203,60,0.0026,9.7427,9.7238,9.7504,0.0091,60,0.0012
2016-01-29T13:30:00.000 ,23,30.9493,30.9103,31.0106,0.0275,60,0.0035,1024.1556,1024.1286,1024.1982,0.019,60,0.0024,0.6486,0.4431,0.7778,0.0949,60,0.0123,28.282,19.3207,33.9178,4.1393,60,0.5344,9.7145,9.6975,9.7403,0.0118,60,0.0015,30.8004,30.7616,30.8614,0.0274,60,0.0035,95.8587,95.67,96.068,0.1173,60,0.0151,96.2233,96.0346,96.4326,0.1173,60,0.0151,23.719,23.6914,23.7625,0.0195,60,0.0025,23.7206,23.693,23.7642,0.0195,60,0.0025,9.7248,9.7078,9.7506,0.0118,60,0.0015
2016-01-29T14:30:00.000 ,23,30.9205,30.8822,30.9616,0.0224,60,0.0029,1024.138,1024.111,1024.1673,0.0158,60,0.002,0.7498,0.6062,0.8803,0.0791,60,0.0102,32.6964,26.4335,38.3907,3.4508,60,0.4455,9.6964,9.6775,9.7147,0.0109,60,0.0014,30.7718,30.7336,30.8127,0.0223,60,0.0029,96.2658,96.076,96.422,0.1026,60,0.0132,96.6304,96.4406,96.7866,0.1026,60,0.0132,23.6995,23.6727,23.7285,0.0157,60,0.002,23.7011,23.6743,23.7301,0.0157,60,0.002,9.7067,9.6878,9.725,0.011,60,0.0014
2016-01-29T15:30:00.000 ,23,30.924,30.8912,30.9618,0.014,60,0.0018,1024.142,1024.1196,1024.1695,0.0099,60,0.0013,0.7447,0.6198,0.8591,0.0487,60,0.0063,32.4765,27.0296,37.4647,2.1255,60,0.2744,9.6962,9.6796,9.7109,0.0064,60,0.0008,30.7752,30.7426,30.8128,0.0139,60,0.0018,96.5548,96.424,96.684,0.0762,60,0.0098,96.9194,96.7886,97.0486,0.0762,60,0.0098,23.7022,23.6794,23.7292,0.0099,60,0.0013,23.7038,23.681,23.7308,0.0099,60,0.0013,9.7066,9.6899,9.7213,0.0064,60,0.0008
2016-01-29T16:30:00.000 ,23,30.96,30.9248,30.998,0.024,60,0.0031,1024.1675,1024.1422,1024.1957,0.0174,60,0.0022,0.6062,0.4637,0.7349,0.0906,60,0.0117,26.4359,20.2218,32.0494,3.9519,60,0.5102,9.7171,9.6998,9.7311,0.0097,60,0.0013,30.811,30.776,30.8489,0.0239,60,0.0031,96.7512,96.684,96.783,0.0285,60,0.0037,97.1159,97.0486,97.1476,0.0285,60,0.0037,23.7268,23.7016,23.7549,0.0173,60,0.0022,23.7285,23.7033,23.7566,0.0173,60,0.0022,9.7275,9.7102,9.7415,0.0097,60,0.0013
2016-01-29T17:30:00.000 ,23,30.9627,30.9164,30.9888,0.0184,60,0.0024,1024.1679,1024.1332,1024.1892,0.0142,60,0.0018,0.5894,0.4867,0.7688,0.0673,60,0.0087,25.7013,21.2219,33.5254,2.9351,60,0.3789,9.7274,9.7172,9.7328,0.004,60,0.0005,30.8137,30.7677,30.8397,0.0184,60,0.0024,96.7433,96.66,96.784,0.038,60,0.0049,97.1079,97.0246,97.1486,0.038,60,0.0049,23.7273,23.693,23.7484,0.014,60,0.0018,23.7289,23.6946,23.7501,0.014,60,0.0018,9.7378,9.7276,9.7432,0.004,60,0.0005
2016-01-29T18:30:00.000 ,23,30.9038,30.8603,30.9273,0.016,60,0.0021,1024.1244,1024.0948,1024.1409,0.0112,60,0.0014,0.8267,0.7288,0.989,0.072,60,0.0093,36.0521,31.7837,43.1281,3.1384,60,0.4052,9.7082,9.6793,9.7185,0.0087,60,0.0011,30.7551,30.7118,30.7785,0.016,60,0.0021,96.5478,96.419,96.655,0.0688,60,0.0089,96.9124,96.7836,97.0196,0.0688,60,0.0089,23.6846,23.6551,23.7016,0.0112,60,0.0014,23.6863,23.6568,23.7033,0.0112,60,0.0014,9.7185,9.6896,9.7289,0.0087,60,0.0011
2016-01-29T19:30:00.000 ,23,30.9179,30.8869,30.9409,0.0121,60,0.0016,1024.134,1024.1127,1024.1507,0.0083,60,0.0011,0.7647,0.6709,0.8754,0.0482,60,0.0062,33.3453,29.2554,38.1752,2.1027,60,0.2715,9.709,9.691,9.7189,0.0068,60,0.0009,30.7692,30.7383,30.792,0.012,60,0.0016,96.2691,96.128,96.414,0.0847,60,0.0109,96.6337,96.4926,96.7786,0.0847,60,0.0109,23.6955,23.6742,23.7118,0.0084,60,0.0011,23.6971,23.6758,23.7135,0.0084,60,0.0011,9.7193,9.7013,9.7292,0.0068,60,0.0009
2016-01-29T20:30:00.000 ,23,30.949,30.9003,31.0059,0.0264,60,0.0034,1024.1549,1024.1206,1024.1966,0.0191,60,0.0025,0.6437,0.4884,0.8257,0.0893,60,0.0115,28.0701,21.2957,36.0087,3.896,60,0.503,9.7203,9.6998,9.7308,0.007,60,0.0009,30.8002,30.7517,30.8568,0.0263,60,0.0034,95.9628,95.801,96.128,0.0999,60,0.0129,96.3274,96.1656,96.4926,0.0999,60,0.0129,23.7178,23.6833,23.7603,0.0195,60,0.0025,23.7195,23.6849,23.762,0.0195,60,0.0025,9.7306,9.7101,9.7411,0.007,60,0.0009
2016-01-29T21:30:00.000 ,23,31.0066,30.9372,31.0631,0.0453,60,0.0058,1024.1969,1024.1444,1024.2402,0.0343,60,0.0044,0.4713,0.3036,0.7021,0.1443,60,0.0186,20.5528,13.2375,30.6191,6.2931,60,0.8124,9.7288,9.7078,9.7381,0.0082,60,0.0011,30.8575,30.7884,30.9137,0.0451,60,0.0058,95.6688,95.566,95.794,0.0674,60,0.0087,96.0334,95.9306,96.1586,0.0674,60,0.0087,23.7612,23.7086,23.8045,0.0342,60,0.0044,23.7628,23.7103,23.8061,0.0342,60,0.0044,9.7391,9.718,9.7484,0.0082,60,0.0011
2016-01-29T22:30:00.000 ,23,30.9497,30.8839,30.9933,0.0246,60,0.0032,1024.1535,1024.107,1024.1856,0.0177,60,0.0023,0.6638,0.5127,0.8894,0.0887,60,0.0115,28.9449,22.3566,38.7865,3.8693,60,0.4995,9.7183,9.6881,9.7312,0.0097,60,0.0013,30.8009,30.7353,30.8442,0.0245,60,0.0032,95.4625,95.389,95.565,0.0538,60,0.0069,95.8271,95.7536,95.9296,0.0538,60,0.0069,23.7187,23.6723,23.7505,0.0176,60,0.0023,23.7203,23.674,23.7522,0.0176,60,0.0023,9.7286,9.6983,9.7415,0.0097,60,0.0013
2016-01-29T23:30:00.000 ,23,30.9893,30.9382,31.0323,0.0268,60,0.0035,1024.1824,1024.1447,1024.2149,0.0201,60,0.0026,0.518,0.3843,0.6939,0.0944,60,0.0122,22.5871,16.7573,30.2601,4.1184,60,0.5317,9.7264,9.7154,9.7315,0.0045,60,0.0006,30.8402,30.7894,30.883,0.0267,60,0.0034,95.3676,95.351,95.389,0.0111,60,0.0014,95.7322,95.7156,95.7536,0.0111,60,0.0014,23.7481,23.7102,23.7807,0.0201,60,0.0026,23.7497,23.7118,23.7823,0.0201,60,0.0026,9.7367,9.7256,9.7417,0.0045,60,0.0006
2016-01-30T00:30:00.000 ,23,31.0064,30.9756,31.0306,0.0131,60,0.0017,1024.1954,1024.1718,1024.2139,0.01,60,0.0013,0.4532,0.386,0.5371,0.038,60,0.0049,19.7624,16.8316,23.4197,1.6578,60,0.214,9.729,9.7262,9.7312,0.0013,60,0.0002,30.8573,30.8266,30.8813,0.0131,60,0.0017,95.3866,95.354,95.438,0.0241,60,0.0031,95.7513,95.7186,95.8026,0.0241,60,0.0031,23.761,23.7375,23.7795,0.01,60,0.0013,23.7627,23.7392,23.7811,0.01,60,0.0013,9.7393,9.7364,9.7414,0.0013,60,0.0002
2016-01-30T01:30:00.000 ,23,30.9641,30.8906,31.0038,0.0316,60,0.0041,1024.1643,1024.1109,1024.1941,0.0231,60,0.003,0.6232,0.4882,0.9209,0.1214,60,0.0157,27.1754,21.2877,40.1597,5.2925,60,0.6833,9.7218,9.7009,9.7353,0.0078,60,0.001,30.8152,30.742,30.8547,0.0314,60,0.0041,95.5197,95.437,95.592,0.0478,60,0.0062,95.8843,95.8016,95.9566,0.0478,60,0.0062,23.7293,23.6755,23.7593,0.0234,60,0.003,23.7309,23.6772,23.7609,0.0234,60,0.003,9.732,9.7111,9.7456,0.0078,60,0.001
2016-01-30T02:30:00.000 ,23,30.8816,30.7591,30.9787,0.0657,60,0.0085,1024.1077,1024.0267,1024.1774,0.0449,60,0.0058,0.9602,0.6151,1.4585,0.2538,60,0.0328,41.8738,26.8204,63.61,11.0712,60,1.4293,9.6795,9.5906,9.7188,0.0411,60,0.0053,30.7331,30.6111,30.8297,0.0653,60,0.0084,95.6579,95.596,95.719,0.0391,60,0.005,96.0225,95.9606,96.0836,0.0391,60,0.005,23.6719,23.5906,23.7415,0.045,60,0.0058,23.6736,23.5922,23.7431,0.045,60,0.0058,9.6897,9.6007,9.7291,0.0411,60,0.0053
2016-01-30T03:30:00.000 ,23,30.9552,30.8349,31.0272,0.0521,60,0.0067,1024.1623,1024.0794,1024.2133,0.0363,60,0.0047,0.6749,0.422,1.1295,0.1879,60,0.0243,29.4312,18.4015,49.2579,8.1948,60,1.0579,9.6987,9.6344,9.728,0.0251,60,0.0032,30.8063,30.6866,30.878,0.0518,60,0.0067,95.7715,95.722,95.804,0.0275,60,0.0036,96.1361,96.0866,96.1686,0.0275,60,0.0036,23.7261,23.6429,23.7773,0.0365,60,0.0047,23.7277,23.6445,23.779,0.0365,60,0.0047,9.7089,9.6446,9.7383,0.0252,60,0.0032
2016-01-30T04:30:00.000 ,23,30.9777,30.8463,31.0234,0.0466,60,0.006,1024.1781,1024.0869,1024.2108,0.0329,60,0.0042,0.6025,0.4259,1.1488,0.1828,60,0.0236,26.2728,18.5714,50.0986,7.9741,60,1.0294,9.7096,9.6428,9.7299,0.0209,60,0.0027,30.8287,30.6979,30.8742,0.0464,60,0.006,95.7941,95.786,95.802,0.0038,60,0.0005,96.1588,96.1506,96.1666,0.0038,60,0.0005,23.7418,23.6503,23.7745,0.0329,60,0.0043,23.7434,23.652,23.7762,0.0329,60,0.0043,9.7198,9.653,9.7402,0.0209,60,0.0027
2016-01-30T05:30:00.000 ,23,31.0237,31.0118,31.0399,0.0067,60,0.0009,1024.2107,1024.2018,1024.223,0.0051,60,0.0007,0.4273,0.3731,0.4624,0.0228,60,0.0029,18.6318,16.2707,20.1645,0.9963,60,0.1286,9.7272,9.7228,9.7305,0.0018,60,0.0002,30.8745,30.8626,30.8906,0.0067,60,0.0009,95.7353,95.652,95.795,0.0428,60,0.0055,96.1,96.0166,96.1596,0.0428,60,0.0055,23.7747,23.7661,23.7869,0.0051,60,0.0007,23.7764,23.7678,23.7886,0.0051,60,0.0007,9.7374,9.7331,9.7408,0.0018,60,0.0002
2016-01-30T06:30:00.000 ,23,31.0058,30.9646,31.0346,0.0204,60,0.0026,1024.1964,1024.1646,1024.2188,0.0158,60,0.002,0.4735,0.3797,0.612,0.0692,60,0.0089,20.6459,16.5581,26.6894,3.0162,60,0.3894,9.7245,9.7186,9.7269,0.0022,60,0.0003,30.8566,30.8157,30.8853,0.0203,60,0.0026,95.5591,95.472,95.654,0.0544,60,0.007,95.9237,95.8366,96.0186,0.0544,60,0.007,23.7612,23.7298,23.7833,0.0156,60,0.002,23.7629,23.7314,23.785,0.0156,60,0.002,9.7348,9.7289,9.7372,0.0023,60,0.0003
2016-01-30T07:30:00.000 ,23,30.9631,30.9309,30.9841,0.0145,60,0.0019,1024.1629,1024.1383,1024.1788,0.0108,60,0.0014,0.625,0.5504,0.7102,0.0526,60,0.0068,27.2535,24.0027,30.9704,2.295,60,0.2963,9.7216,9.7137,9.7266,0.0036,60,0.0005,30.8142,30.7821,30.8351,0.0144,60,0.0019,95.3643,95.253,95.467,0.065,60,0.0084,95.7289,95.6176,95.8316,0.065,60,0.0084,23.7285,23.7042,23.7442,0.0107,60,0.0014,23.7302,23.7058,23.7458,0.0107,60,0.0014,9.7319,9.7239,9.7368,0.0036,60,0.0005
2016-01-30T08:30:00.000 ,23,30.95,30.8929,30.9831,0.023,60,0.003,1024.1528,1024.1114,1024.1774,0.0169,60,0.0022,0.6631,0.5665,0.8528,0.0781,60,0.0101,28.9151,24.7033,37.1911,3.4043,60,0.4395,9.7157,9.6953,9.7226,0.0069,60,0.0009,30.8011,30.7443,30.8341,0.0229,60,0.003,95.1714,95.09,95.251,0.0452,60,0.0058,95.536,95.4546,95.6156,0.0452,60,0.0058,23.7193,23.6782,23.744,0.0168,60,0.0022,23.7209,23.6798,23.7456,0.0168,60,0.0022,9.7259,9.7055,9.7328,0.0069,60,0.0009
2016-01-30T09:30:00.000 ,23,30.969,30.8878,31.0182,0.0436,60,0.0056,1024.1672,1024.1077,1024.2039,0.0323,60,0.0042,0.5881,0.4089,0.8867,0.1607,60,0.0207,25.6463,17.8314,38.6691,7.0094,60,0.9049,9.7133,9.6932,9.723,0.0094,60,0.0012,30.82,30.7392,30.869,0.0434,60,0.0056,95.0125,94.958,95.084,0.0364,60,0.0047,95.3771,95.3226,95.4486,0.0364,60,0.0047,23.7344,23.6746,23.7713,0.0324,60,0.0042,23.7361,23.6762,23.7729,0.0324,60,0.0042,9.7235,9.7034,9.7332,0.0094,60,0.0012
2016-01-30T10:30:00.000 ,23,30.9731,30.9081,31.0286,0.0363,60,0.0047,1024.1701,1024.123,1024.2116,0.0268,60,0.0035,0.5845,0.4035,0.8145,0.1245,60,0.0161,25.4882,17.596,35.5203,5.428,60,0.7007,9.7142,9.6923,9.7251,0.0093,60,0.0012,30.8242,30.7594,30.8794,0.0361,60,0.0047,94.9708,94.947,95.016,0.0201,60,0.0026,95.3355,95.3116,95.3806,0.0201,60,0.0026,23.7375,23.6904,23.779,0.0268,60,0.0035,23.7392,23.692,23.7806,0.0268,60,0.0035,9.7244,9.7025,9.7353,0.0093,60,0.0012
2016-01-30T11:30:00.000 ,23,31.0047,30.9719,31.0477,0.0183,60,0.0024,1024.1941,1024.1697,1024.2271,0.014,60,0.0018,0.4949,0.3765,0.5753,0.0585,60,0.0076,21.5794,16.4178,25.085,2.5528,60,0.3296,9.7214,9.7124,9.7256,0.0029,60,0.0004,30.8556,30.8229,30.8984,0.0183,60,0.0024,95.1088,95.018,95.238,0.0629,60,0.0081,95.4734,95.3826,95.6026,0.0629,60,0.0081,23.7609,23.7368,23.7937,0.0139,60,0.0018,23.7625,23.7385,23.7953,0.0139,60,0.0018,9.7316,9.7226,9.7358,0.0029,60,0.0004
2016-01-30T12:30:00.000 ,23,31.0007,30.9879,31.0321,0.0139,60,0.0018,1024.1921,1024.1825,1024.2154,0.0102,60,0.0013,0.5073,0.4065,0.5524,0.0474,60,0.0061,22.1226,17.7246,24.0896,2.0677,60,0.2669,9.7222,9.7205,9.7247,0.0012,60,0.0002,30.8516,30.8388,30.8828,0.0138,60,0.0018,95.3955,95.229,95.56,0.0953,60,0.0123,95.7601,95.5936,95.9246,0.0953,60,0.0123,23.7577,23.7479,23.7816,0.0106,60,0.0014,23.7593,23.7495,23.7833,0.0106,60,0.0014,9.7325,9.7307,9.735,0.0012,60,0.0002
2016-01-30T13:30:00.000 ,23,30.9839,30.9527,31.0241,0.0107,60,0.0014,1024.1809,1024.1581,1024.2122,0.0081,60,0.0011,0.5747,0.4796,0.6711,0.0379,60,0.0049,25.0588,20.9146,29.2644,1.6514,60,0.2132,9.7208,9.7131,9.7306,0.0027,60,0.0003,30.8349,30.8038,30.8749,0.0106,60,0.0014,95.7508,95.567,95.929,0.1086,60,0.014,96.1154,95.9316,96.2936,0.1086,60,0.014,23.7448,23.7218,23.7754,0.0081,60,0.001,23.7465,23.7234,23.7771,0.0081,60,0.001,9.7311,9.7234,9.7409,0.0027,60,0.0003
2016-01-30T14:30:00.000 ,23,31.0166,30.979,31.0749,0.0375,60,0.0048,1024.2072,1024.1783,1024.2515,0.0286,60,0.0037,0.4666,0.2846,0.5831,0.1167,60,0.0151,20.348,12.411,25.4278,5.0906,60,0.6572,9.7255,9.7187,9.7358,0.0054,60,0.0007,30.8674,30.83,30.9254,0.0373,60,0.0048,96.1123,95.937,96.285,0.1032,60,0.0133,96.477,96.3016,96.6496,0.1032,60,0.0133,23.7695,23.7414,23.8132,0.0283,60,0.0037,23.7711,23.743,23.8149,0.0283,60,0.0037,9.7358,9.729,9.7462,0.0054,60,0.0007
2016-01-30T15:30:00.000 ,23,31.0628,31.0532,31.0678,0.004,60,0.0005,1024.243,1024.2353,1024.2473,0.0029,60,0.0004,0.315,0.3,0.3383,0.0104,60,0.0013,13.7365,13.0816,14.7526,0.4536,60,0.0586,9.7344,9.7252,9.741,0.0047,60,0.0006,30.9134,30.9038,30.9183,0.004,60,0.0005,96.4257,96.288,96.544,0.0777,60,0.01,96.7904,96.6526,96.9086,0.0777,60,0.01,23.8039,23.7963,23.8077,0.0029,60,0.0004,23.8056,23.7979,23.8094,0.0029,60,0.0004,9.7448,9.7356,9.7514,0.0047,60,0.0006
2016-01-30T16:30:00.000 ,23,31.0243,30.9925,31.0583,0.0247,60,0.0032,1024.2159,1024.1919,1024.2414,0.0186,60,0.0024,0.4265,0.3183,0.5345,0.0803,60,0.0104,18.5971,13.8773,23.3081,3.5022,60,0.4521,9.7226,9.7188,9.7264,0.0026,60,0.0003,30.875,30.8434,30.9089,0.0246,60,0.0032,96.6299,96.546,96.696,0.0446,60,0.0058,96.9945,96.9106,97.0606,0.0446,60,0.0058,23.7758,23.7516,23.8017,0.0188,60,0.0024,23.7775,23.7533,23.8034,0.0188,60,0.0024,9.7329,9.7292,9.7368,0.0026,60,0.0003
2016-01-30T17:30:00.000 ,23,30.9864,30.9545,31.0272,0.021,60,0.0027,1024.1877,1024.1636,1024.2186,0.0159,60,0.0021,0.5449,0.4129,0.6602,0.0696,60,0.009,23.7602,18.0036,28.7881,3.0348,60,0.3918,9.7174,9.7118,9.7216,0.003,60,0.0004,30.8373,30.8056,30.8779,0.0209,60,0.0027,96.6963,96.65,96.714,0.0173,60,0.0022,97.0609,97.0146,97.0786,0.0173,60,0.0022,23.7473,23.7234,23.7783,0.0159,60,0.002,23.7489,23.7251,23.7799,0.0159,60,0.002,9.7278,9.7222,9.732,0.003,60,0.0004
2016-01-30T18:30:00.000 ,23,30.9743,30.9602,30.9858,0.0101,60,0.0013,1024.1781,1024.1677,1024.1867,0.0075,60,0.001,0.5886,0.5448,0.6186,0.0282,60,0.0036,25.6669,23.7556,26.9754,1.2277,60,0.1585,9.7164,9.7132,9.7185,0.0021,60,0.0003,30.8253,30.8112,30.8367,0.0101,60,0.0013,96.5429,96.425,96.646,0.0638,60,0.0082,96.9075,96.7896,97.0106,0.0638,60,0.0082,23.738,23.7276,23.7466,0.0075,60,0.001,23.7397,23.7292,23.7483,0.0075,60,0.001,9.7166,9.6989,9.7289,0.008,60,0.001
2016-01-30T19:30:00.000 ,23,    NaN ,    NaN ,    NaN ,    NaN ,60,    NaN ,    NaN ,    NaN ,    NaN ,    NaN ,60,    NaN ,    NaN ,    NaN ,    NaN ,    NaN ,60,    NaN ,    NaN ,    NaN ,    NaN ,    NaN ,60,    NaN ,    NaN ,    NaN ,    NaN ,    NaN ,60,    NaN ,    NaN ,    NaN ,    NaN ,    NaN ,60,    NaN ,96.2596,96.098,96.421,0.0969,60,0.0125,96.6242,96.4626,96.7856,0.0969,60,0.0125,    NaN ,    NaN ,    NaN ,    NaN ,60,    NaN ,    NaN ,    NaN ,    NaN ,    NaN ,60,    NaN ,9.6986,9.6827,9.7226,0.0116,60,0.0015
2016-01-30T20:30:00.000 ,23,    NaN ,    NaN ,    NaN ,    NaN ,60,    NaN ,    NaN ,    NaN ,    NaN ,    NaN ,60,    NaN ,    NaN ,    NaN ,    NaN ,    NaN ,60,    NaN ,    NaN ,    NaN ,    NaN ,    NaN ,60,    NaN ,    NaN ,    NaN ,    NaN ,    NaN ,60,    NaN ,    NaN ,    NaN ,    NaN ,    NaN ,60,    NaN ,95.9151,95.736,96.092,0.1072,60,0.0138,96.2798,96.1006,96.4566,0.1072,60,0.0138,    NaN ,    NaN ,    NaN ,    NaN ,60,    NaN ,    NaN ,    NaN ,    NaN ,    NaN ,60,    NaN ,9.7109,9.6739,9.727,0.0135,60,0.0017
2016-01-30T21:30:00.000 ,23,    NaN ,    NaN ,    NaN ,    NaN ,60,    NaN ,    NaN ,    NaN ,    NaN ,    NaN ,60,    NaN ,    NaN ,    NaN ,    NaN ,    NaN ,60,    NaN ,    NaN ,    NaN ,    NaN ,    NaN ,60,    NaN ,    NaN ,    NaN ,    NaN ,    NaN ,60,    NaN ,    NaN ,    NaN ,    NaN ,    NaN ,60,    NaN ,95.5581,95.396,95.732,0.1008,60,0.013,95.9228,95.7606,96.0966,0.1008,60,0.013,    NaN ,    NaN ,    NaN ,    NaN ,60,    NaN ,    NaN ,    NaN ,    NaN ,    NaN ,60,    NaN ,9.7069,9.688,9.7243,0.0112,60,0.0014
2016-01-30T22:30:00.000 ,23,    NaN ,    NaN ,    NaN ,    NaN ,60,    NaN ,    NaN ,    NaN ,    NaN ,    NaN ,60,    NaN ,    NaN ,    NaN ,    NaN ,    NaN ,60,    NaN ,    NaN ,    NaN ,    NaN ,    NaN ,60,    NaN ,    NaN ,    NaN ,    NaN ,    NaN ,60,    NaN ,    NaN ,    NaN ,    NaN ,    NaN ,60,    NaN ,95.2676,95.145,95.394,0.0727,60,0.0094,95.6322,95.5096,95.7586,0.0727,60,0.0094,    NaN ,    NaN ,    NaN ,    NaN ,60,    NaN ,    NaN ,    NaN ,    NaN ,    NaN ,60,    NaN ,9.7023,9.6632,9.7384,0.0197,60,0.0025
2016-01-30T23:30:00.000 ,23,    NaN ,    NaN ,    NaN ,    NaN ,60,    NaN ,    NaN ,    NaN ,    NaN ,    NaN ,60,    NaN ,    NaN ,    NaN ,    NaN ,    NaN ,60,    NaN ,    NaN ,    NaN ,    NaN ,    NaN ,60,    NaN ,    NaN ,    NaN ,    NaN ,    NaN ,60,    NaN ,    NaN ,    NaN ,    NaN ,    NaN ,60,    NaN ,95.0509,94.991,95.143,0.0447,60,0.0058,95.4155,95.3556,95.5076,0.0447,60,0.0058,    NaN ,    NaN ,    NaN ,    NaN ,60,    NaN ,    NaN ,    NaN ,    NaN ,    NaN ,60,    NaN ,9.7286,9.7169,9.7382,0.0059,60,0.0008
2016-01-31T00:30:00.000 ,23,    NaN ,    NaN ,    NaN ,    NaN ,60,    NaN ,    NaN ,    NaN ,    NaN ,    NaN ,60,    NaN ,    NaN ,    NaN ,    NaN ,    NaN ,60,    NaN ,    NaN ,    NaN ,    NaN ,    NaN ,60,    NaN ,    NaN ,    NaN ,    NaN ,    NaN ,60,    NaN ,    NaN ,    NaN ,    NaN ,    NaN ,60,    NaN ,94.9756,94.967,94.99,0.0055,60,0.0007,95.3403,95.3316,95.3546,0.0055,60,0.0007,    NaN ,    NaN ,    NaN ,    NaN ,60,    NaN ,    NaN ,    NaN ,    NaN ,    NaN ,60,    NaN ,9.7451,9.7386,9.7544,0.0046,60,0.0006
2016-01-31T01:30:00.000 ,23,    NaN ,    NaN ,    NaN ,    NaN ,60,    NaN ,    NaN ,    NaN ,    NaN ,    NaN ,60,    NaN ,    NaN ,    NaN ,    NaN ,    NaN ,60,    NaN ,    NaN ,    NaN ,    NaN ,    NaN ,60,    NaN ,    NaN ,    NaN ,    NaN ,    NaN ,60,    NaN ,    NaN ,    NaN ,    NaN ,    NaN ,60,    NaN ,95.0421,94.982,95.114,0.0426,60,0.0055,95.4067,95.3466,95.4786,0.0426,60,0.0055,    NaN ,    NaN ,    NaN ,    NaN ,60,    NaN ,    NaN ,    NaN ,    NaN ,    NaN ,60,    NaN ,9.7428,9.7355,9.7539,0.0054,60,0.0007
2016-01-31T02:30:00.000 ,23,    NaN ,    NaN ,    NaN ,    NaN ,60,    NaN ,    NaN ,    NaN ,    NaN ,    NaN ,60,    NaN ,    NaN ,    NaN ,    NaN ,    NaN ,60,    NaN ,    NaN ,    NaN ,    NaN ,    NaN ,60,    NaN ,    NaN ,    NaN ,    NaN ,    NaN ,60,    NaN ,    NaN ,    NaN ,    NaN ,    NaN ,60,    NaN ,95.196,95.113,95.28,0.048,60,0.0062,95.5607,95.4776,95.6446,0.048,60,0.0062,    NaN ,    NaN ,    NaN ,    NaN ,60,    NaN ,    NaN ,    NaN ,    NaN ,    NaN ,60,    NaN ,9.7411,9.73,9.747,0.0052,60,0.0007
2016-01-31T03:30:00.000 ,23,    NaN ,    NaN ,    NaN ,    NaN ,60,    NaN ,    NaN ,    NaN ,    NaN ,    NaN ,60,    NaN ,    NaN ,    NaN ,    NaN ,    NaN ,60,    NaN ,    NaN ,    NaN ,    NaN ,    NaN ,60,    NaN ,    NaN ,    NaN ,    NaN ,    NaN ,60,    NaN ,    NaN ,    NaN ,    NaN ,    NaN ,60,    NaN ,95.3732,95.282,95.466,0.054,60,0.007,95.7379,95.6466,95.8306,0.054,60,0.007,    NaN ,    NaN ,    NaN ,    NaN ,60,    NaN ,    NaN ,    NaN ,    NaN ,    NaN ,60,    NaN ,9.7277,9.71,9.7345,0.0064,60,0.0008
2016-01-31T04:30:00.000 ,23,    NaN ,    NaN ,    NaN ,    NaN ,60,    NaN ,    NaN ,    NaN ,    NaN ,    NaN ,60,    NaN ,    NaN ,    NaN ,    NaN ,    NaN ,60,    NaN ,    NaN ,    NaN ,    NaN ,    NaN ,60,    NaN ,    NaN ,    NaN ,    NaN ,    NaN ,60,    NaN ,    NaN ,    NaN ,    NaN ,    NaN ,60,    NaN ,95.5296,95.469,95.581,0.0307,60,0.004,95.8942,95.8336,95.9456,0.0307,60,0.004,    NaN ,    NaN ,    NaN ,    NaN ,60,    NaN ,    NaN ,    NaN ,    NaN ,    NaN ,60,    NaN ,9.695,9.6851,9.7155,0.0076,60,0.001
2016-01-31T05:30:00.000 ,23,    NaN ,    NaN ,    NaN ,    NaN ,60,    NaN ,    NaN ,    NaN ,    NaN ,    NaN ,60,    NaN ,    NaN ,    NaN ,    NaN ,    NaN ,60,    NaN ,    NaN ,    NaN ,    NaN ,    NaN ,60,    NaN ,    NaN ,    NaN ,    NaN ,    NaN ,60,    NaN ,    NaN ,    NaN ,    NaN ,    NaN ,60,    NaN ,95.6289,95.582,95.658,0.0225,60,0.0029,95.9936,95.9466,96.0226,0.0225,60,0.0029,    NaN ,    NaN ,    NaN ,    NaN ,60,    NaN ,    NaN ,    NaN ,    NaN ,    NaN ,60,    NaN ,9.6995,9.6517,9.719,0.0225,60,0.0029
2016-01-31T06:30:00.000 ,23,    NaN ,    NaN ,    NaN ,    NaN ,60,    NaN ,    NaN ,    NaN ,    NaN ,    NaN ,60,    NaN ,    NaN ,    NaN ,    NaN ,    NaN ,60,    NaN ,    NaN ,    NaN ,    NaN ,    NaN ,60,    NaN ,    NaN ,    NaN ,    NaN ,    NaN ,60,    NaN ,    NaN ,    NaN ,    NaN ,    NaN ,60,    NaN ,95.6579,95.646,95.663,0.0039,60,0.0005,96.0225,96.0106,96.0276,0.0039,60,0.0005,    NaN ,    NaN ,    NaN ,    NaN ,60,    NaN ,    NaN ,    NaN ,    NaN ,    NaN ,60,    NaN ,9.6649,9.6588,9.672,0.0032,60,0.0004
2016-01-31T07:30:00.000 ,23,    NaN ,    NaN ,    NaN ,    NaN ,60,    NaN ,    NaN ,    NaN ,    NaN ,    NaN ,60,    NaN ,    NaN ,    NaN ,    NaN ,    NaN ,60,    NaN ,    NaN ,    NaN ,    NaN ,    NaN ,60,    NaN ,    NaN ,    NaN ,    NaN ,    NaN ,60,    NaN ,    NaN ,    NaN ,    NaN ,    NaN ,60,    NaN ,95.617,95.575,95.646,0.0207,60,0.0027,95.9816,95.9396,96.0106,0.0207,60,0.0027,    NaN ,    NaN ,    NaN ,    NaN ,60,    NaN ,    NaN ,    NaN ,    NaN ,    NaN ,60,    NaN ,9.6869,9.6723,9.7081,0.0082,60,0.0011
2016-01-31T08:30:00.000 ,23,    NaN ,    NaN ,    NaN ,    NaN ,60,    NaN ,    NaN ,    NaN ,    NaN ,    NaN ,60,    NaN ,    NaN ,    NaN ,    NaN ,    NaN ,60,    NaN ,    NaN ,    NaN ,    NaN ,    NaN ,60,    NaN ,    NaN ,    NaN ,    NaN ,    NaN ,60,    NaN ,    NaN ,    NaN ,    NaN ,    NaN ,60,    NaN ,95.524,95.478,95.574,0.0269,60,0.0035,95.8886,95.8426,95.9386,0.0269,60,0.0035,    NaN ,    NaN ,    NaN ,    NaN ,60,    NaN ,    NaN ,    NaN ,    NaN ,    NaN ,60,    NaN ,9.7191,9.7078,9.7273,0.0049,60,0.0006
2016-01-31T09:30:00.000 ,23,    NaN ,    NaN ,    NaN ,    NaN ,60,    NaN ,    NaN ,    NaN ,    NaN ,    NaN ,60,    NaN ,    NaN ,    NaN ,    NaN ,    NaN ,60,    NaN ,    NaN ,    NaN ,    NaN ,    NaN ,60,    NaN ,    NaN ,    NaN ,    NaN ,    NaN ,60,    NaN ,    NaN ,    NaN ,    NaN ,    NaN ,60,    NaN ,95.4216,95.375,95.477,0.0311,60,0.004,95.7862,95.7396,95.8416,0.0311,60,0.004,    NaN ,    NaN ,    NaN ,    NaN ,60,    NaN ,    NaN ,    NaN ,    NaN ,    NaN ,60,    NaN ,9.7046,9.6918,9.7219,0.0079,60,0.001
2016-01-31T10:30:00.000 ,23,    NaN ,    NaN ,    NaN ,    NaN ,60,    NaN ,    NaN ,    NaN ,    NaN ,    NaN ,60,    NaN ,    NaN ,    NaN ,    NaN ,    NaN ,60,    NaN ,    NaN ,    NaN ,    NaN ,    NaN ,60,    NaN ,    NaN ,    NaN ,    NaN ,    NaN ,60,    NaN ,    NaN ,    NaN ,    NaN ,    NaN ,60,    NaN ,95.339,95.312,95.374,0.0188,60,0.0024,95.7036,95.6766,95.7386,0.0188,60,0.0024,    NaN ,    NaN ,    NaN ,    NaN ,60,    NaN ,    NaN ,    NaN ,    NaN ,    NaN ,60,    NaN ,9.7122,9.7051,9.7191,0.0038,60,0.0005
2016-01-31T11:30:00.000 ,23,    NaN ,    NaN ,    NaN ,    NaN ,60,    NaN ,    NaN ,    NaN ,    NaN ,    NaN ,60,    NaN ,    NaN ,    NaN ,    NaN ,    NaN ,60,    NaN ,    NaN ,    NaN ,    NaN ,    NaN ,60,    NaN ,    NaN ,    NaN ,    NaN ,    NaN ,60,    NaN ,    NaN ,    NaN ,    NaN ,    NaN ,60,    NaN ,95.3504,95.311,95.413,0.0307,60,0.004,95.7151,95.6756,95.7776,0.0307,60,0.004,    NaN ,    NaN ,    NaN ,    NaN ,60,    NaN ,    NaN ,    NaN ,    NaN ,    NaN ,60,    NaN ,9.7062,9.7027,9.7121,0.002,60,0.0003
2016-01-31T12:30:00.000 ,23,    NaN ,    NaN ,    NaN ,    NaN ,60,    NaN ,    NaN ,    NaN ,    NaN ,    NaN ,60,    NaN ,    NaN ,    NaN ,    NaN ,    NaN ,60,    NaN ,    NaN ,    NaN ,    NaN ,    NaN ,60,    NaN ,    NaN ,    NaN ,    NaN ,    NaN ,60,    NaN ,    NaN ,    NaN ,    NaN ,    NaN ,60,    NaN ,95.5087,95.416,95.616,0.0581,60,0.0075,95.8733,95.7806,95.9806,0.0581,60,0.0075,    NaN ,    NaN ,    NaN ,    NaN ,60,    NaN ,    NaN ,    NaN ,    NaN ,    NaN ,60,    NaN ,9.7277,9.7128,9.7421,0.0093,60,0.0012
2016-01-31T13:30:00.000 ,23,    NaN ,    NaN ,    NaN ,    NaN ,60,    NaN ,    NaN ,    NaN ,    NaN ,    NaN ,60,    NaN ,    NaN ,    NaN ,    NaN ,    NaN ,60,    NaN ,    NaN ,    NaN ,    NaN ,    NaN ,60,    NaN ,    NaN ,    NaN ,    NaN ,    NaN ,60,    NaN ,    NaN ,    NaN ,    NaN ,    NaN ,60,    NaN ,95.7544,95.619,95.889,0.0809,60,0.0104,96.1191,95.9836,96.2536,0.0809,60,0.0104,    NaN ,    NaN ,    NaN ,    NaN ,60,    NaN ,    NaN ,    NaN ,    NaN ,    NaN ,60,    NaN ,9.7225,9.7119,9.7409,0.0083,60,0.0011
2016-01-31T14:30:00.000 ,23,    NaN ,    NaN ,    NaN ,    NaN ,60,    NaN ,    NaN ,    NaN ,    NaN ,    NaN ,60,    NaN ,    NaN ,    NaN ,    NaN ,    NaN ,60,    NaN ,    NaN ,    NaN ,    NaN ,    NaN ,60,    NaN ,    NaN ,    NaN ,    NaN ,    NaN ,60,    NaN ,    NaN ,    NaN ,    NaN ,    NaN ,60,    NaN ,96.0183,95.892,96.147,0.0764,60,0.0099,96.3829,96.2566,96.5116,0.0764,60,0.0099,    NaN ,    NaN ,    NaN ,    NaN ,60,    NaN ,    NaN ,    NaN ,    NaN ,    NaN ,60,    NaN ,9.7178,9.7101,9.7327,0.007,60,0.0009
2016-01-31T15:30:00.000 ,23,    NaN ,    NaN ,    NaN ,    NaN ,60,    NaN ,    NaN ,    NaN ,    NaN ,    NaN ,60,    NaN ,    NaN ,    NaN ,    NaN ,    NaN ,60,    NaN ,    NaN ,    NaN ,    NaN ,    NaN ,60,    NaN ,    NaN ,    NaN ,    NaN ,    NaN ,60,    NaN ,    NaN ,    NaN ,    NaN ,    NaN ,60,    NaN ,96.2827,96.154,96.405,0.076,60,0.0098,96.6473,96.5186,96.7696,0.076,60,0.0098,    NaN ,    NaN ,    NaN ,    NaN ,60,    NaN ,    NaN ,    NaN ,    NaN ,    NaN ,60,    NaN ,9.7269,9.7193,9.7357,0.0036,60,0.0005
2016-01-31T16:30:00.000 ,23,    NaN ,    NaN ,    NaN ,    NaN ,60,    NaN ,    NaN ,    NaN ,    NaN ,    NaN ,60,    NaN ,    NaN ,    NaN ,    NaN ,    NaN ,60,    NaN ,    NaN ,    NaN ,    NaN ,    NaN ,60,    NaN ,    NaN ,    NaN ,    NaN ,    NaN ,60,    NaN ,    NaN ,    NaN ,    NaN ,    NaN ,60,    NaN ,96.4934,96.41,96.558,0.0456,60,0.0059,96.858,96.7746,96.9226,0.0456,60,0.0059,    NaN ,    NaN ,    NaN ,    NaN ,60,    NaN ,    NaN ,    NaN ,    NaN ,    NaN ,60,    NaN ,9.7187,9.7119,9.7279,0.0043,60,0.0006
2016-01-31T17:30:00.000 ,23,    NaN ,    NaN ,    NaN ,    NaN ,60,    NaN ,    NaN ,    NaN ,    NaN ,    NaN ,60,    NaN ,    NaN ,    NaN ,    NaN ,    NaN ,60,    NaN ,    NaN ,    NaN ,    NaN ,    NaN ,60,    NaN ,    NaN ,    NaN ,    NaN ,    NaN ,60,    NaN ,    NaN ,    NaN ,    NaN ,    NaN ,60,    NaN ,96.5874,96.561,96.602,0.0111,60,0.0014,96.952,96.9256,96.9666,0.0111,60,0.0014,    NaN ,    NaN ,    NaN ,    NaN ,60,    NaN ,    NaN ,    NaN ,    NaN ,    NaN ,60,    NaN ,9.705,9.6964,9.7151,0.0051,60,0.0007
2016-01-31T18:30:00.000 ,23,    NaN ,    NaN ,    NaN ,    NaN ,60,    NaN ,    NaN ,    NaN ,    NaN ,    NaN ,60,    NaN ,    NaN ,    NaN ,    NaN ,    NaN ,60,    NaN ,    NaN ,    NaN ,    NaN ,    NaN ,60,    NaN ,    NaN ,    NaN ,    NaN ,    NaN ,60,    NaN ,    NaN ,    NaN ,    NaN ,    NaN ,60,    NaN ,96.5234,96.429,96.593,0.0512,60,0.0066,96.888,96.7936,96.9576,0.0512,60,0.0066,    NaN ,    NaN ,    NaN ,    NaN ,60,    NaN ,    NaN ,    NaN ,    NaN ,    NaN ,60,    NaN ,9.7085,9.6964,9.7183,0.0066,60,0.0008
2016-01-31T19:30:00.000 ,23,    NaN ,    NaN ,    NaN ,    NaN ,60,    NaN ,    NaN ,    NaN ,    NaN ,    NaN ,60,    NaN ,    NaN ,    NaN ,    NaN ,    NaN ,60,    NaN ,    NaN ,    NaN ,    NaN ,    NaN ,60,    NaN ,    NaN ,    NaN ,    NaN ,    NaN ,60,    NaN ,    NaN ,    NaN ,    NaN ,    NaN ,60,    NaN ,96.3006,96.15,96.429,0.0816,60,0.0105,96.6652,96.5146,96.7936,0.0816,60,0.0105,    NaN ,    NaN ,    NaN ,    NaN ,60,    NaN ,    NaN ,    NaN ,    NaN ,    NaN ,60,    NaN ,9.702,9.6913,9.7122,0.0059,60,0.0008
2016-01-31T20:30:00.000 ,23,    NaN ,    NaN ,    NaN ,    NaN ,60,    NaN ,    NaN ,    NaN ,    NaN ,    NaN ,60,    NaN ,    NaN ,    NaN ,    NaN ,    NaN ,60,    NaN ,    NaN ,    NaN ,    NaN ,    NaN ,60,    NaN ,    NaN ,    NaN ,    NaN ,    NaN ,60,    NaN ,    NaN ,    NaN ,    NaN ,    NaN ,60,    NaN ,95.9718,95.795,96.146,0.1038,60,0.0134,96.3364,96.1596,96.5106,0.1038,60,0.0134,    NaN ,    NaN ,    NaN ,    NaN ,60,    NaN ,    NaN ,    NaN ,    NaN ,    NaN ,60,    NaN ,9.7073,9.7041,9.7169,0.0028,60,0.0004
2016-01-31T21:30:00.000 ,23,    NaN ,    NaN ,    NaN ,    NaN ,60,    NaN ,    NaN ,    NaN ,    NaN ,    NaN ,60,    NaN ,    NaN ,    NaN ,    NaN ,    NaN ,60,    NaN ,    NaN ,    NaN ,    NaN ,    NaN ,60,    NaN ,    NaN ,    NaN ,    NaN ,    NaN ,60,    NaN ,    NaN ,    NaN ,    NaN ,    NaN ,60,    NaN ,95.6092,95.422,95.791,0.1119,60,0.0145,95.9738,95.7866,96.1556,0.1119,60,0.0145,    NaN ,    NaN ,    NaN ,    NaN ,60,    NaN ,    NaN ,    NaN ,    NaN ,    NaN ,60,    NaN ,9.7185,9.7095,9.7265,0.0055,60,0.0007
2016-01-31T22:30:00.000 ,23,    NaN ,    NaN ,    NaN ,    NaN ,60,    NaN ,    NaN ,    NaN ,    NaN ,    NaN ,60,    NaN ,    NaN ,    NaN ,    NaN ,    NaN ,60,    NaN ,    NaN ,    NaN ,    NaN ,    NaN ,60,    NaN ,    NaN ,    NaN ,    NaN ,    NaN ,60,    NaN ,    NaN ,    NaN ,    NaN ,    NaN ,60,    NaN ,95.246,95.084,95.411,0.0965,60,0.0125,95.6106,95.4486,95.7756,0.0965,60,0.0125,    NaN ,    NaN ,    NaN ,    NaN ,60,    NaN ,    NaN ,    NaN ,    NaN ,    NaN ,60,    NaN ,9.7217,9.7093,9.7295,0.0068,60,0.0009
2016-01-31T23:30:00.000 ,23,    NaN ,    NaN ,    NaN ,    NaN ,60,    NaN ,    NaN ,    NaN ,    NaN ,    NaN ,60,    NaN ,    NaN ,    NaN ,    NaN ,    NaN ,60,    NaN ,    NaN ,    NaN ,    NaN ,    NaN ,60,    NaN ,    NaN ,    NaN ,    NaN ,    NaN ,60,    NaN ,    NaN ,    NaN ,    NaN ,    NaN ,60,    NaN ,94.9528,94.842,95.079,0.0691,60,0.0089,95.3174,95.2066,95.4436,0.0691,60,0.0089,    NaN ,    NaN ,    NaN ,    NaN ,60,    NaN ,    NaN ,    NaN ,    NaN ,    NaN ,60,    NaN ,9.7089,9.6955,9.7144,0.0044,60,0.0006
2016-02-01T00:30:00.000 ,23,    NaN ,    NaN ,    NaN ,    NaN ,60,    NaN ,    NaN ,    NaN ,    NaN ,    NaN ,60,    NaN ,    NaN ,    NaN ,    NaN ,    NaN ,60,    NaN ,    NaN ,    NaN ,    NaN ,    NaN ,60,    NaN ,    NaN ,    NaN ,    NaN ,    NaN ,60,    NaN ,    NaN ,    NaN ,    NaN ,    NaN ,60,    NaN ,94.761,94.705,94.84,0.0416,60,0.0054,95.1256,95.0696,95.2046,0.0416,60,0.0054,    NaN ,    NaN ,    NaN ,    NaN ,60,    NaN ,    NaN ,    NaN ,    NaN ,    NaN ,60,    NaN ,9.6713,9.6393,9.6941,0.016,60,0.0021
2016-02-01T01:30:00.000 ,23,    NaN ,    NaN ,    NaN ,    NaN ,60,    NaN ,    NaN ,    NaN ,    NaN ,    NaN ,60,    NaN ,    NaN ,    NaN ,    NaN ,    NaN ,60,    NaN ,    NaN ,    NaN ,    NaN ,    NaN ,60,    NaN ,    NaN ,    NaN ,    NaN ,    NaN ,60,    NaN ,    NaN ,    NaN ,    NaN ,    NaN ,60,    NaN ,94.7183,94.701,94.756,0.0163,60,0.0021,95.0829,95.0656,95.1206,0.0163,60,0.0021,    NaN ,    NaN ,    NaN ,    NaN ,60,    NaN ,    NaN ,    NaN ,    NaN ,    NaN ,60,    NaN ,9.6676,9.6311,9.6953,0.0135,60,0.0017
2016-02-01T02:30:00.000 ,23,    NaN ,    NaN ,    NaN ,    NaN ,60,    NaN ,    NaN ,    NaN ,    NaN ,    NaN ,60,    NaN ,    NaN ,    NaN ,    NaN ,    NaN ,60,    NaN ,    NaN ,    NaN ,    NaN ,    NaN ,60,    NaN ,    NaN ,    NaN ,    NaN ,    NaN ,60,    NaN ,    NaN ,    NaN ,    NaN ,    NaN ,60,    NaN ,94.8389,94.757,94.933,0.0537,60,0.0069,95.2035,95.1216,95.2976,0.0537,60,0.0069,    NaN ,    NaN ,    NaN ,    NaN ,60,    NaN ,    NaN ,    NaN ,    NaN ,    NaN ,60,    NaN ,9.6852,9.6399,9.7169,0.0232,60,0.003
2016-02-01T03:30:00.000 ,23,    NaN ,    NaN ,    NaN ,    NaN ,60,    NaN ,    NaN ,    NaN ,    NaN ,    NaN ,60,    NaN ,    NaN ,    NaN ,    NaN ,    NaN ,60,    NaN ,    NaN ,    NaN ,    NaN ,    NaN ,60,    NaN ,    NaN ,    NaN ,    NaN ,    NaN ,60,    NaN ,    NaN ,    NaN ,    NaN ,    NaN ,60,    NaN ,95.0286,94.938,95.121,0.0537,60,0.0069,95.3932,95.3026,95.4856,0.0537,60,0.0069,    NaN ,    NaN ,    NaN ,    NaN ,60,    NaN ,    NaN ,    NaN ,    NaN ,    NaN ,60,    NaN ,9.663,9.615,9.7163,0.03,60,0.0039
2016-02-01T04:30:00.000 ,23,    NaN ,    NaN ,    NaN ,    NaN ,60,    NaN ,    NaN ,    NaN ,    NaN ,    NaN ,60,    NaN ,    NaN ,    NaN ,    NaN ,    NaN ,60,    NaN ,    NaN ,    NaN ,    NaN ,    NaN ,60,    NaN ,    NaN ,    NaN ,    NaN ,    NaN ,60,    NaN ,    NaN ,    NaN ,    NaN ,    NaN ,60,    NaN ,95.2302,95.127,95.324,0.059,60,0.0076,95.5948,95.4916,95.6886,0.059,60,0.0076,    NaN ,    NaN ,    NaN ,    NaN ,60,    NaN ,    NaN ,    NaN ,    NaN ,    NaN ,60,    NaN ,9.6495,9.5796,9.6731,0.0256,60,0.0033
2016-02-01T05:30:00.000 ,23,    NaN ,    NaN ,    NaN ,    NaN ,60,    NaN ,    NaN ,    NaN ,    NaN ,    NaN ,60,    NaN ,    NaN ,    NaN ,    NaN ,    NaN ,60,    NaN ,    NaN ,    NaN ,    NaN ,    NaN ,60,    NaN ,    NaN ,    NaN ,    NaN ,    NaN ,60,    NaN ,    NaN ,    NaN ,    NaN ,    NaN ,60,    NaN ,95.4026,95.326,95.486,0.048,60,0.0062,95.7672,95.6906,95.8506,0.048,60,0.0062,    NaN ,    NaN ,    NaN ,    NaN ,60,    NaN ,    NaN ,    NaN ,    NaN ,    NaN ,60,    NaN ,9.6744,9.6496,9.6879,0.0111,60,0.0014
2016-02-01T06:30:00.000 ,23,    NaN ,    NaN ,    NaN ,    NaN ,60,    NaN ,    NaN ,    NaN ,    NaN ,    NaN ,60,    NaN ,    NaN ,    NaN ,    NaN ,    NaN ,60,    NaN ,    NaN ,    NaN ,    NaN ,    NaN ,60,    NaN ,    NaN ,    NaN ,    NaN ,    NaN ,60,    NaN ,    NaN ,    NaN ,    NaN ,    NaN ,60,    NaN ,95.5602,95.492,95.622,0.0382,60,0.0049,95.9248,95.8566,95.9866,0.0382,60,0.0049,    NaN ,    NaN ,    NaN ,    NaN ,60,    NaN ,    NaN ,    NaN ,    NaN ,    NaN ,60,    NaN ,9.688,9.6702,9.709,0.0091,60,0.0012
2016-02-01T07:30:00.000 ,23,    NaN ,    NaN ,    NaN ,    NaN ,60,    NaN ,    NaN ,    NaN ,    NaN ,    NaN ,60,    NaN ,    NaN ,    NaN ,    NaN ,    NaN ,60,    NaN ,    NaN ,    NaN ,    NaN ,    NaN ,60,    NaN ,    NaN ,    NaN ,    NaN ,    NaN ,60,    NaN ,    NaN ,    NaN ,    NaN ,    NaN ,60,    NaN ,95.6723,95.626,95.701,0.0224,60,0.0029,96.0369,95.9906,96.0656,0.0224,60,0.0029,    NaN ,    NaN ,    NaN ,    NaN ,60,    NaN ,    NaN ,    NaN ,    NaN ,    NaN ,60,    NaN ,9.6748,9.633,9.699,0.0172,60,0.0022
2016-02-01T08:30:00.000 ,23,    NaN ,    NaN ,    NaN ,    NaN ,60,    NaN ,    NaN ,    NaN ,    NaN ,    NaN ,60,    NaN ,    NaN ,    NaN ,    NaN ,    NaN ,60,    NaN ,    NaN ,    NaN ,    NaN ,    NaN ,60,    NaN ,    NaN ,    NaN ,    NaN ,    NaN ,60,    NaN ,    NaN ,    NaN ,    NaN ,    NaN ,60,    NaN ,95.6985,95.69,95.704,0.0038,60,0.0005,96.0631,96.0546,96.0686,0.0038,60,0.0005,    NaN ,    NaN ,    NaN ,    NaN ,60,    NaN ,    NaN ,    NaN ,    NaN ,    NaN ,60,    NaN ,9.6386,9.5978,9.6992,0.0289,60,0.0037
2016-02-01T09:30:00.000 ,23,    NaN ,    NaN ,    NaN ,    NaN ,60,    NaN ,    NaN ,    NaN ,    NaN ,    NaN ,60,    NaN ,    NaN ,    NaN ,    NaN ,    NaN ,60,    NaN ,    NaN ,    NaN ,    NaN ,    NaN ,60,    NaN ,    NaN ,    NaN ,    NaN ,    NaN ,60,    NaN ,    NaN ,    NaN ,    NaN ,    NaN ,60,    NaN ,95.6686,95.643,95.689,0.014,60,0.0018,96.0333,96.0076,96.0536,0.014,60,0.0018,    NaN ,    NaN ,    NaN ,    NaN ,60,    NaN ,    NaN ,    NaN ,    NaN ,    NaN ,60,    NaN ,9.6887,9.6169,9.7093,0.0176,60,0.0023
2016-02-01T10:30:00.000 ,23,    NaN ,    NaN ,    NaN ,    NaN ,60,    NaN ,    NaN ,    NaN ,    NaN ,    NaN ,60,    NaN ,    NaN ,    NaN ,    NaN ,    NaN ,60,    NaN ,    NaN ,    NaN ,    NaN ,    NaN ,60,    NaN ,    NaN ,    NaN ,    NaN ,    NaN ,60,    NaN ,    NaN ,    NaN ,    NaN ,    NaN ,60,    NaN ,95.6222,95.596,95.646,0.0138,60,0.0018,95.9869,95.9606,96.0106,0.0138,60,0.0018,    NaN ,    NaN ,    NaN ,    NaN ,60,    NaN ,    NaN ,    NaN ,    NaN ,    NaN ,60,    NaN ,9.7125,9.7091,9.7179,0.0026,60,0.0003
2016-02-01T11:30:00.000 ,23,    NaN ,    NaN ,    NaN ,    NaN ,60,    NaN ,    NaN ,    NaN ,    NaN ,    NaN ,60,    NaN ,    NaN ,    NaN ,    NaN ,    NaN ,60,    NaN ,    NaN ,    NaN ,    NaN ,    NaN ,60,    NaN ,    NaN ,    NaN ,    NaN ,    NaN ,60,    NaN ,    NaN ,    NaN ,    NaN ,    NaN ,60,    NaN ,95.577,95.565,95.598,0.0075,60,0.001,95.9416,95.9296,95.9626,0.0075,60,0.001,    NaN ,    NaN ,    NaN ,    NaN ,60,    NaN ,    NaN ,    NaN ,    NaN ,    NaN ,60,    NaN ,9.7109,9.7086,9.7135,0.0012,60,0.0002
2016-02-01T12:30:00.000 ,23,    NaN ,    NaN ,    NaN ,    NaN ,60,    NaN ,    NaN ,    NaN ,    NaN ,    NaN ,60,    NaN ,    NaN ,    NaN ,    NaN ,    NaN ,60,    NaN ,    NaN ,    NaN ,    NaN ,    NaN ,60,    NaN ,    NaN ,    NaN ,    NaN ,    NaN ,60,    NaN ,    NaN ,    NaN ,    NaN ,    NaN ,60,    NaN ,95.6065,95.577,95.64,0.0186,60,0.0024,95.9711,95.9416,96.0046,0.0186,60,0.0024,    NaN ,    NaN ,    NaN ,    NaN ,60,    NaN ,    NaN ,    NaN ,    NaN ,    NaN ,60,    NaN ,9.7102,9.7044,9.719,0.0047,60,0.0006
2016-02-01T13:30:00.000 ,23,    NaN ,    NaN ,    NaN ,    NaN ,60,    NaN ,    NaN ,    NaN ,    NaN ,    NaN ,60,    NaN ,    NaN ,    NaN ,    NaN ,    NaN ,60,    NaN ,    NaN ,    NaN ,    NaN ,    NaN ,60,    NaN ,    NaN ,    NaN ,    NaN ,    NaN ,60,    NaN ,    NaN ,    NaN ,    NaN ,    NaN ,60,    NaN ,95.723,95.642,95.832,0.0582,60,0.0075,96.0877,96.0066,96.1966,0.0582,60,0.0075,    NaN ,    NaN ,    NaN ,    NaN ,60,    NaN ,    NaN ,    NaN ,    NaN ,    NaN ,60,    NaN ,9.6915,9.6747,9.7143,0.0078,60,0.001
2016-02-01T14:30:00.000 ,23,    NaN ,    NaN ,    NaN ,    NaN ,60,    NaN ,    NaN ,    NaN ,    NaN ,    NaN ,60,    NaN ,    NaN ,    NaN ,    NaN ,    NaN ,60,    NaN ,    NaN ,    NaN ,    NaN ,    NaN ,60,    NaN ,    NaN ,    NaN ,    NaN ,    NaN ,60,    NaN ,    NaN ,    NaN ,    NaN ,    NaN ,60,    NaN ,95.933,95.831,96.032,0.0594,60,0.0077,96.2976,96.1956,96.3966,0.0594,60,0.0077,    NaN ,    NaN ,    NaN ,    NaN ,60,    NaN ,    NaN ,    NaN ,    NaN ,    NaN ,60,    NaN ,9.7053,9.6967,9.7154,0.0053,60,0.0007
2016-02-01T15:30:00.000 ,23,    NaN ,    NaN ,    NaN ,    NaN ,60,    NaN ,    NaN ,    NaN ,    NaN ,    NaN ,60,    NaN ,    NaN ,    NaN ,    NaN ,    NaN ,60,    NaN ,    NaN ,    NaN ,    NaN ,    NaN ,60,    NaN ,    NaN ,    NaN ,    NaN ,    NaN ,60,    NaN ,    NaN ,    NaN ,    NaN ,    NaN ,60,    NaN ,96.1319,96.038,96.218,0.0524,60,0.0068,96.4965,96.4026,96.5826,0.0524,60,0.0068,    NaN ,    NaN ,    NaN ,    NaN ,60,    NaN ,    NaN ,    NaN ,    NaN ,    NaN ,60,    NaN ,9.7045,9.7,9.71,0.0026,60,0.0003
2016-02-01T16:30:00.000 ,23,    NaN ,    NaN ,    NaN ,    NaN ,60,    NaN ,    NaN ,    NaN ,    NaN ,    NaN ,60,    NaN ,    NaN ,    NaN ,    NaN ,    NaN ,60,    NaN ,    NaN ,    NaN ,    NaN ,    NaN ,60,    NaN ,    NaN ,    NaN ,    NaN ,    NaN ,60,    NaN ,    NaN ,    NaN ,    NaN ,    NaN ,60,    NaN ,96.306,96.22,96.381,0.0491,60,0.0063,96.6707,96.5846,96.7456,0.0491,60,0.0063,    NaN ,    NaN ,    NaN ,    NaN ,60,    NaN ,    NaN ,    NaN ,    NaN ,    NaN ,60,    NaN ,9.6994,9.6863,9.7042,0.0044,60,0.0006
2016-02-01T17:30:00.000 ,23,    NaN ,    NaN ,    NaN ,    NaN ,60,    NaN ,    NaN ,    NaN ,    NaN ,    NaN ,60,    NaN ,    NaN ,    NaN ,    NaN ,    NaN ,60,    NaN ,    NaN ,    NaN ,    NaN ,    NaN ,60,    NaN ,    NaN ,    NaN ,    NaN ,    NaN ,60,    NaN ,    NaN ,    NaN ,    NaN ,    NaN ,60,    NaN ,96.4367,96.383,96.478,0.0302,60,0.0039,96.8013,96.7476,96.8426,0.0302,60,0.0039,    NaN ,    NaN ,    NaN ,    NaN ,60,    NaN ,    NaN ,    NaN ,    NaN ,    NaN ,60,    NaN ,9.6337,9.6121,9.6801,0.0182,60,0.0023
2016-02-01T18:30:00.000 ,23,    NaN ,    NaN ,    NaN ,    NaN ,60,    NaN ,    NaN ,    NaN ,    NaN ,    NaN ,60,    NaN ,    NaN ,    NaN ,    NaN ,    NaN ,60,    NaN ,    NaN ,    NaN ,    NaN ,    NaN ,60,    NaN ,    NaN ,    NaN ,    NaN ,    NaN ,60,    NaN ,    NaN ,    NaN ,    NaN ,    NaN ,60,    NaN ,96.4595,96.416,96.482,0.0194,60,0.0025,96.8241,96.7806,96.8466,0.0194,60,0.0025,    NaN ,    NaN ,    NaN ,    NaN ,60,    NaN ,    NaN ,    NaN ,    NaN ,    NaN ,60,    NaN ,9.6463,9.6249,9.6842,0.0135,60,0.0017
2016-02-01T19:30:00.000 ,23,    NaN ,    NaN ,    NaN ,    NaN ,60,    NaN ,    NaN ,    NaN ,    NaN ,    NaN ,60,    NaN ,    NaN ,    NaN ,    NaN ,    NaN ,60,    NaN ,    NaN ,    NaN ,    NaN ,    NaN ,60,    NaN ,    NaN ,    NaN ,    NaN ,    NaN ,60,    NaN ,    NaN ,    NaN ,    NaN ,    NaN ,60,    NaN ,96.3184,96.199,96.416,0.0641,60,0.0083,96.683,96.5636,96.7806,0.0641,60,0.0083,    NaN ,    NaN ,    NaN ,    NaN ,60,    NaN ,    NaN ,    NaN ,    NaN ,    NaN ,60,    NaN ,9.6788,9.6372,9.7005,0.021,60,0.0027
2016-02-01T20:30:00.000 ,23,    NaN ,    NaN ,    NaN ,    NaN ,60,    NaN ,    NaN ,    NaN ,    NaN ,    NaN ,60,    NaN ,    NaN ,    NaN ,    NaN ,    NaN ,60,    NaN ,    NaN ,    NaN ,    NaN ,    NaN ,60,    NaN ,    NaN ,    NaN ,    NaN ,    NaN ,60,    NaN ,    NaN ,    NaN ,    NaN ,    NaN ,60,    NaN ,96.044,95.891,96.196,0.0884,60,0.0114,96.4086,96.2556,96.5606,0.0884,60,0.0114,    NaN ,    NaN ,    NaN ,    NaN ,60,    NaN ,    NaN ,    NaN ,    NaN ,    NaN ,60,    NaN ,9.6885,9.6653,9.7092,0.0125,60,0.0016
2016-02-01T21:30:00.000 ,23,    NaN ,    NaN ,    NaN ,    NaN ,60,    NaN ,    NaN ,    NaN ,    NaN ,    NaN ,60,    NaN ,    NaN ,    NaN ,    NaN ,    NaN ,60,    NaN ,    NaN ,    NaN ,    NaN ,    NaN ,60,    NaN ,    NaN ,    NaN ,    NaN ,    NaN ,60,    NaN ,    NaN ,    NaN ,    NaN ,    NaN ,60,    NaN ,95.7037,95.525,95.882,0.1072,60,0.0138,96.0683,95.8896,96.2466,0.1072,60,0.0138,    NaN ,    NaN ,    NaN ,    NaN ,60,    NaN ,    NaN ,    NaN ,    NaN ,    NaN ,60,    NaN ,9.6691,9.6391,9.6945,0.0128,60,0.0017
2016-02-01T22:30:00.000 ,23,    NaN ,    NaN ,    NaN ,    NaN ,60,    NaN ,    NaN ,    NaN ,    NaN ,    NaN ,60,    NaN ,    NaN ,    NaN ,    NaN ,    NaN ,60,    NaN ,    NaN ,    NaN ,    NaN ,    NaN ,60,    NaN ,    NaN ,    NaN ,    NaN ,    NaN ,60,    NaN ,    NaN ,    NaN ,    NaN ,    NaN ,60,    NaN ,95.3298,95.142,95.517,0.1116,60,0.0144,95.6945,95.5066,95.8816,0.1116,60,0.0144,    NaN ,    NaN ,    NaN ,    NaN ,60,    NaN ,    NaN ,    NaN ,    NaN ,    NaN ,60,    NaN ,9.6571,9.6057,9.6857,0.0228,60,0.0029
2016-02-01T23:30:00.000 ,23,    NaN ,    NaN ,    NaN ,    NaN ,60,    NaN ,    NaN ,    NaN ,    NaN ,    NaN ,60,    NaN ,    NaN ,    NaN ,    NaN ,    NaN ,60,    NaN ,    NaN ,    NaN ,    NaN ,    NaN ,60,    NaN ,    NaN ,    NaN ,    NaN ,    NaN ,60,    NaN ,    NaN ,    NaN ,    NaN ,    NaN ,60,    NaN ,94.9697,94.816,95.14,0.0942,60,0.0122,95.3343,95.1806,95.5046,0.0942,60,0.0122,    NaN ,    NaN ,    NaN ,    NaN ,60,    NaN ,    NaN ,    NaN ,    NaN ,    NaN ,60,    NaN ,9.6725,9.6502,9.6972,0.0161,60,0.0021
2016-02-02T00:30:00.000 ,23,    NaN ,    NaN ,    NaN ,    NaN ,60,    NaN ,    NaN ,    NaN ,    NaN ,    NaN ,60,    NaN ,    NaN ,    NaN ,    NaN ,    NaN ,60,    NaN ,    NaN ,    NaN ,    NaN ,    NaN ,60,    NaN ,    NaN ,    NaN ,    NaN ,    NaN ,60,    NaN ,    NaN ,    NaN ,    NaN ,    NaN ,60,    NaN ,94.6933,94.596,94.815,0.0644,60,0.0083,95.0579,94.9606,95.1796,0.0644,60,0.0083,    NaN ,    NaN ,    NaN ,    NaN ,60,    NaN ,    NaN ,    NaN ,    NaN ,    NaN ,60,    NaN ,9.7117,9.6963,9.724,0.0086,60,0.0011
2016-02-02T01:30:00.000 ,23,    NaN ,    NaN ,    NaN ,    NaN ,60,    NaN ,    NaN ,    NaN ,    NaN ,    NaN ,60,    NaN ,    NaN ,    NaN ,    NaN ,    NaN ,60,    NaN ,    NaN ,    NaN ,    NaN ,    NaN ,60,    NaN ,    NaN ,    NaN ,    NaN ,    NaN ,60,    NaN ,    NaN ,    NaN ,    NaN ,    NaN ,60,    NaN ,94.5378,94.506,94.592,0.0282,60,0.0036,94.9024,94.8706,94.9566,0.0282,60,0.0036,    NaN ,    NaN ,    NaN ,    NaN ,60,    NaN ,    NaN ,    NaN ,    NaN ,    NaN ,60,    NaN ,9.6939,9.6649,9.7199,0.0174,60,0.0022
2016-02-02T02:30:00.000 ,23,    NaN ,    NaN ,    NaN ,    NaN ,60,    NaN ,    NaN ,    NaN ,    NaN ,    NaN ,60,    NaN ,    NaN ,    NaN ,    NaN ,    NaN ,60,    NaN ,    NaN ,    NaN ,    NaN ,    NaN ,60,    NaN ,    NaN ,    NaN ,    NaN ,    NaN ,60,    NaN ,    NaN ,    NaN ,    NaN ,    NaN ,60,    NaN ,94.5506,94.509,94.608,0.0289,60,0.0037,94.9152,94.8736,94.9726,0.0289,60,0.0037,    NaN ,    NaN ,    NaN ,    NaN ,60,    NaN ,    NaN ,    NaN ,    NaN ,    NaN ,60,    NaN ,9.6836,9.6673,9.7014,0.0087,60,0.0011
2016-02-02T03:30:00.000 ,23,    NaN ,    NaN ,    NaN ,    NaN ,60,    NaN ,    NaN ,    NaN ,    NaN ,    NaN ,60,    NaN ,    NaN ,    NaN ,    NaN ,    NaN ,60,    NaN ,    NaN ,    NaN ,    NaN ,    NaN ,60,    NaN ,    NaN ,    NaN ,    NaN ,    NaN ,60,    NaN ,    NaN ,    NaN ,    NaN ,    NaN ,60,    NaN ,94.7111,94.611,94.829,0.0658,60,0.0085,95.0757,94.9756,95.1936,0.0658,60,0.0085,    NaN ,    NaN ,    NaN ,    NaN ,60,    NaN ,    NaN ,    NaN ,    NaN ,    NaN ,60,    NaN ,9.6886,9.6747,9.7008,0.0073,60,0.0009
2016-02-02T04:30:00.000 ,23,30.8687,30.854,30.8958,0.0189,60,0.0024,1024.1016,1024.092,1024.1196,0.0123,60,0.0016,0.9198,0.7468,1.0124,0.1009,60,0.013,40.1124,32.5679,44.1529,4.3989,60,0.5679,9.6375,9.6242,9.6601,0.0146,60,0.0019,30.7202,30.7056,30.7472,0.0188,60,0.0024,94.94,94.829,95.04,0.0619,60,0.008,95.3046,95.1936,95.4046,0.0619,60,0.008,23.6686,23.6589,23.6867,0.0124,60,0.0016,23.6702,23.6605,23.6883,0.0124,60,0.0016,9.689,9.6343,9.7007,0.017,60,0.0022
2016-02-02T05:30:00.000 ,23,30.8621,30.8314,30.8924,0.0189,60,0.0024,1024.0971,1024.0774,1024.1166,0.0123,60,0.0016,0.9726,0.8274,1.1112,0.0834,60,0.0108,42.4155,36.0816,48.462,3.639,60,0.4698,9.638,9.615,9.6634,0.0146,60,0.0019,30.7136,30.6831,30.7438,0.0188,60,0.0024,95.1789,95.044,95.311,0.0803,60,0.0104,95.5436,95.4086,95.6756,0.0803,60,0.0104,23.6634,23.6432,23.6829,0.0125,60,0.0016,23.665,23.6448,23.6845,0.0125,60,0.0016,9.6481,9.6251,9.6736,0.0146,60,0.0019
2016-02-02T06:30:00.000 ,23,30.8204,30.7962,30.8585,0.0129,60,0.0017,1024.072,1024.0574,1024.0955,0.0078,60,0.001,1.1561,0.9992,1.2566,0.0588,60,0.0076,50.4181,43.5742,54.8037,2.5663,60,0.3313,9.6002,9.5748,9.6347,0.0128,60,0.0016,30.6721,30.6481,30.7101,0.0129,60,0.0017,95.435,95.317,95.563,0.0737,60,0.0095,95.7996,95.6816,95.9276,0.0737,60,0.0095,23.637,23.6222,23.6611,0.0081,60,0.001,23.6386,23.6238,23.6627,0.0081,60,0.001,9.6103,9.5849,9.6449,0.0128,60,0.0017
2016-02-02T07:30:00.000 ,23,30.8532,30.8163,30.8856,0.0244,60,0.0032,1024.0942,1024.0708,1024.1149,0.0153,60,0.002,1.0327,0.8995,1.1905,0.1026,60,0.0132,45.0349,39.2243,51.9211,4.4758,60,0.5778,9.6265,9.5912,9.6568,0.024,60,0.0031,30.7048,30.6681,30.737,0.0243,60,0.0031,95.6598,95.567,95.735,0.0486,60,0.0063,96.0245,95.9316,96.0996,0.0486,60,0.0063,23.6583,23.6352,23.6788,0.0152,60,0.002,23.6599,23.6368,23.6804,0.0152,60,0.002,9.6367,9.6013,9.667,0.0241,60,0.0031
2016-02-02T08:30:00.000 ,23,30.9097,30.875,30.9349,0.0233,60,0.003,1024.1311,1024.1077,1024.1481,0.0157,60,0.002,0.8061,0.6995,0.943,0.0953,60,0.0123,35.1527,30.5015,41.1238,4.1548,60,0.5364,9.6748,9.6505,9.6931,0.0164,60,0.0021,30.761,30.7265,30.7861,0.0232,60,0.003,95.82,95.736,95.886,0.0466,60,0.006,96.1846,96.1006,96.2506,0.0466,60,0.006,23.6945,23.6714,23.7114,0.0155,60,0.002,23.6961,23.6731,23.713,0.0155,60,0.002,9.685,9.6607,9.7034,0.0164,60,0.0021
2016-02-02T09:30:00.000 ,23,30.9453,30.934,30.9602,0.0085,60,0.0011,1024.1554,1024.1476,1024.1657,0.0058,60,0.0008,0.6658,0.6114,0.7078,0.0308,60,0.004,29.0334,26.6594,30.8646,1.345,60,0.1736,9.6975,9.6889,9.7057,0.0051,60,0.0007,30.7965,30.7852,30.8113,0.0085,60,0.0011,95.9079,95.887,95.93,0.0118,60,0.0015,96.2725,96.2516,96.2946,0.0118,60,0.0015,23.7186,23.7108,23.7288,0.0058,60,0.0007,23.7202,23.7125,23.7305,0.0058,60,0.0007,9.7078,9.6992,9.716,0.0051,60,0.0007
2016-02-02T10:30:00.000 ,23,30.9678,30.952,30.9934,0.0113,60,0.0015,1024.1715,1024.1605,1024.1902,0.0082,60,0.0011,0.5838,0.502,0.635,0.0391,60,0.005,25.4587,21.8909,27.6925,1.7048,60,0.2201,9.7065,9.6988,9.7136,0.004,60,0.0005,30.8189,30.8031,30.8443,0.0113,60,0.0015,95.9233,95.894,95.941,0.0133,60,0.0017,96.2879,96.2586,96.3056,0.0133,60,0.0017,23.7346,23.7235,23.7533,0.0082,60,0.0011,23.7362,23.7252,23.755,0.0082,60,0.0011,9.7168,9.7091,9.7239,0.004,60,0.0005
2016-02-02T11:30:00.000 ,23,30.9828,30.9688,30.9981,0.0077,60,0.001,1024.1817,1024.1717,1024.1936,0.0058,60,0.0008,0.5262,0.4776,0.5836,0.0269,60,0.0035,22.9468,20.8283,25.4469,1.171,60,0.1512,9.7141,9.7077,9.7188,0.0021,60,0.0003,30.8338,30.8198,30.849,0.0077,60,0.001,95.8714,95.853,95.898,0.0115,60,0.0015,96.2361,96.2176,96.2626,0.0115,60,0.0015,23.7451,23.7349,23.757,0.0059,60,0.0008,23.7467,23.7366,23.7586,0.0059,60,0.0008,9.7244,9.718,9.7291,0.0021,60,0.0003
2016-02-02T12:30:00.000 ,23,30.987,30.9772,31.0054,0.0072,60,0.0009,1024.1856,1024.1785,1024.1993,0.0053,60,0.0007,0.5111,0.4553,0.5461,0.0246,60,0.0032,22.2851,19.8533,23.8141,1.075,60,0.1388,9.7093,9.706,9.7168,0.0021,60,0.0003,30.838,30.8282,30.8563,0.0071,60,0.0009,95.8396,95.828,95.854,0.0074,60,0.001,96.2042,96.1926,96.2186,0.0074,60,0.001,23.7491,23.742,23.7628,0.0053,60,0.0007,23.7507,23.7436,23.7645,0.0053,60,0.0007,9.7195,9.7163,9.7271,0.0021,60,0.0003
2016-02-02T13:30:00.000 ,23,30.9707,30.9047,31.0158,0.0336,60,0.0043,1024.1743,1024.1286,1024.2067,0.0235,60,0.003,0.5706,0.4212,0.8047,0.1154,60,0.0149,24.8841,18.3654,35.0896,5.0335,60,0.6498,9.7014,9.6669,9.7225,0.0161,60,0.0021,30.8217,30.756,30.8666,0.0334,60,0.0043,95.8642,95.833,95.898,0.0195,60,0.0025,96.2288,96.1976,96.2626,0.0195,60,0.0025,23.7376,23.6918,23.7702,0.0236,60,0.003,23.7393,23.6934,23.7719,0.0236,60,0.003,9.7117,9.6771,9.7328,0.0161,60,0.0021
2016-02-02T14:30:00.000 ,23,31.014,30.9862,31.0398,0.0184,60,0.0024,1024.2055,1024.1844,1024.2247,0.0139,60,0.0018,0.4199,0.3455,0.5066,0.0549,60,0.0071,18.3077,15.0652,22.0922,2.3925,60,0.3089,9.7183,9.7102,9.724,0.0035,60,0.0005,30.8649,30.8371,30.8905,0.0183,60,0.0024,95.9299,95.895,95.981,0.0243,60,0.0031,96.2946,96.2596,96.3456,0.0243,60,0.0031,23.7686,23.7477,23.7877,0.0138,60,0.0018,23.7703,23.7493,23.7894,0.0138,60,0.0018,9.7286,9.7205,9.7343,0.0035,60,0.0005
2016-02-02T15:30:00.000 ,23,31.0077,30.9891,31.0648,0.0151,60,0.0019,1024.2013,1024.187,1024.2448,0.0115,60,0.0015,0.4275,0.3224,0.4806,0.0394,60,0.0051,18.6424,14.0603,20.9567,1.7161,60,0.2215,9.7171,9.7108,9.7241,0.0025,60,0.0003,30.8586,30.84,30.9154,0.015,60,0.0019,96.0499,95.981,96.117,0.0405,60,0.0052,96.4145,96.3456,96.4816,0.0405,60,0.0052,23.7639,23.7496,23.8071,0.0115,60,0.0015,23.7655,23.7513,23.8088,0.0115,60,0.0015,9.7274,9.7211,9.7344,0.0025,60,0.0003
2016-02-02T16:30:00.000 ,23,31.0421,31.0188,31.1025,0.0157,60,0.002,1024.2278,1024.21,1024.2742,0.012,60,0.0015,0.3253,0.2483,0.3878,0.0344,60,0.0044,14.1866,10.8277,16.9113,1.5017,60,0.1939,9.7221,9.7192,9.7258,0.0015,60,0.0002,30.8927,30.8696,30.9529,0.0156,60,0.002,96.1851,96.115,96.252,0.0399,60,0.0051,96.5498,96.4796,96.6166,0.0399,60,0.0051,23.7898,23.7718,23.8364,0.0121,60,0.0016,23.7914,23.7735,23.8381,0.0121,60,0.0016,9.7324,9.7295,9.7361,0.0015,60,0.0002
2016-02-02T17:30:00.000 ,23,31.0504,31.0146,31.098,0.0257,60,0.0033,1024.2347,1024.2066,1024.2718,0.0199,60,0.0026,0.3058,0.2108,0.3966,0.0578,60,0.0075,13.3326,9.1932,17.2938,2.5212,60,0.3255,9.7226,9.7206,9.724,0.0009,60,0.0001,30.901,30.8654,30.9484,0.0255,60,0.0033,96.3064,96.252,96.346,0.0279,60,0.0036,96.671,96.6166,96.7106,0.0279,60,0.0036,23.7962,23.7682,23.8331,0.0198,60,0.0026,23.7978,23.7699,23.8347,0.0198,60,0.0026,9.733,9.7309,9.7343,0.0009,60,0.0001
2016-02-02T18:30:00.000 ,23,31.034,31.0095,31.0834,0.0209,60,0.0027,1024.2225,1024.2039,1024.2604,0.016,60,0.0021,0.3543,0.2383,0.4098,0.0536,60,0.0069,15.4511,10.3907,17.8674,2.3359,60,0.3016,9.7212,9.7186,9.7289,0.0021,60,0.0003,30.8847,30.8603,30.9339,0.0208,60,0.0027,96.3734,96.345,96.395,0.0152,60,0.002,96.7381,96.7096,96.7596,0.0152,60,0.002,23.7836,23.765,23.8217,0.0161,60,0.0021,23.7853,23.7666,23.8234,0.0161,60,0.0021,9.7316,9.7289,9.7393,0.0021,60,0.0003
2016-02-02T19:30:00.000 ,23,31.0168,30.9856,31.0361,0.0139,60,0.0018,1024.2092,1024.1865,1024.223,0.0101,60,0.0013,0.407,0.3577,0.4965,0.0392,60,0.0051,17.7494,15.5974,21.65,1.7098,60,0.2207,9.7204,9.708,9.7285,0.0054,60,0.0007,30.8676,30.8365,30.8868,0.0138,60,0.0018,96.3434,96.266,96.393,0.0393,60,0.0051,96.708,96.6306,96.7576,0.0393,60,0.0051,23.7704,23.7481,23.7841,0.01,60,0.0013,23.7721,23.7497,23.7858,0.01,60,0.0013,9.7307,9.7183,9.7389,0.0054,60,0.0007
2016-02-02T20:30:00.000 ,23,30.9774,30.9592,30.9911,0.0097,60,0.0012,1024.1801,1024.1665,1024.1904,0.0072,60,0.0009,0.5316,0.4943,0.5835,0.0287,60,0.0037,23.1822,21.5524,25.4451,1.2529,60,0.1617,9.7059,9.6974,9.7114,0.0039,60,0.0005,30.8284,30.8103,30.842,0.0096,60,0.0012,96.1515,96.021,96.269,0.072,60,0.0093,96.5161,96.3856,96.6336,0.072,60,0.0093,23.7422,23.7291,23.752,0.0069,60,0.0009,23.7438,23.7308,23.7536,0.0069,60,0.0009,9.7162,9.7077,9.7217,0.0039,60,0.0005
2016-02-02T21:30:00.000 ,23,30.953,30.9244,30.9847,0.0156,60,0.002,1024.1616,1024.1406,1024.1839,0.0113,60,0.0015,0.6109,0.5109,0.7373,0.0583,60,0.0075,26.6386,22.2785,32.1531,2.5408,60,0.328,9.6948,9.6837,9.7066,0.0061,60,0.0008,30.8041,30.7756,30.8357,0.0155,60,0.002,95.8536,95.679,96.02,0.1011,60,0.0131,96.2182,96.0436,96.3846,0.1011,60,0.0131,23.725,23.7045,23.7477,0.0112,60,0.0014,23.7266,23.7061,23.7494,0.0112,60,0.0014,9.705,9.6939,9.7169,0.0062,60,0.0008
2016-02-02T22:30:00.000 ,23,30.9452,30.923,30.9855,0.0217,60,0.0028,1024.1543,1024.1391,1024.1822,0.015,60,0.0019,0.6573,0.5076,0.7424,0.08,60,0.0103,28.6616,22.135,32.3743,3.4901,60,0.4506,9.6927,9.6832,9.7114,0.0091,60,0.0012,30.7964,30.7743,30.8365,0.0215,60,0.0028,95.4973,95.31,95.675,0.1061,60,0.0137,95.862,95.6746,96.0396,0.1061,60,0.0137,23.7193,23.7034,23.7481,0.0154,60,0.002,23.7209,23.705,23.7497,0.0154,60,0.002,9.703,9.6934,9.7216,0.0091,60,0.0012
2016-02-02T23:30:00.000 ,23,30.9953,30.9655,31.0203,0.0167,60,0.0022,1024.1888,1024.1677,1024.2072,0.0119,60,0.0015,0.4686,0.3791,0.5707,0.0625,60,0.0081,20.4355,16.533,24.8851,2.7258,60,0.3519,9.7092,9.7013,9.715,0.0038,60,0.0005,30.8462,30.8166,30.8711,0.0167,60,0.0022,95.1134,94.93,95.31,0.1131,60,0.0146,95.478,95.2946,95.6746,0.1131,60,0.0146,23.7556,23.7337,23.774,0.0124,60,0.0016,23.7572,23.7353,23.7757,0.0124,60,0.0016,9.7194,9.7115,9.7252,0.0038,60,0.0005
2016-02-03T00:30:00.000 ,23,30.9834,30.9464,31.0081,0.0172,60,0.0022,1024.1778,1024.1513,1024.1972,0.0128,60,0.0017,0.5239,0.4102,0.6337,0.0702,60,0.0091,22.8472,17.8891,27.6325,3.0605,60,0.3951,9.7095,9.6958,9.7143,0.0037,60,0.0005,30.8344,30.7976,30.859,0.0171,60,0.0022,94.7512,94.602,94.918,0.0941,60,0.0122,95.1158,94.9666,95.2826,0.0941,60,0.0122,23.7463,23.7198,23.7649,0.0128,60,0.0017,23.7479,23.7214,23.7666,0.0128,60,0.0017,9.7197,9.7059,9.7245,0.0037,60,0.0005
2016-02-03T01:30:00.000 ,23,30.9707,30.9151,30.994,0.0187,60,0.0024,1024.1674,1024.1278,1024.1849,0.0136,60,0.0018,0.5654,0.4808,0.7158,0.065,60,0.0084,24.6559,20.9639,31.2134,2.8339,60,0.3659,9.7054,9.6836,9.7135,0.007,60,0.0009,30.8218,30.7664,30.8449,0.0186,60,0.0024,94.4851,94.4,94.598,0.0598,60,0.0077,94.8497,94.7646,94.9626,0.0598,60,0.0077,23.7371,23.6973,23.7541,0.0135,60,0.0017,23.7387,23.699,23.7557,0.0135,60,0.0017,9.7156,9.6937,9.7236,0.007,60,0.0009
2016-02-03T02:30:00.000 ,23,30.9647,30.9594,30.9727,0.0031,60,0.0004,1024.1623,1024.1583,1024.1684,0.0023,60,0.0003,0.6039,0.5752,0.6258,0.0124,60,0.0016,26.3336,25.0828,27.2915,0.5396,60,0.0697,9.705,9.7025,9.7105,0.0012,60,0.0002,30.8158,30.8105,30.8237,0.0031,60,0.0004,94.3672,94.347,94.401,0.0162,60,0.0021,94.7319,94.7116,94.7656,0.0162,60,0.0021,23.7325,23.7284,23.7385,0.0024,60,0.0003,23.7341,23.73,23.7401,0.0024,60,0.0003,9.7151,9.7126,9.7206,0.0012,60,0.0002
2016-02-03T03:30:00.000 ,23,30.976,30.9635,30.9857,0.007,60,0.0009,1024.1703,1024.1615,1024.1776,0.0051,60,0.0007,0.5671,0.5267,0.6122,0.0267,60,0.0034,24.7284,22.968,26.6969,1.1636,60,0.1502,9.7106,9.7036,9.7177,0.0032,60,0.0004,30.827,30.8146,30.8367,0.0069,60,0.0009,94.4061,94.353,94.483,0.0405,60,0.0052,94.7708,94.7176,94.8476,0.0405,60,0.0052,23.7403,23.7318,23.7475,0.005,60,0.0006,23.7419,23.7334,23.7491,0.005,60,0.0006,9.7207,9.7137,9.7278,0.0032,60,0.0004
2016-02-03T04:30:00.000 ,23,30.9801,30.9768,30.9869,0.0024,60,0.0003,1024.1744,1024.1724,1024.1789,0.0015,60,0.0002,0.5381,0.516,0.5559,0.0107,60,0.0014,23.4667,22.5012,24.2428,0.4659,60,0.0602,9.7108,9.7082,9.7154,0.0012,60,0.0001,30.8311,30.8278,30.8379,0.0024,60,0.0003,94.6091,94.491,94.738,0.0735,60,0.0095,94.9737,94.8556,95.1026,0.0735,60,0.0095,23.7435,23.741,23.7485,0.0018,60,0.0002,23.7452,23.7426,23.7501,0.0018,60,0.0002,9.7209,9.7183,9.7255,0.0012,60,0.0001
2016-02-03T05:30:00.000 ,23,30.9638,30.9529,30.9762,0.0059,60,0.0008,1024.1637,1024.156,1024.1718,0.004,60,0.0005,0.6114,0.5628,0.6525,0.0235,60,0.003,26.6628,24.5398,28.452,1.0264,60,0.1325,9.7068,9.7016,9.712,0.0026,60,0.0003,30.8149,30.804,30.8272,0.0059,60,0.0008,94.8853,94.746,95.028,0.0839,60,0.0108,95.2499,95.1106,95.3926,0.0839,60,0.0108,23.7315,23.7238,23.7403,0.0042,60,0.0005,23.7331,23.7254,23.7419,0.0042,60,0.0005,9.717,9.7118,9.7222,0.0026,60,0.0003
2016-02-03T06:30:00.000 ,23,30.9517,30.9323,30.9625,0.0074,60,0.001,1024.1573,1024.1445,1024.1648,0.0049,60,0.0006,0.6147,0.5657,0.6848,0.0305,60,0.0039,26.8075,24.6673,29.8645,1.3286,60,0.1715,9.6967,9.6865,9.703,0.0038,60,0.0005,30.8028,30.7835,30.8136,0.0073,60,0.0009,95.2013,95.037,95.362,0.0978,60,0.0126,95.5659,95.4016,95.7266,0.0978,60,0.0126,23.7237,23.7102,23.7313,0.0052,60,0.0007,23.7253,23.7118,23.7329,0.0052,60,0.0007,9.7069,9.6967,9.7132,0.0038,60,0.0005
2016-02-03T07:30:00.000 ,23,30.924,30.9061,30.9478,0.0083,60,0.0011,1024.1392,1024.1274,1024.1557,0.0058,60,0.0008,0.7326,0.6318,0.8073,0.0473,60,0.0061,31.9488,27.5528,35.205,2.0609,60,0.2661,9.6846,9.6753,9.693,0.0032,60,0.0004,30.7753,30.7574,30.7989,0.0083,60,0.0011,95.5186,95.367,95.665,0.0911,60,0.0118,95.8832,95.7316,96.0296,0.0911,60,0.0118,23.7041,23.6916,23.7212,0.006,60,0.0008,23.7057,23.6932,23.7228,0.006,60,0.0008,9.6948,9.6855,9.7032,0.0032,60,0.0004
2016-02-03T08:30:00.000 ,23,30.9251,30.8994,30.9427,0.0136,60,0.0018,1024.1412,1024.1233,1024.1533,0.0095,60,0.0012,0.735,0.6668,0.8451,0.0514,60,0.0066,32.0523,29.0776,36.8516,2.2425,60,0.2895,9.6853,9.6703,9.6956,0.0076,60,0.001,30.7763,30.7508,30.7939,0.0135,60,0.0017,95.7888,95.668,95.906,0.0707,60,0.0091,96.1534,96.0326,96.2706,0.0707,60,0.0091,23.7048,23.6873,23.7169,0.0094,60,0.0012,23.7064,23.6889,23.7185,0.0094,60,0.0012,9.6955,9.6805,9.7059,0.0076,60,0.001
2016-02-03T09:30:00.000 ,23,30.8933,30.8651,30.9283,0.0189,60,0.0024,1024.1219,1024.1044,1024.1442,0.0117,60,0.0015,0.867,0.7247,0.9666,0.0765,60,0.0099,37.8095,31.6007,42.1548,3.3362,60,0.4307,9.6579,9.631,9.6862,0.0179,60,0.0023,30.7447,30.7166,30.7795,0.0188,60,0.0024,96.0183,95.913,96.09,0.0544,60,0.007,96.3829,96.2776,96.4546,0.0544,60,0.007,23.6845,23.6666,23.7071,0.012,60,0.0015,23.6861,23.6682,23.7088,0.012,60,0.0015,9.6681,9.6412,9.6965,0.0179,60,0.0023
2016-02-03T10:30:00.000 ,23,30.9454,30.8742,30.999,0.0401,60,0.0052,1024.1591,1024.1114,1024.1961,0.0274,60,0.0035,0.6627,0.4724,0.9264,0.1481,60,0.0191,28.8994,20.5981,40.4007,6.4574,60,0.8336,9.6815,9.6353,9.7102,0.023,60,0.003,30.7966,30.7257,30.8499,0.0399,60,0.0052,96.1395,96.091,96.178,0.0246,60,0.0032,96.5041,96.4556,96.5426,0.0246,60,0.0032,23.7212,23.6732,23.7582,0.0275,60,0.0036,23.7228,23.6748,23.7599,0.0275,60,0.0036,9.6918,9.6455,9.7205,0.023,60,0.003
2016-02-03T11:30:00.000 ,23,30.9419,30.8852,30.9816,0.0274,60,0.0035,1024.156,1024.1184,1024.1831,0.0182,60,0.0024,0.6805,0.5254,0.8949,0.1051,60,0.0136,29.6768,22.9125,39.0239,4.5843,60,0.5918,9.6845,9.6451,9.707,0.0188,60,0.0024,30.793,30.7366,30.8326,0.0272,60,0.0035,96.1554,96.136,96.175,0.012,60,0.0015,96.52,96.5006,96.5396,0.012,60,0.0015,23.718,23.6802,23.7453,0.0183,60,0.0024,23.7196,23.6818,23.7469,0.0183,60,0.0024,9.6948,9.6554,9.7173,0.0188,60,0.0024
2016-02-03T12:30:00.000 ,23,30.9567,30.9477,30.9759,0.0062,60,0.0008,1024.1656,1024.1593,1024.1789,0.0044,60,0.0006,0.6102,0.5386,0.634,0.0201,60,0.0026,26.6095,23.4868,27.6464,0.8779,60,0.1133,9.6949,9.6902,9.7055,0.0032,60,0.0004,30.8077,30.7988,30.8269,0.0062,60,0.0008,96.1122,96.07,96.143,0.0214,60,0.0028,96.4768,96.4346,96.5076,0.0214,60,0.0028,23.7278,23.7215,23.741,0.0044,60,0.0006,23.7294,23.7232,23.7427,0.0044,60,0.0006,9.7052,9.7005,9.7158,0.0032,60,0.0004
2016-02-03T13:30:00.000 ,23,30.9441,30.9196,30.9636,0.0111,60,0.0014,1024.1562,1024.139,1024.1702,0.008,60,0.001,0.6394,0.5597,0.7435,0.0495,60,0.0064,27.8827,24.4055,32.4241,2.1588,60,0.2787,9.6909,9.6801,9.6978,0.0042,60,0.0005,30.7952,30.7709,30.8146,0.011,60,0.0014,96.058,96.05,96.071,0.0045,60,0.0006,96.4226,96.4146,96.4356,0.0045,60,0.0006,23.7186,23.7014,23.7327,0.008,60,0.001,23.7203,23.703,23.7343,0.008,60,0.001,9.7012,9.6904,9.7081,0.0042,60,0.0005
2016-02-03T14:30:00.000 ,23,31.0637,30.9613,31.1159,0.0536,60,0.0069,1024.246,1024.1684,1024.2868,0.0413,60,0.0053,0.3031,0.165,0.6163,0.1512,60,0.0195,13.2166,7.1921,26.8761,6.5918,60,0.851,9.7098,9.6984,9.714,0.0036,60,0.0005,30.9143,30.8124,30.9662,0.0533,60,0.0069,96.0574,96.043,96.07,0.0081,60,0.0011,96.422,96.4076,96.4346,0.0081,60,0.0011,23.8085,23.7309,23.8494,0.0414,60,0.0053,23.8102,23.7325,23.851,0.0414,60,0.0053,9.7201,9.7087,9.7243,0.0036,60,0.0005
2016-02-03T15:30:00.000 ,23,31.0842,31.0445,31.1134,0.0177,60,0.0023,1024.2616,1024.2309,1024.285,0.014,60,0.0018,0.24,0.1715,0.3315,0.0445,60,0.0057,10.465,7.4782,14.453,1.9395,60,0.2504,9.7122,9.7069,9.7168,0.0029,60,0.0004,30.9346,30.8952,30.9637,0.0176,60,0.0023,96.0955,96.059,96.12,0.0186,60,0.0024,96.4602,96.4236,96.4846,0.0186,60,0.0024,23.824,23.7934,23.8473,0.014,60,0.0018,23.8257,23.7951,23.849,0.014,60,0.0018,9.7226,9.7172,9.7271,0.0029,60,0.0004
2016-02-03T16:30:00.000 ,23,31.0683,31.0076,31.1109,0.0294,60,0.0038,1024.2499,1024.2027,1024.2837,0.023,60,0.003,0.2797,0.1757,0.4463,0.0766,60,0.0099,12.1974,7.6591,19.4616,3.3398,60,0.4312,9.7098,9.7048,9.7136,0.0025,60,0.0003,30.9188,30.8584,30.9612,0.0293,60,0.0038,96.1518,96.116,96.199,0.0264,60,0.0034,96.5165,96.4806,96.5636,0.0264,60,0.0034,23.8121,23.7649,23.846,0.023,60,0.003,23.8137,23.7665,23.8476,0.023,60,0.003,9.7202,9.7151,9.7239,0.0025,60,0.0003
2016-02-03T17:30:00.000 ,23,31.0876,31.0474,31.1065,0.0135,60,0.0017,1024.2647,1024.2343,1024.2802,0.0107,60,0.0014,0.2254,0.182,0.3288,0.0337,60,0.0043,9.8282,7.9343,14.3362,1.4687,60,0.1896,9.7138,9.709,9.7186,0.0027,60,0.0003,30.938,30.898,30.9569,0.0134,60,0.0017,96.2453,96.198,96.294,0.0304,60,0.0039,96.6099,96.5626,96.6586,0.0304,60,0.0039,23.8265,23.7958,23.8419,0.0107,60,0.0014,23.8281,23.7974,23.8436,0.0107,60,0.0014,9.7241,9.7193,9.7289,0.0027,60,0.0003
2016-02-03T18:30:00.000 ,23,31.0345,30.9482,31.0916,0.0532,60,0.0069,1024.2246,1024.1607,1024.268,0.0397,60,0.0051,0.368,0.2216,0.5972,0.1456,60,0.0188,16.0451,9.6608,26.042,6.3503,60,0.8198,9.7095,9.6908,9.7182,0.0092,60,0.0012,30.8852,30.7993,30.942,0.0529,60,0.0068,96.3279,96.294,96.371,0.0224,60,0.0029,96.6926,96.6586,96.7356,0.0224,60,0.0029,23.7859,23.7218,23.8295,0.0398,60,0.0051,23.7875,23.7235,23.8311,0.0399,60,0.0051,9.7198,9.7011,9.7285,0.0092,60,0.0012
2016-02-03T19:30:00.000 ,23,30.9292,30.8763,30.9854,0.0309,60,0.004,1024.1476,1024.112,1024.1876,0.0212,60,0.0027,0.7009,0.5461,0.9115,0.1142,60,0.0147,30.5664,23.8143,39.7484,4.9806,60,0.643,9.6812,9.6469,9.7039,0.0177,60,0.0023,30.7805,30.7278,30.8363,0.0307,60,0.004,96.3631,96.337,96.38,0.0136,60,0.0018,96.7278,96.7016,96.7446,0.0136,60,0.0018,23.7087,23.673,23.7486,0.0212,60,0.0027,23.7103,23.6746,23.7503,0.0212,60,0.0027,9.6915,9.6572,9.7142,0.0177,60,0.0023
2016-02-03T20:30:00.000 ,23,30.8699,30.8197,30.893,0.0173,60,0.0022,1024.1077,1024.0759,1024.1224,0.0109,60,0.0014,0.9313,0.8468,1.0761,0.0662,60,0.0085,40.6121,36.9291,46.9294,2.8858,60,0.3726,9.6408,9.5944,9.6618,0.0157,60,0.002,30.7214,30.6714,30.7444,0.0172,60,0.0022,96.2953,96.219,96.341,0.0374,60,0.0048,96.6599,96.5836,96.7056,0.0374,60,0.0048,23.669,23.6373,23.6837,0.0109,60,0.0014,23.6706,23.6389,23.6853,0.0109,60,0.0014,9.651,9.6046,9.6721,0.0158,60,0.002
2016-02-03T21:30:00.000 ,23,30.9026,30.8089,30.952,0.0375,60,0.0048,1024.1296,1024.0693,1024.1634,0.025,60,0.0032,0.8197,0.6439,1.1892,0.1472,60,0.019,35.7455,28.0778,51.8632,6.4185,60,0.8286,9.6574,9.5826,9.6858,0.0243,60,0.0031,30.754,30.6607,30.8031,0.0373,60,0.0048,96.0959,95.964,96.214,0.0733,60,0.0095,96.4606,96.3286,96.5786,0.0733,60,0.0095,23.6918,23.6308,23.7257,0.0253,60,0.0033,23.6934,23.6324,23.7273,0.0253,60,0.0033,9.6677,9.5928,9.6961,0.0243,60,0.0031
2016-02-03T22:30:00.000 ,23,30.9534,30.9213,30.9864,0.0194,60,0.0025,1024.1635,1024.1413,1024.1874,0.0135,60,0.0017,0.6346,0.5336,0.7498,0.0678,60,0.0088,27.6752,23.2677,32.6958,2.9563,60,0.3817,9.6825,9.6708,9.6929,0.0078,60,0.001,30.8045,30.7726,30.8373,0.0193,60,0.0025,95.7767,95.597,95.956,0.1059,60,0.0137,96.1413,95.9616,96.3206,0.1059,60,0.0137,23.7272,23.7042,23.7512,0.0139,60,0.0018,23.7288,23.7058,23.7529,0.0139,60,0.0018,9.6927,9.681,9.7032,0.0078,60,0.001
2016-02-03T23:30:00.000 ,23,30.9298,30.882,30.9651,0.0239,60,0.0031,1024.1459,1024.1122,1024.1714,0.0167,60,0.0022,0.7273,0.5922,0.9132,0.0911,60,0.0118,31.7142,25.8221,39.8236,3.9733,60,0.513,9.6668,9.6387,9.6897,0.0144,60,0.0019,30.781,30.7335,30.8162,0.0238,60,0.0031,95.383,95.176,95.593,0.1247,60,0.0161,95.7476,95.5406,95.9576,0.1247,60,0.0161,23.7114,23.6783,23.7363,0.0163,60,0.0021,23.713,23.6799,23.7379,0.0163,60,0.0021,9.677,9.6488,9.6999,0.0144,60,0.0019
2016-02-04T00:30:00.000 ,23,30.8652,30.8245,30.9556,0.0267,60,0.0034,1024.1008,1024.0755,1024.1618,0.0178,60,0.0023,0.9727,0.6687,1.1296,0.1071,60,0.0138,42.4172,29.159,49.2615,4.6693,60,0.6028,9.6246,9.584,9.6866,0.021,60,0.0027,30.7168,30.6762,30.8067,0.0266,60,0.0034,94.9777,94.792,95.169,0.112,60,0.0145,95.3423,95.1566,95.5336,0.112,60,0.0145,23.668,23.6427,23.7283,0.0175,60,0.0023,23.6696,23.6443,23.7299,0.0175,60,0.0023,9.6347,9.5941,9.6968,0.021,60,0.0027
2016-02-04T01:30:00.000 ,23,30.8449,30.8174,30.866,0.0128,60,0.0017,1024.0857,1024.0682,1024.0989,0.0079,60,0.001,1.0596,0.9773,1.1623,0.0533,60,0.0069,46.2076,42.619,50.6896,2.3247,60,0.3001,9.6101,9.5842,9.6294,0.0125,60,0.0016,30.6966,30.6692,30.7176,0.0128,60,0.0016,94.624,94.501,94.783,0.0841,60,0.0109,94.9886,94.8656,95.1476,0.0841,60,0.0109,23.6545,23.6372,23.6679,0.008,60,0.001,23.6561,23.6388,23.6694,0.008,60,0.001,9.6202,9.5942,9.6395,0.0125,60,0.0016
2016-02-04T02:30:00.000 ,23,30.8479,30.763,30.873,0.022,60,0.0028,1024.087,1024.0391,1024.103,0.0133,60,0.0017,1.0459,0.9376,1.2761,0.0834,60,0.0108,45.6101,40.8875,55.6538,3.6358,60,0.4694,9.6107,9.497,9.6353,0.0242,60,0.0031,30.6995,30.6151,30.7245,0.0219,60,0.0028,94.4163,94.356,94.5,0.046,60,0.0059,94.7809,94.7206,94.8646,0.046,60,0.0059,23.6567,23.6087,23.6725,0.0133,60,0.0017,23.6583,23.6103,23.6741,0.0133,60,0.0017,9.6208,9.5069,9.6454,0.0242,60,0.0031
2016-02-04T03:30:00.000 ,23,30.9551,30.8442,31.0302,0.0571,60,0.0074,1024.1582,1024.0842,1024.2117,0.0393,60,0.0051,0.6469,0.381,1.0861,0.2092,60,0.027,28.2106,16.6134,47.3634,9.1217,60,1.1776,9.6834,9.6089,9.7145,0.0325,60,0.0042,30.8063,30.6959,30.881,0.0568,60,0.0073,94.3432,94.334,94.351,0.0042,60,0.0005,94.7078,94.6986,94.7156,0.0042,60,0.0005,23.7285,23.6542,23.7821,0.0394,60,0.0051,23.7301,23.6558,23.7837,0.0394,60,0.0051,9.6935,9.6189,9.7246,0.0325,60,0.0042
2016-02-04T04:30:00.000 ,23,30.9966,30.9414,31.0229,0.0156,60,0.002,1024.1893,1024.1519,1024.2095,0.0108,60,0.0014,0.5031,0.432,0.6786,0.0521,60,0.0067,21.939,18.838,29.5938,2.2703,60,0.2931,9.6926,9.6597,9.7069,0.0102,60,0.0013,30.8476,30.7926,30.8737,0.0155,60,0.002,94.4197,94.353,94.525,0.0521,60,0.0067,94.7844,94.7176,94.8896,0.0521,60,0.0067,23.7593,23.7216,23.7798,0.0109,60,0.0014,23.7609,23.7232,23.7814,0.0109,60,0.0014,9.7027,9.6698,9.717,0.0102,60,0.0013
2016-02-04T05:30:00.000 ,23,30.9733,30.8827,31.0224,0.0359,60,0.0046,1024.1729,1024.111,1024.2083,0.0256,60,0.0033,0.563,0.4042,0.8852,0.1265,60,0.0163,24.5521,17.6254,38.6038,5.5162,60,0.7121,9.6889,9.6402,9.705,0.0137,60,0.0018,30.8243,30.7342,30.8732,0.0357,60,0.0046,94.6615,94.528,94.825,0.0879,60,0.0113,95.0261,94.8926,95.1896,0.0879,60,0.0113,23.7417,23.6791,23.7775,0.0259,60,0.0033,23.7433,23.6807,23.7791,0.0259,60,0.0033,9.6991,9.6503,9.7151,0.0137,60,0.0018
2016-02-04T06:30:00.000 ,23,30.8575,30.7582,30.9624,0.0554,60,0.0072,1024.0973,1024.0358,1024.1668,0.0353,60,0.0046,0.9523,0.5982,1.3654,0.205,60,0.0265,41.5288,26.0867,59.5484,8.9434,60,1.1546,9.6098,9.5122,9.681,0.0481,60,0.0062,30.7091,30.6103,30.8135,0.0551,60,0.0071,95.0188,94.822,95.225,0.1199,60,0.0155,95.3834,95.1866,95.5896,0.1199,60,0.0155,23.6643,23.6026,23.7345,0.0356,60,0.0046,23.6659,23.6041,23.7361,0.0356,60,0.0046,9.6199,9.5222,9.6912,0.0481,60,0.0062
2016-02-04T07:30:00.000 ,23,30.7992,30.6786,30.8795,0.0704,60,0.0091,1024.0632,1023.9913,1024.1117,0.0423,60,0.0055,1.2137,0.8884,1.7574,0.2959,60,0.0382,52.9318,38.7438,76.6485,12.9067,60,1.6662,9.551,9.4186,9.6346,0.0748,60,0.0097,30.651,30.531,30.731,0.07,60,0.009,95.4084,95.229,95.582,0.1024,60,0.0132,95.773,95.5936,95.9466,0.1024,60,0.0132,23.6282,23.5552,23.6775,0.043,60,0.0055,23.6298,23.5568,23.6791,0.043,60,0.0056,9.561,9.4286,9.6447,0.0748,60,0.0097
2016-02-04T08:30:00.000 ,23,30.8403,30.6546,31.0407,0.1173,60,0.0151,1024.0928,1023.9801,1024.2277,0.0745,60,0.0096,1.136,0.3485,1.9106,0.4717,60,0.0609,48.9719,15.1975,81.5789,20.2626,60,2.6159,9.5751,9.3744,9.7079,0.1091,60,0.0141,30.692,30.5071,30.8914,0.1167,60,0.0151,95.7539,95.589,95.892,0.0876,60,0.0113,96.1185,95.9536,96.2566,0.0876,60,0.0113,23.6563,23.5434,23.791,0.0744,60,0.0096,23.6579,23.545,23.7926,0.0744,60,0.0096,9.5817,9.3729,9.7182,0.1117,60,0.0144
2016-02-04T09:30:00.000 ,23,31.036,31,31.0809,0.0236,60,0.003,1024.2262,1024.2012,1024.259,0.0173,60,0.0022,0.3789,0.2583,0.4474,0.0604,60,0.0078,16.5198,11.262,19.508,2.6338,60,0.34,9.6988,9.6807,9.7116,0.0084,60,0.0011,30.8867,30.8509,30.9314,0.0235,60,0.003,96.033,95.89,96.157,0.0815,60,0.0105,96.3976,96.2546,96.5216,0.0815,60,0.0105,23.7888,23.7637,23.822,0.0176,60,0.0023,23.7904,23.7654,23.8236,0.0176,60,0.0023,9.7091,9.691,9.7219,0.0085,60,0.0011
2016-02-04T10:30:00.000 ,23,31.0302,30.9751,31.0709,0.0228,60,0.0029,1024.2191,1024.1818,1024.2482,0.016,60,0.0021,0.3764,0.2701,0.5232,0.0636,60,0.0082,16.4136,11.7752,22.814,2.7729,60,0.358,9.7209,9.6877,9.7369,0.0136,60,0.0017,30.8809,30.8261,30.9214,0.0226,60,0.0029,96.2583,96.161,96.337,0.0547,60,0.0071,96.6229,96.5256,96.7016,0.0547,60,0.0071,23.7808,23.7433,23.8098,0.0159,60,0.0021,23.7824,23.7449,23.8114,0.0159,60,0.0021,9.7313,9.698,9.7473,0.0136,60,0.0018
2016-02-04T11:30:00.000 ,23,31.0018,30.955,31.0455,0.0231,60,0.003,1024.1984,1024.1655,1024.2292,0.0163,60,0.0021,0.4635,0.3151,0.6016,0.0719,60,0.0093,20.2116,13.7377,26.2336,3.1374,60,0.405,9.7152,9.6932,9.7341,0.01,60,0.0013,30.8526,30.8061,30.8961,0.023,60,0.003,96.3615,96.341,96.374,0.0097,60,0.0013,96.7262,96.7056,96.7386,0.0097,60,0.0013,23.7595,23.7266,23.7905,0.0164,60,0.0021,23.7612,23.7282,23.7922,0.0164,60,0.0021,9.7256,9.7035,9.7445,0.01,60,0.0013
2016-02-04T12:30:00.000 ,23,30.9738,30.9141,31.0278,0.0256,60,0.0033,1024.1804,1024.1391,1024.2188,0.018,60,0.0023,0.5479,0.4132,0.7223,0.0827,60,0.0107,23.8931,18.0197,31.4962,3.6055,60,0.4655,9.6909,9.66,9.714,0.0139,60,0.0018,30.8248,30.7654,30.8785,0.0254,60,0.0033,96.3188,96.285,96.358,0.0208,60,0.0027,96.6835,96.6496,96.7226,0.0208,60,0.0027,23.7417,23.7003,23.78,0.018,60,0.0023,23.7433,23.7019,23.7816,0.018,60,0.0023,9.7012,9.6703,9.7243,0.0139,60,0.0018
2016-02-04T13:30:00.000 ,23,30.8989,30.8479,30.9813,0.0436,60,0.0056,1024.1299,1024.0963,1024.1864,0.0292,60,0.0038,0.8277,0.5296,1.0121,0.1587,60,0.0205,36.0956,23.0916,44.1389,6.9234,60,0.8938,9.6412,9.6027,9.6901,0.0301,60,0.0039,30.7503,30.6995,30.8323,0.0434,60,0.0056,96.2328,96.175,96.287,0.0347,60,0.0045,96.5974,96.5396,96.6516,0.0347,60,0.0045,23.6915,23.6579,23.7478,0.0291,60,0.0038,23.6931,23.6595,23.7495,0.0291,60,0.0038,9.6515,9.6129,9.7004,0.0301,60,0.0039
2016-02-04T14:30:00.000 ,23,30.9212,30.8627,30.9739,0.023,60,0.003,1024.1442,1024.1056,1024.181,0.0158,60,0.002,0.7343,0.561,0.9694,0.0847,60,0.0109,32.0203,24.464,42.2734,3.6948,60,0.477,9.6576,9.6156,9.6835,0.0134,60,0.0017,30.7725,30.7142,30.8249,0.0229,60,0.003,96.1434,96.111,96.173,0.0172,60,0.0022,96.508,96.4756,96.5376,0.0172,60,0.0022,23.7062,23.6674,23.743,0.0158,60,0.002,23.7078,23.669,23.7446,0.0158,60,0.002,9.6678,9.6258,9.6938,0.0134,60,0.0017
2016-02-04T15:30:00.000 ,23,30.9515,30.8942,31.0169,0.0319,60,0.0041,1024.1656,1024.1256,1024.2119,0.0224,60,0.0029,0.6381,0.4435,0.8087,0.0992,60,0.0128,27.8274,19.3389,35.2644,4.3272,60,0.5586,9.6685,9.6379,9.6964,0.0142,60,0.0018,30.8026,30.7456,30.8677,0.0317,60,0.0041,96.0792,96.066,96.109,0.0118,60,0.0015,96.4438,96.4306,96.4736,0.0118,60,0.0015,23.728,23.6877,23.7743,0.0225,60,0.0029,23.7296,23.6894,23.776,0.0225,60,0.0029,9.6788,9.6481,9.7067,0.0142,60,0.0018
2016-02-04T16:30:00.000 ,23,30.9664,30.9128,31.0273,0.0342,60,0.0044,1024.1765,1024.1383,1024.2196,0.024,60,0.0031,0.6011,0.3948,0.7825,0.1164,60,0.015,26.211,17.2163,34.1247,5.0766,60,0.6554,9.673,9.6506,9.7011,0.0169,60,0.0022,30.8175,30.7641,30.878,0.034,60,0.0044,96.081,96.07,96.101,0.0081,60,0.001,96.4456,96.4346,96.4656,0.0081,60,0.001,23.7389,23.7006,23.782,0.024,60,0.0031,23.7405,23.7022,23.7837,0.024,60,0.0031,9.6832,9.6609,9.7114,0.0169,60,0.0022
2016-02-04T17:30:00.000 ,23,30.9208,30.8825,30.9908,0.0242,60,0.0031,1024.1463,1024.1202,1024.196,0.0169,60,0.0022,0.7287,0.5303,0.8566,0.0778,60,0.01,31.7789,23.1223,37.3547,3.392,60,0.4379,9.6427,9.6209,9.6705,0.0114,60,0.0015,30.7721,30.7339,30.8417,0.0241,60,0.0031,96.1349,96.099,96.185,0.0247,60,0.0032,96.4995,96.4636,96.5496,0.0247,60,0.0032,23.7082,23.6819,23.7582,0.017,60,0.0022,23.7099,23.6835,23.7598,0.017,60,0.0022,9.6529,9.6311,9.6808,0.0114,60,0.0015
2016-02-04T18:30:00.000 ,23,30.9434,30.8766,31.0072,0.0345,60,0.0045,1024.1625,1024.1165,1024.2074,0.024,60,0.0031,0.6734,0.4654,0.894,0.1141,60,0.0147,29.3648,20.2929,38.9879,4.9769,60,0.6425,9.6537,9.6161,9.6821,0.0177,60,0.0023,30.7946,30.7281,30.858,0.0343,60,0.0044,96.2292,96.183,96.265,0.0224,60,0.0029,96.5938,96.5476,96.6296,0.0224,60,0.0029,23.724,23.6781,23.769,0.024,60,0.0031,23.7257,23.6797,23.7707,0.024,60,0.0031,9.6639,9.6263,9.6924,0.0178,60,0.0023
2016-02-04T19:30:00.000 ,23,30.9708,30.955,30.9967,0.0109,60,0.0014,1024.1806,1024.1694,1024.199,0.008,60,0.001,0.567,0.5026,0.6172,0.0339,60,0.0044,24.7235,21.9182,26.9159,1.4796,60,0.191,9.6746,9.6652,9.6854,0.0048,60,0.0006,30.8218,30.8061,30.8476,0.0108,60,0.0014,96.2843,96.264,96.297,0.0093,60,0.0012,96.6489,96.6286,96.6616,0.0093,60,0.0012,23.742,23.7307,23.7604,0.008,60,0.001,23.7436,23.7323,23.762,0.008,60,0.001,9.6849,9.6755,9.6957,0.0048,60,0.0006
2016-02-04T20:30:00.000 ,23,30.9556,30.9089,30.9849,0.0223,60,0.0029,1024.1688,1024.1369,1024.1905,0.0156,60,0.002,0.6194,0.5404,0.7799,0.0748,60,0.0097,27.012,23.5638,34.011,3.2635,60,0.4213,9.675,9.6488,9.6872,0.0108,60,0.0014,30.8067,30.7602,30.8358,0.0222,60,0.0029,96.3136,96.295,96.325,0.0095,60,0.0012,96.6782,96.6596,96.6896,0.0095,60,0.0012,23.7301,23.698,23.7519,0.0157,60,0.002,23.7317,23.6996,23.7535,0.0157,60,0.002,9.6853,9.6591,9.6975,0.0108,60,0.0014
2016-02-04T21:30:00.000 ,23,30.9153,30.8702,30.9364,0.0158,60,0.002,1024.1407,1024.1109,1024.1554,0.0107,60,0.0014,0.762,0.6834,0.9228,0.0569,60,0.0073,33.2311,29.8016,40.2418,2.4821,60,0.3204,9.6539,9.6187,9.6685,0.0112,60,0.0014,30.7666,30.7217,30.7876,0.0157,60,0.002,96.2514,96.15,96.319,0.0511,60,0.0066,96.616,96.5146,96.6836,0.0511,60,0.0066,23.7022,23.6727,23.7166,0.0105,60,0.0014,23.7038,23.6743,23.7182,0.0105,60,0.0014,9.6642,9.6289,9.6788,0.0112,60,0.0014
2016-02-04T22:30:00.000 ,23,30.82,30.7462,30.9152,0.0436,60,0.0056,1024.0789,1024.0325,1024.1406,0.0275,60,0.0036,1.1435,0.8261,1.4556,0.181,60,0.0234,49.8687,36.0275,63.4816,7.8928,60,1.019,9.5707,9.4968,9.6497,0.0423,60,0.0055,30.6718,30.5983,30.7665,0.0434,60,0.0056,95.9955,95.815,96.144,0.098,60,0.0126,96.3601,96.1796,96.5086,0.098,60,0.0126,23.6413,23.5956,23.7028,0.0272,60,0.0035,23.6429,23.5972,23.7044,0.0272,60,0.0035,9.5809,9.5069,9.66,0.0423,60,0.0055
2016-02-04T23:30:00.000 ,23,30.7587,30.7053,30.8373,0.0344,60,0.0044,1024.0403,1024.0082,1024.0892,0.0213,60,0.0027,1.4065,1.0948,1.6437,0.1482,60,0.0191,61.3411,47.7434,71.6895,6.4633,60,0.8344,9.5027,9.441,9.5806,0.0363,60,0.0047,30.6107,30.5576,30.689,0.0343,60,0.0044,95.6017,95.393,95.81,0.1245,60,0.0161,95.9663,95.7576,96.1746,0.1245,60,0.0161,23.6044,23.5725,23.6532,0.0211,60,0.0027,23.6059,23.5741,23.6548,0.0211,60,0.0027,9.5128,9.451,9.5907,0.0363,60,0.0047
2016-02-05T00:30:00.000 ,23,30.7345,30.6602,30.8498,0.0434,60,0.0056,1024.0241,1023.9792,1024.0949,0.0265,60,0.0034,1.5255,1.0506,1.779,0.1758,60,0.0227,66.5318,45.815,77.5877,7.6689,60,0.99,9.4741,9.3932,9.5852,0.0432,60,0.0056,30.5866,30.5127,30.7014,0.0432,60,0.0056,95.1665,94.938,95.385,0.1327,60,0.0171,95.5311,95.3026,95.7496,0.1327,60,0.0171,23.59,23.5449,23.6622,0.027,60,0.0035,23.5916,23.5465,23.6638,0.027,60,0.0035,9.4841,9.4031,9.5953,0.0433,60,0.0056
2016-02-05T01:30:00.000 ,23,30.8864,30.832,31.0752,0.0589,60,0.0076,1024.1187,1024.0832,1024.2478,0.0401,60,0.0052,0.912,0.2816,1.1076,0.1903,60,0.0246,39.7715,12.2777,48.3048,8.3015,60,1.0717,9.608,9.564,9.7118,0.0342,60,0.0044,30.7379,30.6837,30.9258,0.0587,60,0.0076,94.722,94.526,94.935,0.122,60,0.0158,95.0866,94.8906,95.2996,0.122,60,0.0158,23.687,23.6507,23.8172,0.0405,60,0.0052,23.6886,23.6523,23.8189,0.0405,60,0.0052,9.6181,9.574,9.722,0.0342,60,0.0044
2016-02-05T02:30:00.000 ,23,30.8909,30.8451,30.9672,0.0284,60,0.0037,1024.1205,1024.0904,1024.1729,0.0192,60,0.0025,0.9044,0.6509,1.0439,0.0943,60,0.0122,39.4392,28.3849,45.526,4.1112,60,0.5307,9.6077,9.5747,9.6537,0.0186,60,0.0024,30.7423,30.6968,30.8183,0.0283,60,0.0037,94.3453,94.196,94.518,0.0967,60,0.0125,94.71,94.5606,94.8826,0.0967,60,0.0125,23.6906,23.6603,23.7426,0.0192,60,0.0025,23.6922,23.6618,23.7442,0.0192,60,0.0025,9.6177,9.5847,9.6638,0.0187,60,0.0024
2016-02-05T03:30:00.000 ,23,30.9239,30.832,30.9799,0.0433,60,0.0056,1024.1416,1024.0802,1024.1802,0.0293,60,0.0038,0.7743,0.5775,1.1042,0.1592,60,0.0206,33.7653,25.1826,48.155,6.9436,60,0.8964,9.629,9.5659,9.6602,0.0271,60,0.0035,30.7752,30.6837,30.8309,0.0431,60,0.0056,94.0943,94.03,94.192,0.0469,60,0.0061,94.459,94.3946,94.5566,0.0469,60,0.0061,23.7129,23.6514,23.7514,0.0294,60,0.0038,23.7145,23.653,23.753,0.0294,60,0.0038,9.6391,9.5759,9.6703,0.0272,60,0.0035
2016-02-05T04:30:00.000 ,23,30.927,30.8951,30.9926,0.0226,60,0.0029,1024.1424,1024.1195,1024.1879,0.0157,60,0.002,0.7281,0.5271,0.8358,0.0728,60,0.0094,31.7531,22.9862,36.4483,3.1755,60,0.41,9.6376,9.62,9.6721,0.0118,60,0.0015,30.7783,30.7465,30.8436,0.0225,60,0.0029,94.0329,94.014,94.079,0.0173,60,0.0022,94.3976,94.3786,94.4436,0.0173,60,0.0022,23.7139,23.691,23.7594,0.0157,60,0.002,23.7155,23.6926,23.761,0.0157,60,0.002,9.6476,9.63,9.6822,0.0118,60,0.0015
2016-02-05T05:30:00.000 ,23,30.8587,30.8193,30.9132,0.0247,60,0.0032,1024.0969,1024.0709,1024.134,0.0164,60,0.0021,0.9968,0.8001,1.1473,0.0947,60,0.0122,43.4695,34.8923,50.0355,4.1312,60,0.5333,9.5948,9.5679,9.6283,0.0163,60,0.0021,30.7103,30.6711,30.7645,0.0246,60,0.0032,94.1986,94.082,94.346,0.0805,60,0.0104,94.5632,94.4466,94.7106,0.0805,60,0.0104,23.6676,23.6413,23.7046,0.0167,60,0.0022,23.6692,23.6428,23.7062,0.0167,60,0.0022,9.6048,9.5779,9.6383,0.0163,60,0.0021
2016-02-05T06:30:00.000 ,23,30.845,30.8201,30.9083,0.0227,60,0.0029,1024.0885,1024.071,1024.1332,0.0161,60,0.0021,1.054,0.8186,1.1529,0.0912,60,0.0118,45.9661,35.6965,50.2778,3.9787,60,0.5137,9.5909,9.5758,9.6247,0.0131,60,0.0017,30.6966,30.6719,30.7597,0.0226,60,0.0029,94.5445,94.354,94.753,0.1192,60,0.0154,94.9091,94.7186,95.1176,0.1192,60,0.0154,23.6576,23.6402,23.7015,0.0156,60,0.002,23.6591,23.6418,23.703,0.0156,60,0.002,9.601,9.5858,9.6348,0.0131,60,0.0017
2016-02-05T07:30:00.000 ,23,30.9368,30.8807,30.9616,0.016,60,0.0021,1024.1521,1024.1143,1024.1687,0.0109,60,0.0014,0.7047,0.6057,0.9128,0.0618,60,0.008,30.7284,26.4124,39.8042,2.6968,60,0.3482,9.6508,9.6089,9.6723,0.0131,60,0.0017,30.788,30.7322,30.8127,0.016,60,0.0021,94.9765,94.757,95.197,0.1301,60,0.0168,95.3411,95.1216,95.5616,0.1301,60,0.0168,23.7194,23.6825,23.7353,0.0105,60,0.0014,23.721,23.6841,23.7369,0.0105,60,0.0014,9.6609,9.619,9.6825,0.0131,60,0.0017
2016-02-05T08:30:00.000 ,23,30.9145,30.8884,30.9631,0.0199,60,0.0026,1024.1387,1024.1218,1024.1719,0.0131,60,0.0017,0.7796,0.6069,0.8741,0.0734,60,0.0095,33.9986,26.4654,38.1171,3.2001,60,0.4131,9.6391,9.6198,9.672,0.0158,60,0.002,30.7658,30.7398,30.8142,0.0198,60,0.0026,95.4305,95.209,95.646,0.1298,60,0.0168,95.7951,95.5736,96.0106,0.1298,60,0.0168,23.7039,23.6867,23.7365,0.013,60,0.0017,23.7055,23.6883,23.7381,0.013,60,0.0017,9.6493,9.63,9.6822,0.0158,60,0.002
2016-02-05T09:30:00.000 ,23,30.8831,30.8576,30.9527,0.03,60,0.0039,1024.1195,1024.1028,1024.165,0.0196,60,0.0025,0.8959,0.6322,0.9934,0.1148,60,0.0148,39.0679,27.5672,43.3218,5.0076,60,0.6465,9.6187,9.5954,9.667,0.0214,60,0.0028,30.7346,30.7092,30.8038,0.0299,60,0.0039,95.8387,95.655,96.021,0.1061,60,0.0137,96.2033,96.0196,96.3856,0.1061,60,0.0137,23.6828,23.6658,23.7292,0.02,60,0.0026,23.6844,23.6674,23.7308,0.02,60,0.0026,9.6289,9.6056,9.6772,0.0214,60,0.0028
2016-02-05T10:30:00.000 ,23,30.9292,30.8849,30.9743,0.0257,60,0.0033,1024.1517,1024.121,1024.1832,0.0179,60,0.0023,0.733,0.5675,0.9028,0.0957,60,0.0124,31.9645,24.7472,39.372,4.1746,60,0.5389,9.6504,9.6232,9.6806,0.0155,60,0.002,30.7804,30.7363,30.8253,0.0256,60,0.0033,96.183,96.034,96.314,0.0824,60,0.0106,96.5477,96.3986,96.6786,0.0824,60,0.0106,23.7135,23.6834,23.7446,0.0176,60,0.0023,23.7152,23.685,23.7463,0.0176,60,0.0023,9.6606,9.6334,9.6909,0.0155,60,0.002
2016-02-05T11:30:00.000 ,23,30.9687,30.9529,30.9811,0.0083,60,0.0011,1024.1779,1024.1682,1024.1875,0.0051,60,0.0007,0.572,0.5255,0.617,0.0253,60,0.0033,24.9436,22.9138,26.9042,1.1024,60,0.1423,9.6849,9.6714,9.7016,0.0087,60,0.0011,30.8197,30.804,30.8321,0.0083,60,0.0011,96.4222,96.32,96.501,0.0551,60,0.0071,96.7868,96.6846,96.8656,0.0551,60,0.0071,23.7387,23.7285,23.7483,0.0053,60,0.0007,23.7403,23.7302,23.7499,0.0053,60,0.0007,9.6953,9.6817,9.7119,0.0087,60,0.0011
2016-02-05T12:30:00.000 ,23,30.9449,30.9342,30.9617,0.006,60,0.0008,1024.1622,1024.1549,1024.1741,0.0042,60,0.0005,0.651,0.5948,0.6919,0.0227,60,0.0029,28.3893,25.9355,30.1732,0.9915,60,0.128,9.67,9.6636,9.6762,0.0032,60,0.0004,30.7961,30.7854,30.8127,0.0059,60,0.0008,96.4945,96.471,96.512,0.0111,60,0.0014,96.8592,96.8356,96.8766,0.0111,60,0.0014,23.7226,23.7153,23.7346,0.0042,60,0.0005,23.7243,23.717,23.7363,0.0042,60,0.0005,9.6803,9.6739,9.6865,0.0032,60,0.0004
2016-02-05T13:30:00.000 ,23,31.0079,30.9627,31.0346,0.0181,60,0.0023,1024.2052,1024.1748,1024.2251,0.0129,60,0.0017,0.4471,0.3702,0.5724,0.0511,60,0.0066,19.4959,16.1412,24.9589,2.2271,60,0.2875,9.7046,9.6764,9.714,0.0085,60,0.0011,30.8587,30.8137,30.8853,0.0181,60,0.0023,96.4327,96.391,96.473,0.0268,60,0.0035,96.7974,96.7556,96.8376,0.0268,60,0.0035,23.766,23.7354,23.7858,0.0129,60,0.0017,23.7677,23.737,23.7874,0.0129,60,0.0017,9.7149,9.6867,9.7244,0.0085,60,0.0011
2016-02-05T14:30:00.000 ,23,30.9636,30.9453,31.0019,0.0136,60,0.0018,1024.173,1024.1607,1024.2007,0.0095,60,0.0012,0.5857,0.4654,0.6459,0.0465,60,0.006,25.5388,20.2934,28.1665,2.0265,60,0.2616,9.6881,9.6765,9.7022,0.0075,60,0.001,30.8146,30.7964,30.8528,0.0135,60,0.0017,96.3365,96.278,96.389,0.0306,60,0.004,96.7011,96.6426,96.7536,0.0306,60,0.004,23.7342,23.7218,23.7618,0.0094,60,0.0012,23.7358,23.7235,23.7634,0.0094,60,0.0012,9.6985,9.6868,9.7125,0.0075,60,0.001
2016-02-05T15:30:00.000 ,23,30.9701,30.9202,31.0854,0.0526,60,0.0068,1024.1782,1024.1434,1024.262,0.0381,60,0.0049,0.5772,0.2296,0.7407,0.1605,60,0.0207,25.17,10.0096,32.2999,6.9994,60,0.9036,9.6844,9.6608,9.7189,0.0168,60,0.0022,30.8211,30.7715,30.9359,0.0524,60,0.0068,96.2279,96.18,96.283,0.0319,60,0.0041,96.5925,96.5446,96.6476,0.0319,60,0.0041,23.7399,23.7049,23.824,0.0383,60,0.0049,23.7415,23.7065,23.8256,0.0383,60,0.0049,9.6947,9.6711,9.7292,0.0168,60,0.0022
2016-02-05T16:30:00.000 ,23,31.067,30.9865,31.1057,0.0369,60,0.0048,1024.2491,1024.1901,1024.2785,0.0274,60,0.0035,0.276,0.1866,0.4838,0.0932,60,0.012,12.0329,8.1346,21.0972,4.0623,60,0.5244,9.7092,9.6875,9.7182,0.0085,60,0.0011,30.9176,30.8374,30.9561,0.0368,60,0.0047,96.1599,96.149,96.182,0.0093,60,0.0012,96.5245,96.5136,96.5466,0.0093,60,0.0012,23.8112,23.7521,23.8407,0.0274,60,0.0035,23.8128,23.7537,23.8423,0.0274,60,0.0035,9.7195,9.6978,9.7285,0.0086,60,0.0011
2016-02-05T17:30:00.000 ,23,31.0256,30.9625,31.0753,0.0355,60,0.0046,1024.2192,1024.1732,1024.256,0.0262,60,0.0034,0.3978,0.2649,0.572,0.1014,60,0.0131,17.347,11.5508,24.9446,4.4228,60,0.571,9.6956,9.6775,9.7061,0.0085,60,0.0011,30.8764,30.8136,30.9258,0.0353,60,0.0046,96.1596,96.145,96.176,0.0077,60,0.001,96.5242,96.5096,96.5406,0.0077,60,0.001,23.7812,23.7351,23.8181,0.0262,60,0.0034,23.7829,23.7368,23.8198,0.0262,60,0.0034,9.7059,9.6878,9.7164,0.0085,60,0.0011
2016-02-05T18:30:00.000 ,23,30.9819,30.9187,31.0601,0.0418,60,0.0054,1024.187,1024.1422,1024.2446,0.0302,60,0.0039,0.533,0.3072,0.7558,0.1363,60,0.0176,23.2424,13.3951,32.9589,5.9432,60,0.7673,9.6865,9.6621,9.705,0.0129,60,0.0017,30.8328,30.77,30.9107,0.0416,60,0.0054,96.2265,96.174,96.295,0.037,60,0.0048,96.5912,96.5386,96.6596,0.037,60,0.0048,23.7487,23.7035,23.8066,0.0305,60,0.0039,23.7503,23.7052,23.8082,0.0305,60,0.0039,9.6969,9.6724,9.7153,0.0129,60,0.0017
2016-02-05T19:30:00.000 ,23,30.9435,30.919,30.9698,0.0092,60,0.0012,1024.1601,1024.1424,1024.179,0.0066,60,0.0008,0.6556,0.5445,0.7518,0.0385,60,0.005,28.5882,23.7453,32.7866,1.6805,60,0.217,9.6716,9.6629,9.6818,0.0039,60,0.0005,30.7946,30.7703,30.8208,0.0091,60,0.0012,96.3357,96.296,96.379,0.0231,60,0.003,96.7004,96.6606,96.7436,0.0231,60,0.003,23.7212,23.7036,23.7401,0.0066,60,0.0008,23.7229,23.7053,23.7417,0.0066,60,0.0008,9.6819,9.6732,9.6921,0.0039,60,0.0005
2016-02-05T20:30:00.000 ,23,30.9142,30.901,30.9296,0.0064,60,0.0008,1024.1399,1024.1314,1024.1505,0.0044,60,0.0006,0.7684,0.7092,0.8346,0.0272,60,0.0035,33.5072,30.927,36.3953,1.1874,60,0.1533,9.6579,9.647,9.6658,0.0041,60,0.0005,30.7655,30.7523,30.7808,0.0064,60,0.0008,96.4107,96.379,96.432,0.0146,60,0.0019,96.7754,96.7436,96.7966,0.0146,60,0.0019,23.7007,23.6921,23.7114,0.0044,60,0.0006,23.7023,23.6937,23.713,0.0044,60,0.0006,9.6682,9.6573,9.6761,0.0041,60,0.0005
2016-02-05T21:30:00.000 ,23,30.9262,30.9067,30.944,0.0103,60,0.0013,1024.1486,1024.1354,1024.1613,0.0075,60,0.001,0.7183,0.6468,0.8055,0.038,60,0.0049,31.3238,28.2037,35.1272,1.6559,60,0.2138,9.6621,9.6503,9.6724,0.0041,60,0.0005,30.7774,30.758,30.7951,0.0102,60,0.0013,96.4243,96.417,96.433,0.0049,60,0.0006,96.7889,96.7816,96.7976,0.0049,60,0.0006,23.7093,23.696,23.722,0.0075,60,0.001,23.7109,23.6977,23.7237,0.0075,60,0.001,9.6724,9.6606,9.6827,0.0042,60,0.0005
2016-02-05T22:30:00.000 ,23,30.9463,30.9214,30.9715,0.0151,60,0.002,1024.1625,1024.1451,1024.1804,0.0106,60,0.0014,0.6526,0.5693,0.7398,0.0506,60,0.0065,28.4575,24.8261,32.2612,2.2051,60,0.2847,9.6706,9.6554,9.6879,0.0091,60,0.0012,30.7974,30.7726,30.8225,0.015,60,0.0019,96.3453,96.217,96.429,0.0661,60,0.0085,96.7099,96.5816,96.7936,0.0661,60,0.0085,23.7236,23.7066,23.7413,0.0104,60,0.0013,23.7252,23.7083,23.743,0.0104,60,0.0013,9.6809,9.6657,9.6982,0.0091,60,0.0012
2016-02-05T23:30:00.000 ,23,30.9083,30.8747,30.9354,0.0155,60,0.002,1024.1353,1024.1135,1024.1534,0.0102,60,0.0013,0.7925,0.7006,0.9209,0.0562,60,0.0073,34.5596,30.5532,40.1613,2.4526,60,0.3166,9.6478,9.6241,9.6669,0.011,60,0.0014,30.7596,30.7262,30.7866,0.0154,60,0.002,96.0455,95.877,96.214,0.0988,60,0.0128,96.4102,96.2416,96.5786,0.0988,60,0.0128,23.6977,23.6754,23.7162,0.0105,60,0.0014,23.6994,23.677,23.7179,0.0105,60,0.0014,9.658,9.6343,9.6771,0.011,60,0.0014
2016-02-06T00:30:00.000 ,23,30.949,30.9299,30.9728,0.0092,60,0.0012,1024.1614,1024.1487,1024.1762,0.006,60,0.0008,0.6367,0.5578,0.7111,0.0354,60,0.0046,27.7654,24.3222,31.0106,1.5433,60,0.1992,9.6711,9.6639,9.6875,0.0052,60,0.0007,30.8002,30.7811,30.8238,0.0092,60,0.0012,95.6436,95.403,95.87,0.1404,60,0.0181,96.0082,95.7676,96.2346,0.1404,60,0.0181,23.7257,23.7119,23.7416,0.0064,60,0.0008,23.7273,23.7136,23.7432,0.0064,60,0.0008,9.6813,9.6741,9.6977,0.0052,60,0.0007
2016-02-06T01:30:00.000 ,23,30.9184,30.8873,30.9761,0.0187,60,0.0024,1024.1365,1024.1151,1024.1778,0.0132,60,0.0017,0.7503,0.5543,0.8721,0.0729,60,0.0094,32.7181,24.17,38.0314,3.1787,60,0.4104,9.6633,9.6416,9.6924,0.0119,60,0.0015,30.7697,30.7387,30.8271,0.0186,60,0.0024,95.128,94.901,95.397,0.1402,60,0.0181,95.4926,95.2656,95.7616,0.1402,60,0.0181,23.7031,23.6819,23.7433,0.0127,60,0.0016,23.7047,23.6835,23.7449,0.0127,60,0.0016,9.6734,9.6517,9.7026,0.0119,60,0.0015
2016-02-06T02:30:00.000 ,23,30.9503,30.9233,30.9682,0.0137,60,0.0018,1024.1568,1024.1393,1024.169,0.0088,60,0.0011,0.6273,0.5611,0.7345,0.0488,60,0.0063,27.3545,24.4659,32.029,2.1276,60,0.2747,9.6779,9.6616,9.6956,0.0102,60,0.0013,30.8015,30.7746,30.8193,0.0137,60,0.0018,94.6533,94.447,94.9,0.1317,60,0.017,95.018,94.8116,95.2646,0.1317,60,0.017,23.7256,23.7072,23.7378,0.0092,60,0.0012,23.7272,23.7088,23.7394,0.0092,60,0.0012,9.688,9.6717,9.7057,0.0102,60,0.0013
2016-02-06T03:30:00.000 ,23,30.9718,30.9301,31.0692,0.0343,60,0.0044,1024.171,1024.1408,1024.2435,0.0253,60,0.0033,0.5554,0.2811,0.6829,0.1025,60,0.0132,24.218,12.2582,29.7819,4.4688,60,0.5769,9.683,9.6662,9.7038,0.01,60,0.0013,30.8228,30.7814,30.9198,0.0341,60,0.0044,94.2855,94.166,94.442,0.0852,60,0.011,94.6501,94.5306,94.8066,0.0852,60,0.011,23.7415,23.7118,23.8139,0.0251,60,0.0032,23.7431,23.7134,23.8155,0.0251,60,0.0032,9.6931,9.6763,9.7139,0.01,60,0.0013
2016-02-06T04:30:00.000 ,23,30.9762,30.9154,31.0172,0.0219,60,0.0028,1024.1729,1024.131,1024.2027,0.0152,60,0.002,0.5487,0.4299,0.7437,0.0748,60,0.0097,23.9251,18.7459,32.4329,3.2617,60,0.4211,9.688,9.6558,9.6987,0.0111,60,0.0014,30.8273,30.7667,30.868,0.0217,60,0.0028,94.1255,94.065,94.171,0.0356,60,0.0046,94.4901,94.4296,94.5356,0.0356,60,0.0046,23.7441,23.702,23.7742,0.0153,60,0.002,23.7457,23.7036,23.7758,0.0153,60,0.002,9.6981,9.6658,9.7088,0.0111,60,0.0014
2016-02-06T05:30:00.000 ,23,30.974,30.9227,31.0034,0.0203,60,0.0026,1024.172,1024.136,1024.1941,0.0147,60,0.0019,0.5497,0.4598,0.7169,0.0639,60,0.0083,23.9725,20.0499,31.2635,2.7877,60,0.3599,9.682,9.6594,9.693,0.0078,60,0.001,30.825,30.774,30.8543,0.0202,60,0.0026,94.1021,94.053,94.184,0.0414,60,0.0053,94.4667,94.4176,94.5486,0.0414,60,0.0053,23.7434,23.7071,23.7651,0.0147,60,0.0019,23.745,23.7087,23.7667,0.0147,60,0.0019,9.6921,9.6694,9.7031,0.0078,60,0.001
2016-02-06T06:30:00.000 ,23,30.9606,30.9024,31.0142,0.0345,60,0.0045,1024.1637,1024.1229,1024.2023,0.0245,60,0.0032,0.5861,0.4331,0.7919,0.1132,60,0.0146,25.56,18.8852,34.5355,4.9366,60,0.6373,9.6751,9.6503,9.6922,0.0125,60,0.0016,30.8117,30.7538,30.8651,0.0343,60,0.0044,94.3159,94.187,94.484,0.0908,60,0.0117,94.6806,94.5516,94.8486,0.0908,60,0.0117,23.7341,23.6928,23.773,0.0248,60,0.0032,23.7357,23.6944,23.7746,0.0248,60,0.0032,9.6852,9.6604,9.7023,0.0125,60,0.0016
2016-02-06T07:30:00.000 ,23,30.9315,30.8924,31.0049,0.0371,60,0.0048,1024.1454,1024.1193,1024.1969,0.0258,60,0.0033,0.6783,0.4406,0.8069,0.1194,60,0.0154,29.5811,19.2105,35.1869,5.2092,60,0.6725,9.6596,9.6325,9.6959,0.0213,60,0.0028,30.7828,30.7438,30.8558,0.0369,60,0.0048,94.7097,94.494,94.944,0.1339,60,0.0173,95.0743,94.8586,95.3086,0.1339,60,0.0173,23.7139,23.6878,23.7651,0.0254,60,0.0033,23.7155,23.6894,23.7668,0.0254,60,0.0033,9.6697,9.6426,9.7061,0.0214,60,0.0028
2016-02-06T08:30:00.000 ,23,30.9212,30.8509,30.9755,0.0344,60,0.0044,1024.1405,1024.094,1024.1769,0.0231,60,0.003,0.705,0.5257,0.992,0.1381,60,0.0178,30.7457,22.9239,43.2614,6.0215,60,0.7774,9.6542,9.6097,9.6837,0.0191,60,0.0025,30.7725,30.7025,30.8265,0.0342,60,0.0044,95.1989,94.953,95.443,0.1461,60,0.0189,95.5635,95.3176,95.8076,0.1461,60,0.0189,23.7067,23.6592,23.7443,0.0237,60,0.0031,23.7084,23.6608,23.7459,0.0237,60,0.0031,9.6643,9.6198,9.6939,0.0191,60,0.0025
2016-02-06T09:30:00.000 ,23,30.8847,30.8413,30.911,0.0158,60,0.002,1024.1183,1024.0883,1024.1366,0.0109,60,0.0014,0.8632,0.7639,1.0095,0.0618,60,0.008,37.6433,33.313,44.0252,2.6976,60,0.3483,9.63,9.6013,9.6443,0.0109,60,0.0014,30.7362,30.693,30.7623,0.0157,60,0.002,95.6856,95.449,95.917,0.1361,60,0.0176,96.0502,95.8136,96.2816,0.1361,60,0.0176,23.6822,23.6531,23.7004,0.0106,60,0.0014,23.6838,23.6547,23.702,0.0106,60,0.0014,9.6407,9.6114,9.6692,0.0114,60,0.0015
2016-02-06T10:30:00.000 ,23,30.9234,30.881,31.0048,0.0319,60,0.0041,1024.1471,1024.1155,1024.2055,0.0231,60,0.003,0.74,0.5042,0.8867,0.1037,60,0.0134,32.2679,21.9853,38.669,4.5237,60,0.584,9.6493,9.6285,9.6808,0.012,60,0.0016,30.7746,30.7324,30.8556,0.0318,60,0.0041,96.1146,95.92,96.282,0.1072,60,0.0138,96.4792,96.2846,96.6466,0.1072,60,0.0138,23.7092,23.6784,23.7674,0.023,60,0.003,23.7108,23.68,23.769,0.023,60,0.003,9.6596,9.6388,9.6911,0.012,60,0.0016
2016-02-06T11:30:00.000 ,23,30.962,30.8861,31.0815,0.0727,60,0.0094,1024.176,1024.1214,1024.2628,0.0522,60,0.0067,0.6027,0.2374,0.8558,0.2243,60,0.029,26.2827,10.3527,37.3222,9.7819,60,1.2628,9.664,9.6329,9.7062,0.0282,60,0.0036,30.813,30.7375,30.932,0.0724,60,0.0093,96.4071,96.285,96.522,0.0686,60,0.0089,96.7717,96.6496,96.8866,0.0686,60,0.0089,23.7368,23.6824,23.8233,0.052,60,0.0067,23.7384,23.6841,23.8249,0.052,60,0.0067,9.6743,9.6432,9.7166,0.0282,60,0.0036
2016-02-06T12:30:00.000 ,23,31.0871,31.0451,31.1331,0.0188,60,0.0024,1024.2687,1024.2369,1024.3048,0.0144,60,0.0019,0.24,0.1422,0.3499,0.0454,60,0.0059,10.4657,6.1981,15.2565,1.9801,60,0.2556,9.6966,9.6894,9.7019,0.0035,60,0.0004,30.9376,30.8957,30.9833,0.0187,60,0.0024,96.5934,96.524,96.619,0.0267,60,0.0035,96.958,96.8886,96.9836,0.0267,60,0.0035,23.8288,23.7969,23.8651,0.0145,60,0.0019,23.8305,23.7986,23.8667,0.0145,60,0.0019,9.7069,9.6998,9.7123,0.0035,60,0.0004
2016-02-06T13:30:00.000 ,23,31.0807,31.0084,31.1596,0.039,60,0.005,1024.2638,1024.2091,1024.3258,0.0304,60,0.0039,0.2598,0.0848,0.43,0.0884,60,0.0114,11.3299,3.6972,18.749,3.8538,60,0.4975,9.6953,9.6865,9.7084,0.0057,60,0.0007,30.9312,30.8592,31.0097,0.0388,60,0.005,96.5679,96.537,96.599,0.0171,60,0.0022,96.9325,96.9016,96.9636,0.0171,60,0.0022,23.824,23.7693,23.8862,0.0305,60,0.0039,23.8257,23.7709,23.8878,0.0305,60,0.0039,9.7057,9.6968,9.7188,0.0057,60,0.0007
2016-02-06T14:30:00.000 ,23,31.0838,31.0305,31.1547,0.0331,60,0.0043,1024.2652,1024.2247,1024.3216,0.0258,60,0.0033,0.2395,0.0962,0.4469,0.0813,60,0.0105,10.4445,4.1951,19.4865,3.547,60,0.4579,9.6984,9.6911,9.7026,0.0029,60,0.0004,30.9343,30.8812,31.0048,0.033,60,0.0043,96.4596,96.383,96.535,0.0476,60,0.0062,96.8242,96.7476,96.8996,0.0476,60,0.0062,23.8259,23.7857,23.8821,0.0256,60,0.0033,23.8276,23.7874,23.8837,0.0256,60,0.0033,9.7084,9.6898,9.713,0.0038,60,0.0005
2016-02-06T15:30:00.000 ,23,30.9807,30.9404,31.0325,0.0269,60,0.0035,1024.1884,1024.1581,1024.2262,0.0197,60,0.0025,0.5281,0.3679,0.6519,0.0796,60,0.0103,23.0267,16.0425,28.4269,3.4726,60,0.4483,9.6745,9.65,9.6915,0.009,60,0.0012,30.8317,30.7916,30.8832,0.0268,60,0.0035,96.2981,96.207,96.381,0.0509,60,0.0066,96.6628,96.5716,96.7456,0.0509,60,0.0066,23.7497,23.7192,23.7872,0.0196,60,0.0025,23.7514,23.7209,23.7889,0.0196,60,0.0025,9.6848,9.6603,9.7018,0.009,60,0.0012
2016-02-06T16:30:00.000 ,23,30.9118,30.8535,30.9535,0.0294,60,0.0038,1024.1417,1024.1026,1024.1699,0.0197,60,0.0025,0.7494,0.5941,0.9595,0.1036,60,0.0134,32.6782,25.9056,41.8434,4.5205,60,0.5836,9.628,9.5882,9.6578,0.0201,60,0.0026,30.7631,30.7051,30.8046,0.0293,60,0.0038,96.1464,96.104,96.205,0.0299,60,0.0039,96.5111,96.4686,96.5696,0.0299,60,0.0039,23.7036,23.6646,23.7316,0.0197,60,0.0025,23.7052,23.6662,23.7332,0.0197,60,0.0025,9.6383,9.5984,9.6681,0.0201,60,0.0026
2016-02-06T17:30:00.000 ,23,30.8289,30.7791,30.8592,0.017,60,0.0022,1024.0865,1024.0548,1024.1067,0.011,60,0.0014,1.064,0.9439,1.2447,0.0672,60,0.0087,46.4013,41.1639,54.2856,2.9309,60,0.3784,9.5688,9.5246,9.5902,0.0142,60,0.0018,30.6806,30.631,30.7107,0.0169,60,0.0022,96.0799,96.064,96.106,0.0123,60,0.0016,96.4445,96.4286,96.4706,0.0123,60,0.0016,23.6485,23.6168,23.6686,0.011,60,0.0014,23.6501,23.6183,23.6702,0.011,60,0.0014,9.5789,9.5347,9.6004,0.0142,60,0.0018
2016-02-06T18:30:00.000 ,23,30.9943,30.7672,31.1348,0.1375,60,0.0178,1024.2039,1024.0467,1024.3055,0.0957,60,0.0124,0.588,0.165,1.3105,0.4535,60,0.0585,25.6412,7.1947,57.1528,19.7777,60,2.5533,9.6377,9.5179,9.7034,0.0706,60,0.0091,30.8452,30.6192,30.985,0.1368,60,0.0177,96.1017,96.062,96.149,0.0251,60,0.0032,96.4663,96.4266,96.5136,0.0251,60,0.0032,23.7661,23.6086,23.8678,0.0958,60,0.0124,23.7677,23.6102,23.8694,0.0959,60,0.0124,9.6476,9.528,9.7137,0.0701,60,0.009
2016-02-06T19:30:00.000 ,23,31.0145,30.9544,31.1215,0.0495,60,0.0064,1024.2131,1024.1683,1024.2925,0.0367,60,0.0047,0.4265,0.1504,0.5893,0.1341,60,0.0173,18.5965,6.5572,25.6984,5.8482,60,0.755,9.6813,9.6596,9.7045,0.0118,60,0.0015,30.8653,30.8055,30.9718,0.0493,60,0.0064,96.2001,96.148,96.258,0.0321,60,0.0041,96.5647,96.5126,96.6226,0.0321,60,0.0041,23.7749,23.7301,23.8547,0.0368,60,0.0048,23.7765,23.7318,23.8563,0.0368,60,0.0048,9.6916,9.6699,9.7148,0.0118,60,0.0015
2016-02-06T20:30:00.000 ,23,30.9572,30.8905,31.0303,0.0362,60,0.0047,1024.1688,1024.1206,1024.2263,0.0281,60,0.0036,0.6051,0.3904,0.77,0.1092,60,0.0141,26.3852,17.0231,33.5793,4.7619,60,0.6148,9.6832,9.6623,9.6882,0.0038,60,0.0005,30.8083,30.7419,30.881,0.036,60,0.0046,96.3229,96.258,96.371,0.0359,60,0.0046,96.6875,96.6226,96.7356,0.0359,60,0.0046,23.7301,23.6816,23.7878,0.0283,60,0.0037,23.7317,23.6832,23.7895,0.0283,60,0.0037,9.6935,9.6726,9.6985,0.0038,60,0.0005
2016-02-06T21:30:00.000 ,23,30.8895,30.8667,30.9322,0.0179,60,0.0023,1024.1219,1024.1065,1024.1512,0.0119,60,0.0015,0.8426,0.6853,0.9247,0.0674,60,0.0087,36.7439,29.8829,40.3248,2.9398,60,0.3795,9.6504,9.6354,9.6854,0.0127,60,0.0016,30.7409,30.7182,30.7834,0.0178,60,0.0023,96.4039,96.369,96.442,0.0213,60,0.0028,96.7685,96.7336,96.8066,0.0213,60,0.0028,23.6827,23.6672,23.7119,0.012,60,0.0015,23.6843,23.6688,23.7136,0.012,60,0.0015,9.6607,9.6457,9.6957,0.0127,60,0.0016
2016-02-06T22:30:00.000 ,23,30.9149,30.8571,30.9719,0.0362,60,0.0047,1024.1412,1024.1027,1024.1788,0.0243,60,0.0031,0.7586,0.5493,0.9807,0.1309,60,0.0169,33.0807,23.9511,42.768,5.7085,60,0.737,9.6537,9.6109,9.6973,0.0267,60,0.0035,30.7661,30.7087,30.8229,0.036,60,0.0046,96.4359,96.401,96.454,0.0145,60,0.0019,96.8005,96.7656,96.8186,0.0145,60,0.0019,23.7019,23.6634,23.7395,0.0244,60,0.0031,23.7035,23.665,23.7412,0.0244,60,0.0031,9.664,9.6212,9.7076,0.0268,60,0.0035
2016-02-06T23:30:00.000 ,23,30.8578,30.8302,30.8745,0.0101,60,0.0013,1024.102,1024.0842,1024.1152,0.0072,60,0.0009,0.9737,0.9057,1.0679,0.0407,60,0.0052,42.4644,39.4973,46.5708,1.7733,60,0.2289,9.6177,9.5933,9.6262,0.0075,60,0.001,30.7094,30.6819,30.726,0.0101,60,0.0013,96.2703,96.107,96.404,0.0902,60,0.0116,96.6349,96.4716,96.7686,0.0902,60,0.0116,23.6633,23.6456,23.6762,0.007,60,0.0009,23.6649,23.6472,23.6778,0.007,60,0.0009,9.6279,9.6035,9.6365,0.0075,60,0.001
2016-02-07T00:30:00.000 ,23,30.7495,30.6966,30.8504,0.0477,60,0.0062,1024.0375,1024.0058,1024.0969,0.0282,60,0.0036,1.3924,0.9993,1.6347,0.2,60,0.0258,60.7284,43.5805,71.2943,8.7252,60,1.1264,9.4835,9.4181,9.6137,0.0586,60,0.0076,30.6015,30.5489,30.702,0.0474,60,0.0061,95.8983,95.668,96.099,0.1288,60,0.0166,96.2629,96.0326,96.4636,0.1288,60,0.0166,23.6002,23.5693,23.659,0.0278,60,0.0036,23.6017,23.5709,23.6606,0.0279,60,0.0036,9.4936,9.4281,9.6239,0.0587,60,0.0076
2016-02-07T01:30:00.000 ,23,30.6792,30.6281,30.7497,0.0302,60,0.0039,1023.9951,1023.9651,1024.0367,0.0174,60,0.0022,1.7155,1.4272,1.9484,0.1396,60,0.018,74.8199,62.2454,84.981,6.0888,60,0.7861,9.3928,9.3187,9.4761,0.0377,60,0.0049,30.5317,30.4808,30.6018,0.03,60,0.0039,95.3973,95.137,95.656,0.1511,60,0.0195,95.762,95.5016,96.0206,0.1511,60,0.0195,23.5598,23.5293,23.6016,0.0177,60,0.0023,23.5613,23.5308,23.6031,0.0177,60,0.0023,9.4028,9.3286,9.4861,0.0378,60,0.0049
2016-02-07T02:30:00.000 ,23,30.6916,30.6487,30.7448,0.0312,60,0.004,1024.0003,1023.9765,1024.0315,0.0179,60,0.0023,1.6698,1.4626,1.8355,0.1274,60,0.0164,72.8281,63.7888,80.0558,5.5556,60,0.7172,9.4048,9.3499,9.4626,0.0361,60,0.0047,30.544,30.5013,30.5969,0.031,60,0.004,94.8487,94.565,95.129,0.1638,60,0.0212,95.2133,94.9296,95.4936,0.1638,60,0.0212,23.5675,23.5427,23.5999,0.0186,60,0.0024,23.5691,23.5442,23.6014,0.0187,60,0.0024,9.4147,9.3598,9.4725,0.0361,60,0.0047
2016-02-07T03:30:00.000 ,23,30.8532,30.739,30.918,0.0523,60,0.0068,1024.099,1024.0271,1024.1397,0.0328,60,0.0042,1.0403,0.8037,1.4679,0.2043,60,0.0264,45.367,35.0477,64.0192,8.9105,60,1.1503,9.5584,9.4596,9.6137,0.0467,60,0.006,30.7048,30.5912,30.7693,0.052,60,0.0067,94.3116,94.095,94.563,0.1379,60,0.0178,94.6762,94.4596,94.9276,0.1379,60,0.0178,23.6691,23.5959,23.7107,0.0334,60,0.0043,23.6707,23.5974,23.7123,0.0334,60,0.0043,9.5683,9.4695,9.6237,0.0467,60,0.006
2016-02-07T04:30:00.000 ,23,30.8757,30.8201,30.9224,0.0353,60,0.0046,1024.1075,1024.0717,1024.1365,0.0222,60,0.0029,0.9243,0.7471,1.1266,0.1323,60,0.0171,40.3092,32.5776,49.1336,5.7706,60,0.745,9.604,9.5594,9.6465,0.0308,60,0.004,30.7272,30.6719,30.7737,0.0352,60,0.0045,93.9425,93.829,94.09,0.0774,60,0.01,94.3072,94.1936,94.4546,0.0774,60,0.01,23.6794,23.6433,23.709,0.0226,60,0.0029,23.6809,23.6448,23.7106,0.0226,60,0.0029,9.614,9.5693,9.6565,0.0308,60,0.004
2016-02-07T05:30:00.000 ,23,30.9293,30.8783,30.9549,0.0153,60,0.002,1024.1438,1024.1069,1024.1623,0.0117,60,0.0015,0.7245,0.6372,0.8872,0.0508,60,0.0066,31.5944,27.7867,38.6887,2.2176,60,0.2863,9.6341,9.6166,9.6486,0.009,60,0.0012,30.7805,30.7298,30.8061,0.0152,60,0.002,93.8228,93.814,93.833,0.005,60,0.0006,94.1874,94.1786,94.1976,0.005,60,0.0006,23.7163,23.6794,23.7348,0.0117,60,0.0015,23.7178,23.681,23.7364,0.0117,60,0.0015,9.6441,9.6266,9.6586,0.009,60,0.0012
2016-02-07T06:30:00.000 ,23,30.9283,30.8863,30.9586,0.0212,60,0.0027,1024.1436,1024.1153,1024.1639,0.0143,60,0.0018,0.7305,0.6233,0.8795,0.0726,60,0.0094,31.8546,27.182,38.3552,3.1672,60,0.4089,9.6337,9.6057,9.6577,0.0148,60,0.0019,30.7796,30.7378,30.8097,0.0211,60,0.0027,93.9377,93.833,94.088,0.0753,60,0.0097,94.3024,94.1976,94.4526,0.0753,60,0.0097,23.7156,23.6874,23.7353,0.0142,60,0.0018,23.7172,23.689,23.7369,0.0142,60,0.0018,9.6437,9.6157,9.6677,0.0148,60,0.0019
2016-02-07T07:30:00.000 ,23,30.8867,30.8323,30.9635,0.0495,60,0.0064,1024.1182,1024.0848,1024.1679,0.0316,60,0.0041,0.8745,0.6083,1.0805,0.1819,60,0.0235,38.1378,26.5242,47.1201,7.9322,60,1.024,9.6004,9.5512,9.6632,0.0398,60,0.0051,30.7382,30.684,30.8146,0.0492,60,0.0064,94.2986,94.094,94.512,0.1228,60,0.0158,94.6632,94.4586,94.8766,0.1228,60,0.0158,23.6885,23.654,23.739,0.0322,60,0.0042,23.6901,23.6555,23.7406,0.0322,60,0.0042,9.6105,9.5612,9.6733,0.0398,60,0.0051
2016-02-07T08:30:00.000 ,23,30.8408,30.8102,30.8895,0.0184,60,0.0024,1024.0911,1024.0725,1024.1214,0.0113,60,0.0015,1.0478,0.8693,1.1589,0.0693,60,0.009,45.696,37.9113,50.5387,3.0241,60,0.3904,9.5605,9.5349,9.6022,0.0159,60,0.0021,30.6924,30.662,30.7409,0.0183,60,0.0024,94.7671,94.517,95.035,0.1548,60,0.02,95.1317,94.8816,95.3996,0.1548,60,0.02,23.6591,23.6394,23.6903,0.0118,60,0.0015,23.6607,23.6409,23.6919,0.0118,60,0.0015,9.5705,9.5449,9.6123,0.0159,60,0.0021
2016-02-07T09:30:00.000 ,23,30.8749,30.827,30.918,0.0304,60,0.0039,1024.1154,1024.0844,1024.1431,0.02,60,0.0026,0.9062,0.7381,1.0872,0.1269,60,0.0164,39.5174,32.186,47.4123,5.5337,60,0.7144,9.59,9.5478,9.6275,0.0259,60,0.0033,30.7264,30.6787,30.7693,0.0302,60,0.0039,95.3213,95.046,95.61,0.1665,60,0.0215,95.6859,95.4106,95.9746,0.1665,60,0.0215,23.6809,23.6504,23.7085,0.0195,60,0.0025,23.6825,23.6519,23.7101,0.0195,60,0.0025,9.6001,9.5579,9.6377,0.026,60,0.0034
2016-02-07T10:30:00.000 ,23,30.8686,30.831,30.9065,0.024,60,0.0031,1024.1115,1024.0886,1024.1371,0.0157,60,0.002,0.9143,0.776,1.0689,0.0934,60,0.0121,39.8731,33.8383,46.616,4.073,60,0.5258,9.5989,9.5632,9.6201,0.0157,60,0.002,30.7201,30.6827,30.7578,0.0238,60,0.0031,95.8748,95.623,96.081,0.1379,60,0.0178,96.2394,95.9876,96.4456,0.1379,60,0.0178,23.6746,23.651,23.7013,0.0163,60,0.0021,23.6762,23.6526,23.7029,0.0163,60,0.0021,9.6091,9.5734,9.6303,0.0157,60,0.002
2016-02-07T11:30:00.000 ,23,30.8479,30.7896,30.9378,0.0449,60,0.0058,1024.0998,1024.061,1024.1601,0.0307,60,0.004,1.0122,0.7085,1.2233,0.1583,60,0.0204,44.1412,30.8952,53.3478,6.9049,60,0.8914,9.5833,9.525,9.6466,0.0287,60,0.0037,30.6995,30.6415,30.789,0.0446,60,0.0058,96.27,96.09,96.421,0.1026,60,0.0132,96.6346,96.4546,96.7856,0.1026,60,0.0132,23.661,23.6225,23.7208,0.0304,60,0.0039,23.6626,23.6241,23.7225,0.0305,60,0.0039,9.594,9.5352,9.6569,0.0287,60,0.0037
2016-02-07T12:30:00.000 ,23,30.8428,30.7635,30.9646,0.0455,60,0.0059,1024.0994,1024.0496,1024.1785,0.0295,60,0.0038,1.0354,0.6022,1.3626,0.1753,60,0.0226,45.1527,26.2616,59.4231,7.6448,60,0.9869,9.5684,9.4947,9.6616,0.037,60,0.0048,30.6944,30.6155,30.8156,0.0453,60,0.0058,96.5485,96.428,96.665,0.0749,60,0.0097,96.9131,96.7926,97.0296,0.0749,60,0.0097,23.6593,23.6093,23.7392,0.0296,60,0.0038,23.6609,23.6109,23.7408,0.0296,60,0.0038,9.5786,9.5049,9.6719,0.0371,60,0.0048
2016-02-07T13:30:00.000 ,23,30.9485,30.8876,30.9871,0.0303,60,0.0039,1024.1682,1024.1285,1024.1944,0.02,60,0.0026,0.6493,0.5139,0.8698,0.1098,60,0.0142,28.3123,22.4082,37.9292,4.7886,60,0.6182,9.6544,9.608,9.6784,0.0221,60,0.0028,30.7996,30.739,30.838,0.0301,60,0.0039,96.6494,96.6,96.681,0.027,60,0.0035,97.0141,96.9646,97.0456,0.027,60,0.0035,23.7279,23.6879,23.754,0.0201,60,0.0026,23.7295,23.6895,23.7557,0.0201,60,0.0026,9.6647,9.6183,9.6887,0.0221,60,0.0029
2016-02-07T14:30:00.000 ,23,30.9472,30.8884,30.9774,0.0301,60,0.0039,1024.1664,1024.127,1024.187,0.02,60,0.0026,0.6428,0.5405,0.8442,0.1004,60,0.013,28.0303,23.5672,36.8163,4.3808,60,0.5656,9.6565,9.6166,9.6804,0.0218,60,0.0028,30.7983,30.7398,30.8284,0.0299,60,0.0039,96.5637,96.484,96.6,0.0319,60,0.0041,96.9283,96.8486,96.9646,0.0319,60,0.0041,23.7265,23.687,23.747,0.0199,60,0.0026,23.7282,23.6887,23.7487,0.0199,60,0.0026,9.6668,9.6269,9.6907,0.0219,60,0.0028
2016-02-07T15:30:00.000 ,23,30.9117,30.8926,30.9239,0.0082,60,0.0011,1024.1423,1024.1286,1024.1511,0.0059,60,0.0008,0.7613,0.7202,0.838,0.0306,60,0.004,33.1978,31.4055,36.5456,1.3348,60,0.1723,9.6293,9.62,9.6362,0.0049,60,0.0006,30.763,30.744,30.7751,0.0082,60,0.0011,96.3523,96.256,96.483,0.0675,60,0.0087,96.7169,96.6206,96.8476,0.0675,60,0.0087,23.7033,23.6899,23.7118,0.0057,60,0.0007,23.7049,23.6915,23.7134,0.0057,60,0.0007,9.6396,9.6302,9.6465,0.0049,60,0.0006
2016-02-07T16:30:00.000 ,23,30.919,30.8542,31.0067,0.0353,60,0.0046,1024.146,1024.1032,1024.2062,0.0238,60,0.0031,0.7432,0.467,0.9754,0.1188,60,0.0153,32.4076,20.3642,42.5381,5.1803,60,0.6688,9.6367,9.5906,9.6831,0.0214,60,0.0028,30.7703,30.7058,30.8575,0.0351,60,0.0045,96.1752,96.069,96.257,0.0565,60,0.0073,96.5398,96.4336,96.6216,0.0565,60,0.0073,23.7078,23.6646,23.7685,0.024,60,0.0031,23.7094,23.6662,23.7701,0.024,60,0.0031,9.6469,9.6008,9.6934,0.0214,60,0.0028
2016-02-07T17:30:00.000 ,23,30.9841,30.9482,31.0166,0.0178,60,0.0023,1024.1895,1024.1648,1024.2117,0.0121,60,0.0016,0.512,0.4169,0.6271,0.0543,60,0.007,22.3269,18.1773,27.3478,2.3689,60,0.3058,9.6755,9.6559,9.6943,0.0109,60,0.0014,30.835,30.7993,30.8674,0.0177,60,0.0023,96.0127,95.988,96.063,0.0204,60,0.0026,96.3773,96.3526,96.4276,0.0204,60,0.0026,23.7522,23.7274,23.7744,0.0121,60,0.0016,23.7538,23.729,23.7761,0.0121,60,0.0016,9.6853,9.6616,9.7046,0.0113,60,0.0015
2016-02-07T18:30:00.000 ,23,30.947,30.906,30.9811,0.0214,60,0.0028,1024.1628,1024.1361,1024.1869,0.0141,60,0.0018,0.6297,0.519,0.7781,0.0735,60,0.0095,27.4602,22.6304,33.9309,3.2047,60,0.4137,9.6617,9.6281,9.6868,0.0178,60,0.0023,30.7981,30.7573,30.8321,0.0213,60,0.0027,95.9726,95.958,95.996,0.0123,60,0.0016,96.3372,96.3226,96.3606,0.0123,60,0.0016,23.7256,23.6988,23.7497,0.0141,60,0.0018,23.7272,23.7004,23.7513,0.0141,60,0.0018,9.6719,9.6383,9.6971,0.0178,60,0.0023
2016-02-07T19:30:00.000 ,23,30.8935,30.86,30.9173,0.0146,60,0.0019,1024.1279,1024.1061,1024.1429,0.0095,60,0.0012,0.8189,0.7251,0.9161,0.0518,60,0.0067,35.7111,31.6187,39.9522,2.2598,60,0.2917,9.6211,9.5943,9.642,0.0114,60,0.0015,30.7449,30.7115,30.7686,0.0146,60,0.0019,96.0014,95.96,96.061,0.0312,60,0.004,96.3661,96.3246,96.4256,0.0312,60,0.004,23.6904,23.6686,23.7056,0.0096,60,0.0012,23.692,23.6702,23.7073,0.0096,60,0.0012,9.6313,9.6045,9.6522,0.0114,60,0.0015
2016-02-07T20:30:00.000 ,23,30.8372,30.7577,30.8648,0.0251,60,0.0032,1024.0916,1024.0446,1024.1083,0.015,60,0.0019,1.0233,0.8987,1.3355,0.107,60,0.0138,44.6265,39.1914,58.2437,4.6662,60,0.6024,9.5795,9.4882,9.6064,0.0277,60,0.0036,30.6889,30.6097,30.7163,0.025,60,0.0032,96.1555,96.062,96.244,0.0558,60,0.0072,96.5201,96.4266,96.6086,0.0558,60,0.0072,23.6533,23.6058,23.6705,0.0152,60,0.002,23.6549,23.6074,23.6721,0.0152,60,0.002,9.5897,9.4983,9.6166,0.0277,60,0.0036
2016-02-07T21:30:00.000 ,23,30.8608,30.8207,30.905,0.0193,60,0.0025,1024.108,1024.0845,1024.138,0.0129,60,0.0017,0.9489,0.7775,1.0959,0.0732,60,0.0095,41.3799,33.9039,47.7909,3.1932,60,0.4122,9.596,9.5495,9.6246,0.0148,60,0.0019,30.7124,30.6724,30.7563,0.0192,60,0.0025,96.3097,96.245,96.379,0.0404,60,0.0052,96.6743,96.6096,96.7436,0.0404,60,0.0052,23.669,23.6452,23.6988,0.0129,60,0.0017,23.6706,23.6468,23.7004,0.0129,60,0.0017,9.6062,9.5597,9.6349,0.0148,60,0.0019
2016-02-07T22:30:00.000 ,23,30.8367,30.7915,30.9053,0.0292,60,0.0038,1024.0946,1024.0672,1024.1383,0.0183,60,0.0024,1.0264,0.7648,1.2082,0.1161,60,0.015,44.7604,33.3514,52.6921,5.0658,60,0.654,9.565,9.5176,9.6243,0.0273,60,0.0035,30.6883,30.6434,30.7566,0.029,60,0.0037,96.4075,96.383,96.424,0.0096,60,0.0012,96.7722,96.7476,96.7886,0.0096,60,0.0012,23.6552,23.6275,23.6991,0.0184,60,0.0024,23.6568,23.6291,23.7007,0.0184,60,0.0024,9.5752,9.5278,9.6346,0.0274,60,0.0035
2016-02-07T23:30:00.000 ,23,30.8061,30.7818,30.824,0.0096,60,0.0012,1024.076,1024.0607,1024.0878,0.0061,60,0.0008,1.1659,1.1135,1.262,0.0377,60,0.0049,50.8458,48.5602,55.0365,1.6435,60,0.2122,9.5326,9.5109,9.5464,0.0088,60,0.0011,30.6579,30.6337,30.6757,0.0096,60,0.0012,96.4152,96.362,96.437,0.0202,60,0.0026,96.7798,96.7266,96.8016,0.0202,60,0.0026,23.6365,23.621,23.6482,0.0061,60,0.0008,23.638,23.6226,23.6498,0.0061,60,0.0008,9.5428,9.5211,9.5566,0.0088,60,0.0011
